timestamp,name,pm2.5,meta.avg_frequency,meta.description,meta.host,meta.job,meta.missing,meta.node,meta.plugin,meta.sensor,meta.task,meta.units,meta.vsn,meta.zone,vsn
2026-07-10 16:05:07.242296490+00:00,aqt.particle.pm2.5,4.7,5min,Particulate Matter less than 2.5 microns in diameter,000048b02dd3c6d5.ws-nxcore,waggle-aqt530-5511,-9999.9,000048b02dd3c6d5,registry.sagecontinuum.org/kaludib/waggle-aqt530:1.00,vaisala-aqt530,waggle-aqt530,microgram per cubic meter,W095,core,W095
2026-07-10 16:10:06.485963338+00:00,aqt.particle.pm2.5,5.8,5min,Particulate Matter less than 2.5 microns in diameter,000048b02dd3c6d5.ws-nxcore,waggle-aqt530-5511,-9999.9,000048b02dd3c6d5,registry.sagecontinuum.org/kaludib/waggle-aqt530:1.00,vaisala-aqt530,waggle-aqt530,microgram per cubic meter,W095,core,W095
2026-07-10 16:15:06.726302157+00:00,aqt.particle.pm2.5,2.4,5min,Particulate Matter less than 2.5 microns in diameter,000048b02dd3c6d5.ws-nxcore,waggle-aqt530-5511,-9999.9,000048b02dd3c6d5,registry.sagecontinuum.org/kaludib/waggle-aqt530:1.00,vaisala-aqt530,waggle-aqt530,microgram per cubic meter,W095,core,W095
2026-07-10 16:20:06.948592799+00:00,aqt.particle.pm2.5,2.7,5min,Particulate Matter less than 2.5 microns in diameter,000048b02dd3c6d5.ws-nxcore,waggle-aqt530-5511,-9999.9,000048b02dd3c6d5,registry.sagecontinuum.org/kaludib/waggle-aqt530:1.00,vaisala-aqt530,waggle-aqt530,microgram per cubic meter,W095,core,W095
2026-07-10 16:25:07.184647043+00:00,aqt.particle.pm2.5,1.6,5min,Particulate Matter less than 2.5 microns in diameter,000048b02dd3c6d5.ws-nxcore,waggle-aqt530-5511,-9999.9,000048b02dd3c6d5,registry.sagecontinuum.org/kaludib/waggle-aqt530:1.00,vaisala-aqt530,waggle-aqt530,microgram per cubic meter,W095,core,W095
2026-07-10 16:30:07.266250552+00:00,aqt.particle.pm2.5,1.4,5min,Particulate Matter less than 2.5 microns in diameter,000048b02dd3c6d5.ws-nxcore,waggle-aqt530-5511,-9999.9,000048b02dd3c6d5,registry.sagecontinuum.org/kaludib/waggle-aqt530:1.00,vaisala-aqt530,waggle-aqt530,microgram per cubic meter,W095,core,W095
2026-07-10 16:35:06.453881893+00:00,aqt.particle.pm2.5,1.3,5min,Particulate Matter less than 2.5 microns in diameter,000048b02dd3c6d5.ws-nxcore,waggle-aqt530-5511,-9999.9,000048b02dd3c6d5,registry.sagecontinuum.org/kaludib/waggle-aqt530:1.00,vaisala-aqt530,waggle-aqt530,microgram per cubic meter,W095,core,W095
2026-07-10 16:40:06.718832974+00:00,aqt.particle.pm2.5,1.2,5min,Particulate Matter less than 2.5 microns in diameter,000048b02dd3c6d5.ws-nxcore,waggle-aqt530-5511,-9999.9,000048b02dd3c6d5,registry.sagecontinuum.org/kaludib/waggle-aqt530:1.00,vaisala-aqt530,waggle-aqt530,microgram per cubic meter,W095,core,W095
2026-07-10 16:45:06.952626956+00:00,aqt.particle.pm2.5,0.2,5min,Particulate Matter less than 2.5 microns in diameter,000048b02dd3c6d5.ws-nxcore,waggle-aqt530-5511,-9999.9,000048b02dd3c6d5,registry.sagecontinuum.org/kaludib/waggle-aqt530:1.00,vaisala-aqt530,waggle-aqt530,microgram per cubic meter,W095,core,W095
2026-07-10 16:50:07.088118673+00:00,aqt.particle.pm2.5,0.9,5min,Particulate Matter less than 2.5 microns in diameter,000048b02dd3c6d5.ws-nxcore,waggle-aqt530-5511,-9999.9,000048b02dd3c6d5,registry.sagecontinuum.org/kaludib/waggle-aqt530:1.00,vaisala-aqt530,waggle-aqt530,microgram per cubic meter,W095,core,W095
2026-07-10 16:55:06.367451373+00:00,aqt.particle.pm2.5,1.2,5min,Particulate Matter less than 2.5 microns in diameter,000048b02dd3c6d5.ws-nxcore,waggle-aqt530-5511,-9999.9,000048b02dd3c6d5,registry.sagecontinuum.org/kaludib/waggle-aqt530:1.00,vaisala-aqt530,waggle-aqt530,microgram per cubic meter,W095,core,W095
2026-07-10 17:00:06.596166650+00:00,aqt.particle.pm2.5,1.1,5min,Particulate Matter less than 2.5 microns in diameter,000048b02dd3c6d5.ws-nxcore,waggle-aqt530-5511,-9999.9,000048b02dd3c6d5,registry.sagecontinuum.org/kaludib/waggle-aqt530:1.00,vaisala-aqt530,waggle-aqt530,microgram per cubic meter,W095,core,W095
2026-07-10 17:05:06.742811502+00:00,aqt.particle.pm2.5,1.6,5min,Particulate Matter less than 2.5 microns in diameter,000048b02dd3c6d5.ws-nxcore,waggle-aqt530-5511,-9999.9,000048b02dd3c6d5,registry.sagecontinuum.org/kaludib/waggle-aqt530:1.00,vaisala-aqt530,waggle-aqt530,microgram per cubic meter,W095,core,W095
2026-07-10 17:10:06.936690833+00:00,aqt.particle.pm2.5,2.1,5min,Particulate Matter less than 2.5 microns in diameter,000048b02dd3c6d5.ws-nxcore,waggle-aqt530-5511,-9999.9,000048b02dd3c6d5,registry.sagecontinuum.org/kaludib/waggle-aqt530:1.00,vaisala-aqt530,waggle-aqt530,microgram per cubic meter,W095,core,W095
2026-07-10 17:15:07.155582906+00:00,aqt.particle.pm2.5,2.9,5min,Particulate Matter less than 2.5 microns in diameter,000048b02dd3c6d5.ws-nxcore,waggle-aqt530-5511,-9999.9,000048b02dd3c6d5,registry.sagecontinuum.org/kaludib/waggle-aqt530:1.00,vaisala-aqt530,waggle-aqt530,microgram per cubic meter,W095,core,W095
2026-07-10 17:20:06.360555254+00:00,aqt.particle.pm2.5,3.0,5min,Particulate Matter less than 2.5 microns in diameter,000048b02dd3c6d5.ws-nxcore,waggle-aqt530-5511,-9999.9,000048b02dd3c6d5,registry.sagecontinuum.org/kaludib/waggle-aqt530:1.00,vaisala-aqt530,waggle-aqt530,microgram per cubic meter,W095,core,W095
2026-07-10 17:25:06.571518016+00:00,aqt.particle.pm2.5,0.2,5min,Particulate Matter less than 2.5 microns in diameter,000048b02dd3c6d5.ws-nxcore,waggle-aqt530-5511,-9999.9,000048b02dd3c6d5,registry.sagecontinuum.org/kaludib/waggle-aqt530:1.00,vaisala-aqt530,waggle-aqt530,microgram per cubic meter,W095,core,W095
2026-07-10 17:30:06.850668514+00:00,aqt.particle.pm2.5,0.2,5min,Particulate Matter less than 2.5 microns in diameter,000048b02dd3c6d5.ws-nxcore,waggle-aqt530-5511,-9999.9,000048b02dd3c6d5,registry.sagecontinuum.org/kaludib/waggle-aqt530:1.00,vaisala-aqt530,waggle-aqt530,microgram per cubic meter,W095,core,W095
2026-07-10 17:35:07.226523986+00:00,aqt.particle.pm2.5,4.0,5min,Particulate Matter less than 2.5 microns in diameter,000048b02dd3c6d5.ws-nxcore,waggle-aqt530-5511,-9999.9,000048b02dd3c6d5,registry.sagecontinuum.org/kaludib/waggle-aqt530:1.00,vaisala-aqt530,waggle-aqt530,microgram per cubic meter,W095,core,W095
2026-07-10 17:40:07.314212360+00:00,aqt.particle.pm2.5,5.8,5min,Particulate Matter less than 2.5 microns in diameter,000048b02dd3c6d5.ws-nxcore,waggle-aqt530-5511,-9999.9,000048b02dd3c6d5,registry.sagecontinuum.org/kaludib/waggle-aqt530:1.00,vaisala-aqt530,waggle-aqt530,microgram per cubic meter,W095,core,W095
2026-07-10 17:45:06.504866182+00:00,aqt.particle.pm2.5,4.2,5min,Particulate Matter less than 2.5 microns in diameter,000048b02dd3c6d5.ws-nxcore,waggle-aqt530-5511,-9999.9,000048b02dd3c6d5,registry.sagecontinuum.org/kaludib/waggle-aqt530:1.00,vaisala-aqt530,waggle-aqt530,microgram per cubic meter,W095,core,W095
2026-07-10 17:50:06.683991644+00:00,aqt.particle.pm2.5,4.5,5min,Particulate Matter less than 2.5 microns in diameter,000048b02dd3c6d5.ws-nxcore,waggle-aqt530-5511,-9999.9,000048b02dd3c6d5,registry.sagecontinuum.org/kaludib/waggle-aqt530:1.00,vaisala-aqt530,waggle-aqt530,microgram per cubic meter,W095,core,W095
2026-07-10 17:55:06.888634703+00:00,aqt.particle.pm2.5,5.4,5min,Particulate Matter less than 2.5 microns in diameter,000048b02dd3c6d5.ws-nxcore,waggle-aqt530-5511,-9999.9,000048b02dd3c6d5,registry.sagecontinuum.org/kaludib/waggle-aqt530:1.00,vaisala-aqt530,waggle-aqt530,microgram per cubic meter,W095,core,W095
2026-07-10 18:00:07.100474384+00:00,aqt.particle.pm2.5,4.4,5min,Particulate Matter less than 2.5 microns in diameter,000048b02dd3c6d5.ws-nxcore,waggle-aqt530-5511,-9999.9,000048b02dd3c6d5,registry.sagecontinuum.org/kaludib/waggle-aqt530:1.00,vaisala-aqt530,waggle-aqt530,microgram per cubic meter,W095,core,W095
2026-07-10 18:05:06.318161709+00:00,aqt.particle.pm2.5,3.7,5min,Particulate Matter less than 2.5 microns in diameter,000048b02dd3c6d5.ws-nxcore,waggle-aqt530-5511,-9999.9,000048b02dd3c6d5,registry.sagecontinuum.org/kaludib/waggle-aqt530:1.00,vaisala-aqt530,waggle-aqt530,microgram per cubic meter,W095,core,W095
2026-07-10 18:10:06.523591450+00:00,aqt.particle.pm2.5,1.8,5min,Particulate Matter less than 2.5 microns in diameter,000048b02dd3c6d5.ws-nxcore,waggle-aqt530-5511,-9999.9,000048b02dd3c6d5,registry.sagecontinuum.org/kaludib/waggle-aqt530:1.00,vaisala-aqt530,waggle-aqt530,microgram per cubic meter,W095,core,W095
2026-07-10 18:15:06.741733322+00:00,aqt.particle.pm2.5,2.0,5min,Particulate Matter less than 2.5 microns in diameter,000048b02dd3c6d5.ws-nxcore,waggle-aqt530-5511,-9999.9,000048b02dd3c6d5,registry.sagecontinuum.org/kaludib/waggle-aqt530:1.00,vaisala-aqt530,waggle-aqt530,microgram per cubic meter,W095,core,W095
2026-07-10 18:20:06.959918095+00:00,aqt.particle.pm2.5,2.2,5min,Particulate Matter less than 2.5 microns in diameter,000048b02dd3c6d5.ws-nxcore,waggle-aqt530-5511,-9999.9,000048b02dd3c6d5,registry.sagecontinuum.org/kaludib/waggle-aqt530:1.00,vaisala-aqt530,waggle-aqt530,microgram per cubic meter,W095,core,W095
2026-07-10 18:25:07.162069836+00:00,aqt.particle.pm2.5,1.2,5min,Particulate Matter less than 2.5 microns in diameter,000048b02dd3c6d5.ws-nxcore,waggle-aqt530-5511,-9999.9,000048b02dd3c6d5,registry.sagecontinuum.org/kaludib/waggle-aqt530:1.00,vaisala-aqt530,waggle-aqt530,microgram per cubic meter,W095,core,W095
2026-07-10 18:30:06.385852731+00:00,aqt.particle.pm2.5,1.1,5min,Particulate Matter less than 2.5 microns in diameter,000048b02dd3c6d5.ws-nxcore,waggle-aqt530-5511,-9999.9,000048b02dd3c6d5,registry.sagecontinuum.org/kaludib/waggle-aqt530:1.00,vaisala-aqt530,waggle-aqt530,microgram per cubic meter,W095,core,W095
2026-07-10 18:35:06.592282870+00:00,aqt.particle.pm2.5,0.6,5min,Particulate Matter less than 2.5 microns in diameter,000048b02dd3c6d5.ws-nxcore,waggle-aqt530-5511,-9999.9,000048b02dd3c6d5,registry.sagecontinuum.org/kaludib/waggle-aqt530:1.00,vaisala-aqt530,waggle-aqt530,microgram per cubic meter,W095,core,W095
2026-07-10 18:40:06.821312933+00:00,aqt.particle.pm2.5,1.3,5min,Particulate Matter less than 2.5 microns in diameter,000048b02dd3c6d5.ws-nxcore,waggle-aqt530-5511,-9999.9,000048b02dd3c6d5,registry.sagecontinuum.org/kaludib/waggle-aqt530:1.00,vaisala-aqt530,waggle-aqt530,microgram per cubic meter,W095,core,W095
2026-07-10 18:45:07.030227251+00:00,aqt.particle.pm2.5,2.6,5min,Particulate Matter less than 2.5 microns in diameter,000048b02dd3c6d5.ws-nxcore,waggle-aqt530-5511,-9999.9,000048b02dd3c6d5,registry.sagecontinuum.org/kaludib/waggle-aqt530:1.00,vaisala-aqt530,waggle-aqt530,microgram per cubic meter,W095,core,W095
2026-07-10 18:50:06.244693376+00:00,aqt.particle.pm2.5,1.4,5min,Particulate Matter less than 2.5 microns in diameter,000048b02dd3c6d5.ws-nxcore,waggle-aqt530-5511,-9999.9,000048b02dd3c6d5,registry.sagecontinuum.org/kaludib/waggle-aqt530:1.00,vaisala-aqt530,waggle-aqt530,microgram per cubic meter,W095,core,W095
2026-07-10 18:55:06.465365703+00:00,aqt.particle.pm2.5,1.1,5min,Particulate Matter less than 2.5 microns in diameter,000048b02dd3c6d5.ws-nxcore,waggle-aqt530-5511,-9999.9,000048b02dd3c6d5,registry.sagecontinuum.org/kaludib/waggle-aqt530:1.00,vaisala-aqt530,waggle-aqt530,microgram per cubic meter,W095,core,W095
2026-07-10 19:00:06.685209102+00:00,aqt.particle.pm2.5,5.2,5min,Particulate Matter less than 2.5 microns in diameter,000048b02dd3c6d5.ws-nxcore,waggle-aqt530-5511,-9999.9,000048b02dd3c6d5,registry.sagecontinuum.org/kaludib/waggle-aqt530:1.00,vaisala-aqt530,waggle-aqt530,microgram per cubic meter,W095,core,W095
2026-07-10 19:05:06.890448710+00:00,aqt.particle.pm2.5,4.4,5min,Particulate Matter less than 2.5 microns in diameter,000048b02dd3c6d5.ws-nxcore,waggle-aqt530-5511,-9999.9,000048b02dd3c6d5,registry.sagecontinuum.org/kaludib/waggle-aqt530:1.00,vaisala-aqt530,waggle-aqt530,microgram per cubic meter,W095,core,W095
2026-07-10 19:10:07.112071552+00:00,aqt.particle.pm2.5,3.8,5min,Particulate Matter less than 2.5 microns in diameter,000048b02dd3c6d5.ws-nxcore,waggle-aqt530-5511,-9999.9,000048b02dd3c6d5,registry.sagecontinuum.org/kaludib/waggle-aqt530:1.00,vaisala-aqt530,waggle-aqt530,microgram per cubic meter,W095,core,W095
2026-07-10 19:15:06.343767276+00:00,aqt.particle.pm2.5,2.1,5min,Particulate Matter less than 2.5 microns in diameter,000048b02dd3c6d5.ws-nxcore,waggle-aqt530-5511,-9999.9,000048b02dd3c6d5,registry.sagecontinuum.org/kaludib/waggle-aqt530:1.00,vaisala-aqt530,waggle-aqt530,microgram per cubic meter,W095,core,W095
2026-07-10 19:20:06.551667697+00:00,aqt.particle.pm2.5,0.8,5min,Particulate Matter less than 2.5 microns in diameter,000048b02dd3c6d5.ws-nxcore,waggle-aqt530-5511,-9999.9,000048b02dd3c6d5,registry.sagecontinuum.org/kaludib/waggle-aqt530:1.00,vaisala-aqt530,waggle-aqt530,microgram per cubic meter,W095,core,W095
2026-07-10 19:25:06.757747323+00:00,aqt.particle.pm2.5,3.4,5min,Particulate Matter less than 2.5 microns in diameter,000048b02dd3c6d5.ws-nxcore,waggle-aqt530-5511,-9999.9,000048b02dd3c6d5,registry.sagecontinuum.org/kaludib/waggle-aqt530:1.00,vaisala-aqt530,waggle-aqt530,microgram per cubic meter,W095,core,W095
2026-07-10 19:30:06.979020287+00:00,aqt.particle.pm2.5,8.1,5min,Particulate Matter less than 2.5 microns in diameter,000048b02dd3c6d5.ws-nxcore,waggle-aqt530-5511,-9999.9,000048b02dd3c6d5,registry.sagecontinuum.org/kaludib/waggle-aqt530:1.00,vaisala-aqt530,waggle-aqt530,microgram per cubic meter,W095,core,W095
2026-07-10 19:35:07.199533038+00:00,aqt.particle.pm2.5,1.6,5min,Particulate Matter less than 2.5 microns in diameter,000048b02dd3c6d5.ws-nxcore,waggle-aqt530-5511,-9999.9,000048b02dd3c6d5,registry.sagecontinuum.org/kaludib/waggle-aqt530:1.00,vaisala-aqt530,waggle-aqt530,microgram per cubic meter,W095,core,W095
2026-07-10 19:40:06.413613961+00:00,aqt.particle.pm2.5,0.4,5min,Particulate Matter less than 2.5 microns in diameter,000048b02dd3c6d5.ws-nxcore,waggle-aqt530-5511,-9999.9,000048b02dd3c6d5,registry.sagecontinuum.org/kaludib/waggle-aqt530:1.00,vaisala-aqt530,waggle-aqt530,microgram per cubic meter,W095,core,W095
2026-07-10 19:45:06.621897362+00:00,aqt.particle.pm2.5,0.5,5min,Particulate Matter less than 2.5 microns in diameter,000048b02dd3c6d5.ws-nxcore,waggle-aqt530-5511,-9999.9,000048b02dd3c6d5,registry.sagecontinuum.org/kaludib/waggle-aqt530:1.00,vaisala-aqt530,waggle-aqt530,microgram per cubic meter,W095,core,W095
2026-07-10 19:50:06.845337957+00:00,aqt.particle.pm2.5,0.5,5min,Particulate Matter less than 2.5 microns in diameter,000048b02dd3c6d5.ws-nxcore,waggle-aqt530-5511,-9999.9,000048b02dd3c6d5,registry.sagecontinuum.org/kaludib/waggle-aqt530:1.00,vaisala-aqt530,waggle-aqt530,microgram per cubic meter,W095,core,W095
2026-07-10 19:55:07.067616078+00:00,aqt.particle.pm2.5,0.6,5min,Particulate Matter less than 2.5 microns in diameter,000048b02dd3c6d5.ws-nxcore,waggle-aqt530-5511,-9999.9,000048b02dd3c6d5,registry.sagecontinuum.org/kaludib/waggle-aqt530:1.00,vaisala-aqt530,waggle-aqt530,microgram per cubic meter,W095,core,W095
2026-07-10 20:00:06.283147858+00:00,aqt.particle.pm2.5,2.0,5min,Particulate Matter less than 2.5 microns in diameter,000048b02dd3c6d5.ws-nxcore,waggle-aqt530-5511,-9999.9,000048b02dd3c6d5,registry.sagecontinuum.org/kaludib/waggle-aqt530:1.00,vaisala-aqt530,waggle-aqt530,microgram per cubic meter,W095,core,W095
2026-07-10 20:05:06.489695548+00:00,aqt.particle.pm2.5,1.6,5min,Particulate Matter less than 2.5 microns in diameter,000048b02dd3c6d5.ws-nxcore,waggle-aqt530-5511,-9999.9,000048b02dd3c6d5,registry.sagecontinuum.org/kaludib/waggle-aqt530:1.00,vaisala-aqt530,waggle-aqt530,microgram per cubic meter,W095,core,W095
2026-07-10 20:10:06.710140374+00:00,aqt.particle.pm2.5,0.4,5min,Particulate Matter less than 2.5 microns in diameter,000048b02dd3c6d5.ws-nxcore,waggle-aqt530-5511,-9999.9,000048b02dd3c6d5,registry.sagecontinuum.org/kaludib/waggle-aqt530:1.00,vaisala-aqt530,waggle-aqt530,microgram per cubic meter,W095,core,W095
2026-07-10 20:15:06.931345897+00:00,aqt.particle.pm2.5,1.7,5min,Particulate Matter less than 2.5 microns in diameter,000048b02dd3c6d5.ws-nxcore,waggle-aqt530-5511,-9999.9,000048b02dd3c6d5,registry.sagecontinuum.org/kaludib/waggle-aqt530:1.00,vaisala-aqt530,waggle-aqt530,microgram per cubic meter,W095,core,W095
2026-07-10 20:20:07.137605965+00:00,aqt.particle.pm2.5,1.1,5min,Particulate Matter less than 2.5 microns in diameter,000048b02dd3c6d5.ws-nxcore,waggle-aqt530-5511,-9999.9,000048b02dd3c6d5,registry.sagecontinuum.org/kaludib/waggle-aqt530:1.00,vaisala-aqt530,waggle-aqt530,microgram per cubic meter,W095,core,W095
2026-07-10 20:25:06.350767400+00:00,aqt.particle.pm2.5,0.5,5min,Particulate Matter less than 2.5 microns in diameter,000048b02dd3c6d5.ws-nxcore,waggle-aqt530-5511,-9999.9,000048b02dd3c6d5,registry.sagecontinuum.org/kaludib/waggle-aqt530:1.00,vaisala-aqt530,waggle-aqt530,microgram per cubic meter,W095,core,W095
2026-07-10 20:30:06.571495163+00:00,aqt.particle.pm2.5,0.6,5min,Particulate Matter less than 2.5 microns in diameter,000048b02dd3c6d5.ws-nxcore,waggle-aqt530-5511,-9999.9,000048b02dd3c6d5,registry.sagecontinuum.org/kaludib/waggle-aqt530:1.00,vaisala-aqt530,waggle-aqt530,microgram per cubic meter,W095,core,W095
2026-07-10 20:35:06.816791873+00:00,aqt.particle.pm2.5,0.5,5min,Particulate Matter less than 2.5 microns in diameter,000048b02dd3c6d5.ws-nxcore,waggle-aqt530-5511,-9999.9,000048b02dd3c6d5,registry.sagecontinuum.org/kaludib/waggle-aqt530:1.00,vaisala-aqt530,waggle-aqt530,microgram per cubic meter,W095,core,W095
2026-07-10 20:40:07.069860936+00:00,aqt.particle.pm2.5,0.4,5min,Particulate Matter less than 2.5 microns in diameter,000048b02dd3c6d5.ws-nxcore,waggle-aqt530-5511,-9999.9,000048b02dd3c6d5,registry.sagecontinuum.org/kaludib/waggle-aqt530:1.00,vaisala-aqt530,waggle-aqt530,microgram per cubic meter,W095,core,W095
2026-07-10 20:45:06.320426668+00:00,aqt.particle.pm2.5,0.6,5min,Particulate Matter less than 2.5 microns in diameter,000048b02dd3c6d5.ws-nxcore,waggle-aqt530-5511,-9999.9,000048b02dd3c6d5,registry.sagecontinuum.org/kaludib/waggle-aqt530:1.00,vaisala-aqt530,waggle-aqt530,microgram per cubic meter,W095,core,W095
2026-07-10 20:50:06.542041612+00:00,aqt.particle.pm2.5,0.5,5min,Particulate Matter less than 2.5 microns in diameter,000048b02dd3c6d5.ws-nxcore,waggle-aqt530-5511,-9999.9,000048b02dd3c6d5,registry.sagecontinuum.org/kaludib/waggle-aqt530:1.00,vaisala-aqt530,waggle-aqt530,microgram per cubic meter,W095,core,W095
2026-07-10 20:55:06.775942086+00:00,aqt.particle.pm2.5,0.6,5min,Particulate Matter less than 2.5 microns in diameter,000048b02dd3c6d5.ws-nxcore,waggle-aqt530-5511,-9999.9,000048b02dd3c6d5,registry.sagecontinuum.org/kaludib/waggle-aqt530:1.00,vaisala-aqt530,waggle-aqt530,microgram per cubic meter,W095,core,W095
2026-07-10 21:00:06.938512899+00:00,aqt.particle.pm2.5,0.6,5min,Particulate Matter less than 2.5 microns in diameter,000048b02dd3c6d5.ws-nxcore,waggle-aqt530-5511,-9999.9,000048b02dd3c6d5,registry.sagecontinuum.org/kaludib/waggle-aqt530:1.00,vaisala-aqt530,waggle-aqt530,microgram per cubic meter,W095,core,W095
2026-07-10 21:05:07.042830593+00:00,aqt.particle.pm2.5,0.4,5min,Particulate Matter less than 2.5 microns in diameter,000048b02dd3c6d5.ws-nxcore,waggle-aqt530-5511,-9999.9,000048b02dd3c6d5,registry.sagecontinuum.org/kaludib/waggle-aqt530:1.00,vaisala-aqt530,waggle-aqt530,microgram per cubic meter,W095,core,W095
2026-07-10 21:10:06.259141757+00:00,aqt.particle.pm2.5,0.7,5min,Particulate Matter less than 2.5 microns in diameter,000048b02dd3c6d5.ws-nxcore,waggle-aqt530-5511,-9999.9,000048b02dd3c6d5,registry.sagecontinuum.org/kaludib/waggle-aqt530:1.00,vaisala-aqt530,waggle-aqt530,microgram per cubic meter,W095,core,W095
2026-07-10 21:15:06.479417054+00:00,aqt.particle.pm2.5,0.6,5min,Particulate Matter less than 2.5 microns in diameter,000048b02dd3c6d5.ws-nxcore,waggle-aqt530-5511,-9999.9,000048b02dd3c6d5,registry.sagecontinuum.org/kaludib/waggle-aqt530:1.00,vaisala-aqt530,waggle-aqt530,microgram per cubic meter,W095,core,W095
2026-07-10 21:20:06.688607723+00:00,aqt.particle.pm2.5,0.6,5min,Particulate Matter less than 2.5 microns in diameter,000048b02dd3c6d5.ws-nxcore,waggle-aqt530-5511,-9999.9,000048b02dd3c6d5,registry.sagecontinuum.org/kaludib/waggle-aqt530:1.00,vaisala-aqt530,waggle-aqt530,microgram per cubic meter,W095,core,W095
2026-07-10 21:25:06.904380367+00:00,aqt.particle.pm2.5,0.7,5min,Particulate Matter less than 2.5 microns in diameter,000048b02dd3c6d5.ws-nxcore,waggle-aqt530-5511,-9999.9,000048b02dd3c6d5,registry.sagecontinuum.org/kaludib/waggle-aqt530:1.00,vaisala-aqt530,waggle-aqt530,microgram per cubic meter,W095,core,W095
2026-07-10 21:30:07.115123577+00:00,aqt.particle.pm2.5,0.5,5min,Particulate Matter less than 2.5 microns in diameter,000048b02dd3c6d5.ws-nxcore,waggle-aqt530-5511,-9999.9,000048b02dd3c6d5,registry.sagecontinuum.org/kaludib/waggle-aqt530:1.00,vaisala-aqt530,waggle-aqt530,microgram per cubic meter,W095,core,W095
2026-07-10 21:35:06.317421061+00:00,aqt.particle.pm2.5,0.3,5min,Particulate Matter less than 2.5 microns in diameter,000048b02dd3c6d5.ws-nxcore,waggle-aqt530-5511,-9999.9,000048b02dd3c6d5,registry.sagecontinuum.org/kaludib/waggle-aqt530:1.00,vaisala-aqt530,waggle-aqt530,microgram per cubic meter,W095,core,W095
2026-07-10 21:40:06.515324591+00:00,aqt.particle.pm2.5,0.3,5min,Particulate Matter less than 2.5 microns in diameter,000048b02dd3c6d5.ws-nxcore,waggle-aqt530-5511,-9999.9,000048b02dd3c6d5,registry.sagecontinuum.org/kaludib/waggle-aqt530:1.00,vaisala-aqt530,waggle-aqt530,microgram per cubic meter,W095,core,W095
2026-07-10 21:45:06.776701114+00:00,aqt.particle.pm2.5,0.9,5min,Particulate Matter less than 2.5 microns in diameter,000048b02dd3c6d5.ws-nxcore,waggle-aqt530-5511,-9999.9,000048b02dd3c6d5,registry.sagecontinuum.org/kaludib/waggle-aqt530:1.00,vaisala-aqt530,waggle-aqt530,microgram per cubic meter,W095,core,W095
2026-07-10 21:50:07.013030144+00:00,aqt.particle.pm2.5,0.7,5min,Particulate Matter less than 2.5 microns in diameter,000048b02dd3c6d5.ws-nxcore,waggle-aqt530-5511,-9999.9,000048b02dd3c6d5,registry.sagecontinuum.org/kaludib/waggle-aqt530:1.00,vaisala-aqt530,waggle-aqt530,microgram per cubic meter,W095,core,W095
2026-07-10 21:55:06.230506693+00:00,aqt.particle.pm2.5,6.9,5min,Particulate Matter less than 2.5 microns in diameter,000048b02dd3c6d5.ws-nxcore,waggle-aqt530-5511,-9999.9,000048b02dd3c6d5,registry.sagecontinuum.org/kaludib/waggle-aqt530:1.00,vaisala-aqt530,waggle-aqt530,microgram per cubic meter,W095,core,W095
2026-07-10 22:00:06.443034397+00:00,aqt.particle.pm2.5,3.1,5min,Particulate Matter less than 2.5 microns in diameter,000048b02dd3c6d5.ws-nxcore,waggle-aqt530-5511,-9999.9,000048b02dd3c6d5,registry.sagecontinuum.org/kaludib/waggle-aqt530:1.00,vaisala-aqt530,waggle-aqt530,microgram per cubic meter,W095,core,W095
2026-07-10 22:05:06.667099623+00:00,aqt.particle.pm2.5,6.0,5min,Particulate Matter less than 2.5 microns in diameter,000048b02dd3c6d5.ws-nxcore,waggle-aqt530-5511,-9999.9,000048b02dd3c6d5,registry.sagecontinuum.org/kaludib/waggle-aqt530:1.00,vaisala-aqt530,waggle-aqt530,microgram per cubic meter,W095,core,W095
2026-07-10 22:10:06.897553021+00:00,aqt.particle.pm2.5,1.5,5min,Particulate Matter less than 2.5 microns in diameter,000048b02dd3c6d5.ws-nxcore,waggle-aqt530-5511,-9999.9,000048b02dd3c6d5,registry.sagecontinuum.org/kaludib/waggle-aqt530:1.00,vaisala-aqt530,waggle-aqt530,microgram per cubic meter,W095,core,W095
2026-07-10 22:15:07.114466583+00:00,aqt.particle.pm2.5,1.8,5min,Particulate Matter less than 2.5 microns in diameter,000048b02dd3c6d5.ws-nxcore,waggle-aqt530-5511,-9999.9,000048b02dd3c6d5,registry.sagecontinuum.org/kaludib/waggle-aqt530:1.00,vaisala-aqt530,waggle-aqt530,microgram per cubic meter,W095,core,W095
2026-07-10 22:20:06.336867417+00:00,aqt.particle.pm2.5,2.4,5min,Particulate Matter less than 2.5 microns in diameter,000048b02dd3c6d5.ws-nxcore,waggle-aqt530-5511,-9999.9,000048b02dd3c6d5,registry.sagecontinuum.org/kaludib/waggle-aqt530:1.00,vaisala-aqt530,waggle-aqt530,microgram per cubic meter,W095,core,W095
2026-07-10 22:25:06.564707021+00:00,aqt.particle.pm2.5,2.7,5min,Particulate Matter less than 2.5 microns in diameter,000048b02dd3c6d5.ws-nxcore,waggle-aqt530-5511,-9999.9,000048b02dd3c6d5,registry.sagecontinuum.org/kaludib/waggle-aqt530:1.00,vaisala-aqt530,waggle-aqt530,microgram per cubic meter,W095,core,W095
2026-07-10 22:30:06.792231368+00:00,aqt.particle.pm2.5,1.3,5min,Particulate Matter less than 2.5 microns in diameter,000048b02dd3c6d5.ws-nxcore,waggle-aqt530-5511,-9999.9,000048b02dd3c6d5,registry.sagecontinuum.org/kaludib/waggle-aqt530:1.00,vaisala-aqt530,waggle-aqt530,microgram per cubic meter,W095,core,W095
2026-07-10 22:35:07.005009521+00:00,aqt.particle.pm2.5,1.3,5min,Particulate Matter less than 2.5 microns in diameter,000048b02dd3c6d5.ws-nxcore,waggle-aqt530-5511,-9999.9,000048b02dd3c6d5,registry.sagecontinuum.org/kaludib/waggle-aqt530:1.00,vaisala-aqt530,waggle-aqt530,microgram per cubic meter,W095,core,W095
2026-07-10 22:40:06.227970124+00:00,aqt.particle.pm2.5,4.2,5min,Particulate Matter less than 2.5 microns in diameter,000048b02dd3c6d5.ws-nxcore,waggle-aqt530-5511,-9999.9,000048b02dd3c6d5,registry.sagecontinuum.org/kaludib/waggle-aqt530:1.00,vaisala-aqt530,waggle-aqt530,microgram per cubic meter,W095,core,W095
2026-07-10 22:45:06.423421565+00:00,aqt.particle.pm2.5,5.9,5min,Particulate Matter less than 2.5 microns in diameter,000048b02dd3c6d5.ws-nxcore,waggle-aqt530-5511,-9999.9,000048b02dd3c6d5,registry.sagecontinuum.org/kaludib/waggle-aqt530:1.00,vaisala-aqt530,waggle-aqt530,microgram per cubic meter,W095,core,W095
2026-07-10 22:50:06.610018234+00:00,aqt.particle.pm2.5,1.7,5min,Particulate Matter less than 2.5 microns in diameter,000048b02dd3c6d5.ws-nxcore,waggle-aqt530-5511,-9999.9,000048b02dd3c6d5,registry.sagecontinuum.org/kaludib/waggle-aqt530:1.00,vaisala-aqt530,waggle-aqt530,microgram per cubic meter,W095,core,W095
2026-07-10 22:55:06.816106490+00:00,aqt.particle.pm2.5,1.5,5min,Particulate Matter less than 2.5 microns in diameter,000048b02dd3c6d5.ws-nxcore,waggle-aqt530-5511,-9999.9,000048b02dd3c6d5,registry.sagecontinuum.org/kaludib/waggle-aqt530:1.00,vaisala-aqt530,waggle-aqt530,microgram per cubic meter,W095,core,W095
2026-07-10 23:00:07.030012717+00:00,aqt.particle.pm2.5,2.0,5min,Particulate Matter less than 2.5 microns in diameter,000048b02dd3c6d5.ws-nxcore,waggle-aqt530-5511,-9999.9,000048b02dd3c6d5,registry.sagecontinuum.org/kaludib/waggle-aqt530:1.00,vaisala-aqt530,waggle-aqt530,microgram per cubic meter,W095,core,W095
2026-07-10 23:05:06.237550364+00:00,aqt.particle.pm2.5,0.7,5min,Particulate Matter less than 2.5 microns in diameter,000048b02dd3c6d5.ws-nxcore,waggle-aqt530-5511,-9999.9,000048b02dd3c6d5,registry.sagecontinuum.org/kaludib/waggle-aqt530:1.00,vaisala-aqt530,waggle-aqt530,microgram per cubic meter,W095,core,W095
2026-07-10 23:10:06.439933663+00:00,aqt.particle.pm2.5,0.8,5min,Particulate Matter less than 2.5 microns in diameter,000048b02dd3c6d5.ws-nxcore,waggle-aqt530-5511,-9999.9,000048b02dd3c6d5,registry.sagecontinuum.org/kaludib/waggle-aqt530:1.00,vaisala-aqt530,waggle-aqt530,microgram per cubic meter,W095,core,W095
2026-07-10 23:15:06.657420603+00:00,aqt.particle.pm2.5,0.5,5min,Particulate Matter less than 2.5 microns in diameter,000048b02dd3c6d5.ws-nxcore,waggle-aqt530-5511,-9999.9,000048b02dd3c6d5,registry.sagecontinuum.org/kaludib/waggle-aqt530:1.00,vaisala-aqt530,waggle-aqt530,microgram per cubic meter,W095,core,W095
2026-07-10 23:20:06.917554078+00:00,aqt.particle.pm2.5,0.7,5min,Particulate Matter less than 2.5 microns in diameter,000048b02dd3c6d5.ws-nxcore,waggle-aqt530-5511,-9999.9,000048b02dd3c6d5,registry.sagecontinuum.org/kaludib/waggle-aqt530:1.00,vaisala-aqt530,waggle-aqt530,microgram per cubic meter,W095,core,W095
2026-07-10 23:25:06.159903164+00:00,aqt.particle.pm2.5,3.2,5min,Particulate Matter less than 2.5 microns in diameter,000048b02dd3c6d5.ws-nxcore,waggle-aqt530-5511,-9999.9,000048b02dd3c6d5,registry.sagecontinuum.org/kaludib/waggle-aqt530:1.00,vaisala-aqt530,waggle-aqt530,microgram per cubic meter,W095,core,W095
2026-07-10 23:30:06.385611030+00:00,aqt.particle.pm2.5,4.0,5min,Particulate Matter less than 2.5 microns in diameter,000048b02dd3c6d5.ws-nxcore,waggle-aqt530-5511,-9999.9,000048b02dd3c6d5,registry.sagecontinuum.org/kaludib/waggle-aqt530:1.00,vaisala-aqt530,waggle-aqt530,microgram per cubic meter,W095,core,W095
2026-07-10 23:35:06.616792268+00:00,aqt.particle.pm2.5,4.6,5min,Particulate Matter less than 2.5 microns in diameter,000048b02dd3c6d5.ws-nxcore,waggle-aqt530-5511,-9999.9,000048b02dd3c6d5,registry.sagecontinuum.org/kaludib/waggle-aqt530:1.00,vaisala-aqt530,waggle-aqt530,microgram per cubic meter,W095,core,W095
2026-07-10 23:40:06.846254212+00:00,aqt.particle.pm2.5,8.8,5min,Particulate Matter less than 2.5 microns in diameter,000048b02dd3c6d5.ws-nxcore,waggle-aqt530-5511,-9999.9,000048b02dd3c6d5,registry.sagecontinuum.org/kaludib/waggle-aqt530:1.00,vaisala-aqt530,waggle-aqt530,microgram per cubic meter,W095,core,W095
2026-07-10 23:45:07.060714345+00:00,aqt.particle.pm2.5,7.9,5min,Particulate Matter less than 2.5 microns in diameter,000048b02dd3c6d5.ws-nxcore,waggle-aqt530-5511,-9999.9,000048b02dd3c6d5,registry.sagecontinuum.org/kaludib/waggle-aqt530:1.00,vaisala-aqt530,waggle-aqt530,microgram per cubic meter,W095,core,W095
2026-07-10 23:50:06.277769950+00:00,aqt.particle.pm2.5,11.0,5min,Particulate Matter less than 2.5 microns in diameter,000048b02dd3c6d5.ws-nxcore,waggle-aqt530-5511,-9999.9,000048b02dd3c6d5,registry.sagecontinuum.org/kaludib/waggle-aqt530:1.00,vaisala-aqt530,waggle-aqt530,microgram per cubic meter,W095,core,W095
2026-07-10 23:55:06.954065433+00:00,aqt.particle.pm2.5,10.3,5min,Particulate Matter less than 2.5 microns in diameter,000048b02dd3c6d5.ws-nxcore,waggle-aqt530-5511,-9999.9,000048b02dd3c6d5,registry.sagecontinuum.org/kaludib/waggle-aqt530:1.00,vaisala-aqt530,waggle-aqt530,microgram per cubic meter,W095,core,W095
2026-07-11 00:00:06.681014222+00:00,aqt.particle.pm2.5,10.5,5min,Particulate Matter less than 2.5 microns in diameter,000048b02dd3c6d5.ws-nxcore,waggle-aqt530-5511,-9999.9,000048b02dd3c6d5,registry.sagecontinuum.org/kaludib/waggle-aqt530:1.00,vaisala-aqt530,waggle-aqt530,microgram per cubic meter,W095,core,W095
2026-07-11 00:05:06.880215464+00:00,aqt.particle.pm2.5,10.3,5min,Particulate Matter less than 2.5 microns in diameter,000048b02dd3c6d5.ws-nxcore,waggle-aqt530-5511,-9999.9,000048b02dd3c6d5,registry.sagecontinuum.org/kaludib/waggle-aqt530:1.00,vaisala-aqt530,waggle-aqt530,microgram per cubic meter,W095,core,W095
2026-07-11 00:10:07.098064984+00:00,aqt.particle.pm2.5,4.2,5min,Particulate Matter less than 2.5 microns in diameter,000048b02dd3c6d5.ws-nxcore,waggle-aqt530-5511,-9999.9,000048b02dd3c6d5,registry.sagecontinuum.org/kaludib/waggle-aqt530:1.00,vaisala-aqt530,waggle-aqt530,microgram per cubic meter,W095,core,W095
2026-07-11 00:15:06.307996818+00:00,aqt.particle.pm2.5,10.6,5min,Particulate Matter less than 2.5 microns in diameter,000048b02dd3c6d5.ws-nxcore,waggle-aqt530-5511,-9999.9,000048b02dd3c6d5,registry.sagecontinuum.org/kaludib/waggle-aqt530:1.00,vaisala-aqt530,waggle-aqt530,microgram per cubic meter,W095,core,W095
2026-07-11 00:20:06.527606610+00:00,aqt.particle.pm2.5,6.8,5min,Particulate Matter less than 2.5 microns in diameter,000048b02dd3c6d5.ws-nxcore,waggle-aqt530-5511,-9999.9,000048b02dd3c6d5,registry.sagecontinuum.org/kaludib/waggle-aqt530:1.00,vaisala-aqt530,waggle-aqt530,microgram per cubic meter,W095,core,W095
2026-07-11 00:25:06.733520782+00:00,aqt.particle.pm2.5,0.9,5min,Particulate Matter less than 2.5 microns in diameter,000048b02dd3c6d5.ws-nxcore,waggle-aqt530-5511,-9999.9,000048b02dd3c6d5,registry.sagecontinuum.org/kaludib/waggle-aqt530:1.00,vaisala-aqt530,waggle-aqt530,microgram per cubic meter,W095,core,W095
2026-07-11 00:30:06.935843455+00:00,aqt.particle.pm2.5,0.6,5min,Particulate Matter less than 2.5 microns in diameter,000048b02dd3c6d5.ws-nxcore,waggle-aqt530-5511,-9999.9,000048b02dd3c6d5,registry.sagecontinuum.org/kaludib/waggle-aqt530:1.00,vaisala-aqt530,waggle-aqt530,microgram per cubic meter,W095,core,W095
2026-07-11 00:35:06.147229821+00:00,aqt.particle.pm2.5,2.8,5min,Particulate Matter less than 2.5 microns in diameter,000048b02dd3c6d5.ws-nxcore,waggle-aqt530-5511,-9999.9,000048b02dd3c6d5,registry.sagecontinuum.org/kaludib/waggle-aqt530:1.00,vaisala-aqt530,waggle-aqt530,microgram per cubic meter,W095,core,W095
2026-07-11 00:40:06.357838141+00:00,aqt.particle.pm2.5,0.8,5min,Particulate Matter less than 2.5 microns in diameter,000048b02dd3c6d5.ws-nxcore,waggle-aqt530-5511,-9999.9,000048b02dd3c6d5,registry.sagecontinuum.org/kaludib/waggle-aqt530:1.00,vaisala-aqt530,waggle-aqt530,microgram per cubic meter,W095,core,W095
2026-07-11 00:45:06.556288497+00:00,aqt.particle.pm2.5,1.8,5min,Particulate Matter less than 2.5 microns in diameter,000048b02dd3c6d5.ws-nxcore,waggle-aqt530-5511,-9999.9,000048b02dd3c6d5,registry.sagecontinuum.org/kaludib/waggle-aqt530:1.00,vaisala-aqt530,waggle-aqt530,microgram per cubic meter,W095,core,W095
2026-07-11 00:50:06.772451519+00:00,aqt.particle.pm2.5,1.9,5min,Particulate Matter less than 2.5 microns in diameter,000048b02dd3c6d5.ws-nxcore,waggle-aqt530-5511,-9999.9,000048b02dd3c6d5,registry.sagecontinuum.org/kaludib/waggle-aqt530:1.00,vaisala-aqt530,waggle-aqt530,microgram per cubic meter,W095,core,W095
2026-07-11 00:55:06.988309606+00:00,aqt.particle.pm2.5,2.0,5min,Particulate Matter less than 2.5 microns in diameter,000048b02dd3c6d5.ws-nxcore,waggle-aqt530-5511,-9999.9,000048b02dd3c6d5,registry.sagecontinuum.org/kaludib/waggle-aqt530:1.00,vaisala-aqt530,waggle-aqt530,microgram per cubic meter,W095,core,W095
2026-07-11 01:00:06.194434363+00:00,aqt.particle.pm2.5,3.6,5min,Particulate Matter less than 2.5 microns in diameter,000048b02dd3c6d5.ws-nxcore,waggle-aqt530-5511,-9999.9,000048b02dd3c6d5,registry.sagecontinuum.org/kaludib/waggle-aqt530:1.00,vaisala-aqt530,waggle-aqt530,microgram per cubic meter,W095,core,W095
2026-07-11 01:05:06.387977344+00:00,aqt.particle.pm2.5,4.2,5min,Particulate Matter less than 2.5 microns in diameter,000048b02dd3c6d5.ws-nxcore,waggle-aqt530-5511,-9999.9,000048b02dd3c6d5,registry.sagecontinuum.org/kaludib/waggle-aqt530:1.00,vaisala-aqt530,waggle-aqt530,microgram per cubic meter,W095,core,W095
2026-07-11 01:10:06.599907122+00:00,aqt.particle.pm2.5,3.8,5min,Particulate Matter less than 2.5 microns in diameter,000048b02dd3c6d5.ws-nxcore,waggle-aqt530-5511,-9999.9,000048b02dd3c6d5,registry.sagecontinuum.org/kaludib/waggle-aqt530:1.00,vaisala-aqt530,waggle-aqt530,microgram per cubic meter,W095,core,W095
2026-07-11 01:15:06.813272056+00:00,aqt.particle.pm2.5,4.9,5min,Particulate Matter less than 2.5 microns in diameter,000048b02dd3c6d5.ws-nxcore,waggle-aqt530-5511,-9999.9,000048b02dd3c6d5,registry.sagecontinuum.org/kaludib/waggle-aqt530:1.00,vaisala-aqt530,waggle-aqt530,microgram per cubic meter,W095,core,W095
2026-07-11 01:20:06.020706681+00:00,aqt.particle.pm2.5,4.6,5min,Particulate Matter less than 2.5 microns in diameter,000048b02dd3c6d5.ws-nxcore,waggle-aqt530-5511,-9999.9,000048b02dd3c6d5,registry.sagecontinuum.org/kaludib/waggle-aqt530:1.00,vaisala-aqt530,waggle-aqt530,microgram per cubic meter,W095,core,W095
2026-07-11 01:25:06.221694798+00:00,aqt.particle.pm2.5,3.6,5min,Particulate Matter less than 2.5 microns in diameter,000048b02dd3c6d5.ws-nxcore,waggle-aqt530-5511,-9999.9,000048b02dd3c6d5,registry.sagecontinuum.org/kaludib/waggle-aqt530:1.00,vaisala-aqt530,waggle-aqt530,microgram per cubic meter,W095,core,W095
2026-07-11 01:30:06.437634064+00:00,aqt.particle.pm2.5,4.7,5min,Particulate Matter less than 2.5 microns in diameter,000048b02dd3c6d5.ws-nxcore,waggle-aqt530-5511,-9999.9,000048b02dd3c6d5,registry.sagecontinuum.org/kaludib/waggle-aqt530:1.00,vaisala-aqt530,waggle-aqt530,microgram per cubic meter,W095,core,W095
2026-07-11 01:35:06.660119605+00:00,aqt.particle.pm2.5,5.3,5min,Particulate Matter less than 2.5 microns in diameter,000048b02dd3c6d5.ws-nxcore,waggle-aqt530-5511,-9999.9,000048b02dd3c6d5,registry.sagecontinuum.org/kaludib/waggle-aqt530:1.00,vaisala-aqt530,waggle-aqt530,microgram per cubic meter,W095,core,W095
2026-07-11 01:40:06.870110459+00:00,aqt.particle.pm2.5,4.4,5min,Particulate Matter less than 2.5 microns in diameter,000048b02dd3c6d5.ws-nxcore,waggle-aqt530-5511,-9999.9,000048b02dd3c6d5,registry.sagecontinuum.org/kaludib/waggle-aqt530:1.00,vaisala-aqt530,waggle-aqt530,microgram per cubic meter,W095,core,W095
2026-07-11 01:45:06.084036276+00:00,aqt.particle.pm2.5,3.3,5min,Particulate Matter less than 2.5 microns in diameter,000048b02dd3c6d5.ws-nxcore,waggle-aqt530-5511,-9999.9,000048b02dd3c6d5,registry.sagecontinuum.org/kaludib/waggle-aqt530:1.00,vaisala-aqt530,waggle-aqt530,microgram per cubic meter,W095,core,W095
2026-07-11 01:50:06.303871608+00:00,aqt.particle.pm2.5,3.4,5min,Particulate Matter less than 2.5 microns in diameter,000048b02dd3c6d5.ws-nxcore,waggle-aqt530-5511,-9999.9,000048b02dd3c6d5,registry.sagecontinuum.org/kaludib/waggle-aqt530:1.00,vaisala-aqt530,waggle-aqt530,microgram per cubic meter,W095,core,W095
2026-07-11 01:55:06.522199648+00:00,aqt.particle.pm2.5,3.3,5min,Particulate Matter less than 2.5 microns in diameter,000048b02dd3c6d5.ws-nxcore,waggle-aqt530-5511,-9999.9,000048b02dd3c6d5,registry.sagecontinuum.org/kaludib/waggle-aqt530:1.00,vaisala-aqt530,waggle-aqt530,microgram per cubic meter,W095,core,W095
2026-07-11 02:00:06.727213595+00:00,aqt.particle.pm2.5,3.5,5min,Particulate Matter less than 2.5 microns in diameter,000048b02dd3c6d5.ws-nxcore,waggle-aqt530-5511,-9999.9,000048b02dd3c6d5,registry.sagecontinuum.org/kaludib/waggle-aqt530:1.00,vaisala-aqt530,waggle-aqt530,microgram per cubic meter,W095,core,W095
2026-07-11 02:05:06.944072955+00:00,aqt.particle.pm2.5,3.5,5min,Particulate Matter less than 2.5 microns in diameter,000048b02dd3c6d5.ws-nxcore,waggle-aqt530-5511,-9999.9,000048b02dd3c6d5,registry.sagecontinuum.org/kaludib/waggle-aqt530:1.00,vaisala-aqt530,waggle-aqt530,microgram per cubic meter,W095,core,W095
2026-07-11 02:10:06.168800253+00:00,aqt.particle.pm2.5,4.9,5min,Particulate Matter less than 2.5 microns in diameter,000048b02dd3c6d5.ws-nxcore,waggle-aqt530-5511,-9999.9,000048b02dd3c6d5,registry.sagecontinuum.org/kaludib/waggle-aqt530:1.00,vaisala-aqt530,waggle-aqt530,microgram per cubic meter,W095,core,W095
2026-07-11 02:15:06.397806533+00:00,aqt.particle.pm2.5,4.4,5min,Particulate Matter less than 2.5 microns in diameter,000048b02dd3c6d5.ws-nxcore,waggle-aqt530-5511,-9999.9,000048b02dd3c6d5,registry.sagecontinuum.org/kaludib/waggle-aqt530:1.00,vaisala-aqt530,waggle-aqt530,microgram per cubic meter,W095,core,W095
2026-07-11 02:20:06.609274197+00:00,aqt.particle.pm2.5,3.0,5min,Particulate Matter less than 2.5 microns in diameter,000048b02dd3c6d5.ws-nxcore,waggle-aqt530-5511,-9999.9,000048b02dd3c6d5,registry.sagecontinuum.org/kaludib/waggle-aqt530:1.00,vaisala-aqt530,waggle-aqt530,microgram per cubic meter,W095,core,W095
2026-07-11 02:25:06.833416295+00:00,aqt.particle.pm2.5,3.2,5min,Particulate Matter less than 2.5 microns in diameter,000048b02dd3c6d5.ws-nxcore,waggle-aqt530-5511,-9999.9,000048b02dd3c6d5,registry.sagecontinuum.org/kaludib/waggle-aqt530:1.00,vaisala-aqt530,waggle-aqt530,microgram per cubic meter,W095,core,W095
2026-07-11 02:30:06.128338293+00:00,aqt.particle.pm2.5,3.3,5min,Particulate Matter less than 2.5 microns in diameter,000048b02dd3c6d5.ws-nxcore,waggle-aqt530-5511,-9999.9,000048b02dd3c6d5,registry.sagecontinuum.org/kaludib/waggle-aqt530:1.00,vaisala-aqt530,waggle-aqt530,microgram per cubic meter,W095,core,W095
2026-07-11 02:35:06.269768112+00:00,aqt.particle.pm2.5,3.5,5min,Particulate Matter less than 2.5 microns in diameter,000048b02dd3c6d5.ws-nxcore,waggle-aqt530-5511,-9999.9,000048b02dd3c6d5,registry.sagecontinuum.org/kaludib/waggle-aqt530:1.00,vaisala-aqt530,waggle-aqt530,microgram per cubic meter,W095,core,W095
2026-07-11 02:40:06.503636581+00:00,aqt.particle.pm2.5,3.9,5min,Particulate Matter less than 2.5 microns in diameter,000048b02dd3c6d5.ws-nxcore,waggle-aqt530-5511,-9999.9,000048b02dd3c6d5,registry.sagecontinuum.org/kaludib/waggle-aqt530:1.00,vaisala-aqt530,waggle-aqt530,microgram per cubic meter,W095,core,W095
2026-07-11 02:45:06.706543372+00:00,aqt.particle.pm2.5,3.9,5min,Particulate Matter less than 2.5 microns in diameter,000048b02dd3c6d5.ws-nxcore,waggle-aqt530-5511,-9999.9,000048b02dd3c6d5,registry.sagecontinuum.org/kaludib/waggle-aqt530:1.00,vaisala-aqt530,waggle-aqt530,microgram per cubic meter,W095,core,W095
2026-07-11 02:50:06.935960504+00:00,aqt.particle.pm2.5,4.0,5min,Particulate Matter less than 2.5 microns in diameter,000048b02dd3c6d5.ws-nxcore,waggle-aqt530-5511,-9999.9,000048b02dd3c6d5,registry.sagecontinuum.org/kaludib/waggle-aqt530:1.00,vaisala-aqt530,waggle-aqt530,microgram per cubic meter,W095,core,W095
2026-07-11 02:55:06.154998528+00:00,aqt.particle.pm2.5,4.7,5min,Particulate Matter less than 2.5 microns in diameter,000048b02dd3c6d5.ws-nxcore,waggle-aqt530-5511,-9999.9,000048b02dd3c6d5,registry.sagecontinuum.org/kaludib/waggle-aqt530:1.00,vaisala-aqt530,waggle-aqt530,microgram per cubic meter,W095,core,W095
2026-07-11 03:00:06.381061736+00:00,aqt.particle.pm2.5,2.0,5min,Particulate Matter less than 2.5 microns in diameter,000048b02dd3c6d5.ws-nxcore,waggle-aqt530-5511,-9999.9,000048b02dd3c6d5,registry.sagecontinuum.org/kaludib/waggle-aqt530:1.00,vaisala-aqt530,waggle-aqt530,microgram per cubic meter,W095,core,W095
2026-07-11 03:05:06.589113045+00:00,aqt.particle.pm2.5,0.4,5min,Particulate Matter less than 2.5 microns in diameter,000048b02dd3c6d5.ws-nxcore,waggle-aqt530-5511,-9999.9,000048b02dd3c6d5,registry.sagecontinuum.org/kaludib/waggle-aqt530:1.00,vaisala-aqt530,waggle-aqt530,microgram per cubic meter,W095,core,W095
2026-07-11 03:10:06.813762380+00:00,aqt.particle.pm2.5,2.2,5min,Particulate Matter less than 2.5 microns in diameter,000048b02dd3c6d5.ws-nxcore,waggle-aqt530-5511,-9999.9,000048b02dd3c6d5,registry.sagecontinuum.org/kaludib/waggle-aqt530:1.00,vaisala-aqt530,waggle-aqt530,microgram per cubic meter,W095,core,W095
2026-07-11 03:15:06.028823738+00:00,aqt.particle.pm2.5,1.6,5min,Particulate Matter less than 2.5 microns in diameter,000048b02dd3c6d5.ws-nxcore,waggle-aqt530-5511,-9999.9,000048b02dd3c6d5,registry.sagecontinuum.org/kaludib/waggle-aqt530:1.00,vaisala-aqt530,waggle-aqt530,microgram per cubic meter,W095,core,W095
2026-07-11 03:20:06.255764375+00:00,aqt.particle.pm2.5,0.6,5min,Particulate Matter less than 2.5 microns in diameter,000048b02dd3c6d5.ws-nxcore,waggle-aqt530-5511,-9999.9,000048b02dd3c6d5,registry.sagecontinuum.org/kaludib/waggle-aqt530:1.00,vaisala-aqt530,waggle-aqt530,microgram per cubic meter,W095,core,W095
2026-07-11 03:25:06.461294322+00:00,aqt.particle.pm2.5,0.4,5min,Particulate Matter less than 2.5 microns in diameter,000048b02dd3c6d5.ws-nxcore,waggle-aqt530-5511,-9999.9,000048b02dd3c6d5,registry.sagecontinuum.org/kaludib/waggle-aqt530:1.00,vaisala-aqt530,waggle-aqt530,microgram per cubic meter,W095,core,W095
2026-07-11 03:30:06.684595985+00:00,aqt.particle.pm2.5,0.2,5min,Particulate Matter less than 2.5 microns in diameter,000048b02dd3c6d5.ws-nxcore,waggle-aqt530-5511,-9999.9,000048b02dd3c6d5,registry.sagecontinuum.org/kaludib/waggle-aqt530:1.00,vaisala-aqt530,waggle-aqt530,microgram per cubic meter,W095,core,W095
2026-07-11 03:35:06.907266306+00:00,aqt.particle.pm2.5,0.1,5min,Particulate Matter less than 2.5 microns in diameter,000048b02dd3c6d5.ws-nxcore,waggle-aqt530-5511,-9999.9,000048b02dd3c6d5,registry.sagecontinuum.org/kaludib/waggle-aqt530:1.00,vaisala-aqt530,waggle-aqt530,microgram per cubic meter,W095,core,W095
2026-07-11 03:40:06.122852435+00:00,aqt.particle.pm2.5,0.1,5min,Particulate Matter less than 2.5 microns in diameter,000048b02dd3c6d5.ws-nxcore,waggle-aqt530-5511,-9999.9,000048b02dd3c6d5,registry.sagecontinuum.org/kaludib/waggle-aqt530:1.00,vaisala-aqt530,waggle-aqt530,microgram per cubic meter,W095,core,W095
2026-07-11 03:45:06.331072164+00:00,aqt.particle.pm2.5,0.1,5min,Particulate Matter less than 2.5 microns in diameter,000048b02dd3c6d5.ws-nxcore,waggle-aqt530-5511,-9999.9,000048b02dd3c6d5,registry.sagecontinuum.org/kaludib/waggle-aqt530:1.00,vaisala-aqt530,waggle-aqt530,microgram per cubic meter,W095,core,W095
2026-07-11 03:50:06.572515731+00:00,aqt.particle.pm2.5,0.5,5min,Particulate Matter less than 2.5 microns in diameter,000048b02dd3c6d5.ws-nxcore,waggle-aqt530-5511,-9999.9,000048b02dd3c6d5,registry.sagecontinuum.org/kaludib/waggle-aqt530:1.00,vaisala-aqt530,waggle-aqt530,microgram per cubic meter,W095,core,W095
2026-07-11 03:55:06.727415837+00:00,aqt.particle.pm2.5,0.2,5min,Particulate Matter less than 2.5 microns in diameter,000048b02dd3c6d5.ws-nxcore,waggle-aqt530-5511,-9999.9,000048b02dd3c6d5,registry.sagecontinuum.org/kaludib/waggle-aqt530:1.00,vaisala-aqt530,waggle-aqt530,microgram per cubic meter,W095,core,W095
2026-07-11 04:00:05.916663943+00:00,aqt.particle.pm2.5,0.2,5min,Particulate Matter less than 2.5 microns in diameter,000048b02dd3c6d5.ws-nxcore,waggle-aqt530-5511,-9999.9,000048b02dd3c6d5,registry.sagecontinuum.org/kaludib/waggle-aqt530:1.00,vaisala-aqt530,waggle-aqt530,microgram per cubic meter,W095,core,W095
2026-07-11 04:05:06.108978427+00:00,aqt.particle.pm2.5,0.1,5min,Particulate Matter less than 2.5 microns in diameter,000048b02dd3c6d5.ws-nxcore,waggle-aqt530-5511,-9999.9,000048b02dd3c6d5,registry.sagecontinuum.org/kaludib/waggle-aqt530:1.00,vaisala-aqt530,waggle-aqt530,microgram per cubic meter,W095,core,W095
2026-07-11 04:10:06.319482406+00:00,aqt.particle.pm2.5,0.2,5min,Particulate Matter less than 2.5 microns in diameter,000048b02dd3c6d5.ws-nxcore,waggle-aqt530-5511,-9999.9,000048b02dd3c6d5,registry.sagecontinuum.org/kaludib/waggle-aqt530:1.00,vaisala-aqt530,waggle-aqt530,microgram per cubic meter,W095,core,W095
2026-07-11 04:15:06.532906061+00:00,aqt.particle.pm2.5,0.2,5min,Particulate Matter less than 2.5 microns in diameter,000048b02dd3c6d5.ws-nxcore,waggle-aqt530-5511,-9999.9,000048b02dd3c6d5,registry.sagecontinuum.org/kaludib/waggle-aqt530:1.00,vaisala-aqt530,waggle-aqt530,microgram per cubic meter,W095,core,W095
2026-07-11 04:20:06.733959072+00:00,aqt.particle.pm2.5,0.3,5min,Particulate Matter less than 2.5 microns in diameter,000048b02dd3c6d5.ws-nxcore,waggle-aqt530-5511,-9999.9,000048b02dd3c6d5,registry.sagecontinuum.org/kaludib/waggle-aqt530:1.00,vaisala-aqt530,waggle-aqt530,microgram per cubic meter,W095,core,W095
2026-07-11 04:25:05.959789259+00:00,aqt.particle.pm2.5,3.8,5min,Particulate Matter less than 2.5 microns in diameter,000048b02dd3c6d5.ws-nxcore,waggle-aqt530-5511,-9999.9,000048b02dd3c6d5,registry.sagecontinuum.org/kaludib/waggle-aqt530:1.00,vaisala-aqt530,waggle-aqt530,microgram per cubic meter,W095,core,W095
2026-07-11 04:30:06.169489100+00:00,aqt.particle.pm2.5,4.8,5min,Particulate Matter less than 2.5 microns in diameter,000048b02dd3c6d5.ws-nxcore,waggle-aqt530-5511,-9999.9,000048b02dd3c6d5,registry.sagecontinuum.org/kaludib/waggle-aqt530:1.00,vaisala-aqt530,waggle-aqt530,microgram per cubic meter,W095,core,W095
2026-07-11 04:35:06.386050452+00:00,aqt.particle.pm2.5,12.3,5min,Particulate Matter less than 2.5 microns in diameter,000048b02dd3c6d5.ws-nxcore,waggle-aqt530-5511,-9999.9,000048b02dd3c6d5,registry.sagecontinuum.org/kaludib/waggle-aqt530:1.00,vaisala-aqt530,waggle-aqt530,microgram per cubic meter,W095,core,W095
2026-07-11 04:40:06.611824746+00:00,aqt.particle.pm2.5,15.3,5min,Particulate Matter less than 2.5 microns in diameter,000048b02dd3c6d5.ws-nxcore,waggle-aqt530-5511,-9999.9,000048b02dd3c6d5,registry.sagecontinuum.org/kaludib/waggle-aqt530:1.00,vaisala-aqt530,waggle-aqt530,microgram per cubic meter,W095,core,W095
2026-07-11 04:45:06.808481499+00:00,aqt.particle.pm2.5,4.1,5min,Particulate Matter less than 2.5 microns in diameter,000048b02dd3c6d5.ws-nxcore,waggle-aqt530-5511,-9999.9,000048b02dd3c6d5,registry.sagecontinuum.org/kaludib/waggle-aqt530:1.00,vaisala-aqt530,waggle-aqt530,microgram per cubic meter,W095,core,W095
2026-07-11 04:50:06.019100117+00:00,aqt.particle.pm2.5,3.1,5min,Particulate Matter less than 2.5 microns in diameter,000048b02dd3c6d5.ws-nxcore,waggle-aqt530-5511,-9999.9,000048b02dd3c6d5,registry.sagecontinuum.org/kaludib/waggle-aqt530:1.00,vaisala-aqt530,waggle-aqt530,microgram per cubic meter,W095,core,W095
2026-07-11 04:55:06.237180483+00:00,aqt.particle.pm2.5,5.4,5min,Particulate Matter less than 2.5 microns in diameter,000048b02dd3c6d5.ws-nxcore,waggle-aqt530-5511,-9999.9,000048b02dd3c6d5,registry.sagecontinuum.org/kaludib/waggle-aqt530:1.00,vaisala-aqt530,waggle-aqt530,microgram per cubic meter,W095,core,W095
2026-07-11 05:00:06.455994019+00:00,aqt.particle.pm2.5,6.7,5min,Particulate Matter less than 2.5 microns in diameter,000048b02dd3c6d5.ws-nxcore,waggle-aqt530-5511,-9999.9,000048b02dd3c6d5,registry.sagecontinuum.org/kaludib/waggle-aqt530:1.00,vaisala-aqt530,waggle-aqt530,microgram per cubic meter,W095,core,W095
2026-07-11 05:05:06.658257103+00:00,aqt.particle.pm2.5,0.8,5min,Particulate Matter less than 2.5 microns in diameter,000048b02dd3c6d5.ws-nxcore,waggle-aqt530-5511,-9999.9,000048b02dd3c6d5,registry.sagecontinuum.org/kaludib/waggle-aqt530:1.00,vaisala-aqt530,waggle-aqt530,microgram per cubic meter,W095,core,W095
2026-07-11 05:10:05.869769979+00:00,aqt.particle.pm2.5,0.4,5min,Particulate Matter less than 2.5 microns in diameter,000048b02dd3c6d5.ws-nxcore,waggle-aqt530-5511,-9999.9,000048b02dd3c6d5,registry.sagecontinuum.org/kaludib/waggle-aqt530:1.00,vaisala-aqt530,waggle-aqt530,microgram per cubic meter,W095,core,W095
2026-07-11 05:15:06.087079120+00:00,aqt.particle.pm2.5,0.9,5min,Particulate Matter less than 2.5 microns in diameter,000048b02dd3c6d5.ws-nxcore,waggle-aqt530-5511,-9999.9,000048b02dd3c6d5,registry.sagecontinuum.org/kaludib/waggle-aqt530:1.00,vaisala-aqt530,waggle-aqt530,microgram per cubic meter,W095,core,W095
2026-07-11 05:20:06.305039118+00:00,aqt.particle.pm2.5,2.6,5min,Particulate Matter less than 2.5 microns in diameter,000048b02dd3c6d5.ws-nxcore,waggle-aqt530-5511,-9999.9,000048b02dd3c6d5,registry.sagecontinuum.org/kaludib/waggle-aqt530:1.00,vaisala-aqt530,waggle-aqt530,microgram per cubic meter,W095,core,W095
2026-07-11 05:25:06.508593225+00:00,aqt.particle.pm2.5,3.1,5min,Particulate Matter less than 2.5 microns in diameter,000048b02dd3c6d5.ws-nxcore,waggle-aqt530-5511,-9999.9,000048b02dd3c6d5,registry.sagecontinuum.org/kaludib/waggle-aqt530:1.00,vaisala-aqt530,waggle-aqt530,microgram per cubic meter,W095,core,W095
2026-07-11 05:30:06.725391858+00:00,aqt.particle.pm2.5,8.6,5min,Particulate Matter less than 2.5 microns in diameter,000048b02dd3c6d5.ws-nxcore,waggle-aqt530-5511,-9999.9,000048b02dd3c6d5,registry.sagecontinuum.org/kaludib/waggle-aqt530:1.00,vaisala-aqt530,waggle-aqt530,microgram per cubic meter,W095,core,W095
2026-07-11 05:35:05.935502764+00:00,aqt.particle.pm2.5,10.7,5min,Particulate Matter less than 2.5 microns in diameter,000048b02dd3c6d5.ws-nxcore,waggle-aqt530-5511,-9999.9,000048b02dd3c6d5,registry.sagecontinuum.org/kaludib/waggle-aqt530:1.00,vaisala-aqt530,waggle-aqt530,microgram per cubic meter,W095,core,W095
2026-07-11 05:40:06.152819615+00:00,aqt.particle.pm2.5,9.1,5min,Particulate Matter less than 2.5 microns in diameter,000048b02dd3c6d5.ws-nxcore,waggle-aqt530-5511,-9999.9,000048b02dd3c6d5,registry.sagecontinuum.org/kaludib/waggle-aqt530:1.00,vaisala-aqt530,waggle-aqt530,microgram per cubic meter,W095,core,W095
2026-07-11 05:45:06.356446882+00:00,aqt.particle.pm2.5,3.1,5min,Particulate Matter less than 2.5 microns in diameter,000048b02dd3c6d5.ws-nxcore,waggle-aqt530-5511,-9999.9,000048b02dd3c6d5,registry.sagecontinuum.org/kaludib/waggle-aqt530:1.00,vaisala-aqt530,waggle-aqt530,microgram per cubic meter,W095,core,W095
2026-07-11 05:50:06.609228794+00:00,aqt.particle.pm2.5,3.8,5min,Particulate Matter less than 2.5 microns in diameter,000048b02dd3c6d5.ws-nxcore,waggle-aqt530-5511,-9999.9,000048b02dd3c6d5,registry.sagecontinuum.org/kaludib/waggle-aqt530:1.00,vaisala-aqt530,waggle-aqt530,microgram per cubic meter,W095,core,W095
2026-07-11 05:55:05.872947975+00:00,aqt.particle.pm2.5,1.1,5min,Particulate Matter less than 2.5 microns in diameter,000048b02dd3c6d5.ws-nxcore,waggle-aqt530-5511,-9999.9,000048b02dd3c6d5,registry.sagecontinuum.org/kaludib/waggle-aqt530:1.00,vaisala-aqt530,waggle-aqt530,microgram per cubic meter,W095,core,W095
2026-07-11 06:00:06.108874204+00:00,aqt.particle.pm2.5,0.2,5min,Particulate Matter less than 2.5 microns in diameter,000048b02dd3c6d5.ws-nxcore,waggle-aqt530-5511,-9999.9,000048b02dd3c6d5,registry.sagecontinuum.org/kaludib/waggle-aqt530:1.00,vaisala-aqt530,waggle-aqt530,microgram per cubic meter,W095,core,W095
2026-07-11 06:05:06.341397839+00:00,aqt.particle.pm2.5,0.2,5min,Particulate Matter less than 2.5 microns in diameter,000048b02dd3c6d5.ws-nxcore,waggle-aqt530-5511,-9999.9,000048b02dd3c6d5,registry.sagecontinuum.org/kaludib/waggle-aqt530:1.00,vaisala-aqt530,waggle-aqt530,microgram per cubic meter,W095,core,W095
2026-07-11 06:10:06.544595336+00:00,aqt.particle.pm2.5,0.2,5min,Particulate Matter less than 2.5 microns in diameter,000048b02dd3c6d5.ws-nxcore,waggle-aqt530-5511,-9999.9,000048b02dd3c6d5,registry.sagecontinuum.org/kaludib/waggle-aqt530:1.00,vaisala-aqt530,waggle-aqt530,microgram per cubic meter,W095,core,W095
2026-07-11 06:15:06.764710381+00:00,aqt.particle.pm2.5,0.2,5min,Particulate Matter less than 2.5 microns in diameter,000048b02dd3c6d5.ws-nxcore,waggle-aqt530-5511,-9999.9,000048b02dd3c6d5,registry.sagecontinuum.org/kaludib/waggle-aqt530:1.00,vaisala-aqt530,waggle-aqt530,microgram per cubic meter,W095,core,W095
2026-07-11 06:20:05.981647685+00:00,aqt.particle.pm2.5,0.3,5min,Particulate Matter less than 2.5 microns in diameter,000048b02dd3c6d5.ws-nxcore,waggle-aqt530-5511,-9999.9,000048b02dd3c6d5,registry.sagecontinuum.org/kaludib/waggle-aqt530:1.00,vaisala-aqt530,waggle-aqt530,microgram per cubic meter,W095,core,W095
2026-07-11 06:25:06.207369+00:00,aqt.particle.pm2.5,0.2,5min,Particulate Matter less than 2.5 microns in diameter,000048b02dd3c6d5.ws-nxcore,waggle-aqt530-5511,-9999.9,000048b02dd3c6d5,registry.sagecontinuum.org/kaludib/waggle-aqt530:1.00,vaisala-aqt530,waggle-aqt530,microgram per cubic meter,W095,core,W095
2026-07-11 06:30:06.421989465+00:00,aqt.particle.pm2.5,0.3,5min,Particulate Matter less than 2.5 microns in diameter,000048b02dd3c6d5.ws-nxcore,waggle-aqt530-5511,-9999.9,000048b02dd3c6d5,registry.sagecontinuum.org/kaludib/waggle-aqt530:1.00,vaisala-aqt530,waggle-aqt530,microgram per cubic meter,W095,core,W095
2026-07-11 06:35:06.648413080+00:00,aqt.particle.pm2.5,0.2,5min,Particulate Matter less than 2.5 microns in diameter,000048b02dd3c6d5.ws-nxcore,waggle-aqt530-5511,-9999.9,000048b02dd3c6d5,registry.sagecontinuum.org/kaludib/waggle-aqt530:1.00,vaisala-aqt530,waggle-aqt530,microgram per cubic meter,W095,core,W095
2026-07-11 06:40:05.871918221+00:00,aqt.particle.pm2.5,0.2,5min,Particulate Matter less than 2.5 microns in diameter,000048b02dd3c6d5.ws-nxcore,waggle-aqt530-5511,-9999.9,000048b02dd3c6d5,registry.sagecontinuum.org/kaludib/waggle-aqt530:1.00,vaisala-aqt530,waggle-aqt530,microgram per cubic meter,W095,core,W095
2026-07-11 06:45:06.027533921+00:00,aqt.particle.pm2.5,0.2,5min,Particulate Matter less than 2.5 microns in diameter,000048b02dd3c6d5.ws-nxcore,waggle-aqt530-5511,-9999.9,000048b02dd3c6d5,registry.sagecontinuum.org/kaludib/waggle-aqt530:1.00,vaisala-aqt530,waggle-aqt530,microgram per cubic meter,W095,core,W095
2026-07-11 06:50:06.203195514+00:00,aqt.particle.pm2.5,0.1,5min,Particulate Matter less than 2.5 microns in diameter,000048b02dd3c6d5.ws-nxcore,waggle-aqt530-5511,-9999.9,000048b02dd3c6d5,registry.sagecontinuum.org/kaludib/waggle-aqt530:1.00,vaisala-aqt530,waggle-aqt530,microgram per cubic meter,W095,core,W095
2026-07-11 06:55:06.405372269+00:00,aqt.particle.pm2.5,0.1,5min,Particulate Matter less than 2.5 microns in diameter,000048b02dd3c6d5.ws-nxcore,waggle-aqt530-5511,-9999.9,000048b02dd3c6d5,registry.sagecontinuum.org/kaludib/waggle-aqt530:1.00,vaisala-aqt530,waggle-aqt530,microgram per cubic meter,W095,core,W095
2026-07-11 07:00:06.614846069+00:00,aqt.particle.pm2.5,0.1,5min,Particulate Matter less than 2.5 microns in diameter,000048b02dd3c6d5.ws-nxcore,waggle-aqt530-5511,-9999.9,000048b02dd3c6d5,registry.sagecontinuum.org/kaludib/waggle-aqt530:1.00,vaisala-aqt530,waggle-aqt530,microgram per cubic meter,W095,core,W095
2026-07-11 07:05:05.821747718+00:00,aqt.particle.pm2.5,0.1,5min,Particulate Matter less than 2.5 microns in diameter,000048b02dd3c6d5.ws-nxcore,waggle-aqt530-5511,-9999.9,000048b02dd3c6d5,registry.sagecontinuum.org/kaludib/waggle-aqt530:1.00,vaisala-aqt530,waggle-aqt530,microgram per cubic meter,W095,core,W095
2026-07-11 07:10:06.024709789+00:00,aqt.particle.pm2.5,0.2,5min,Particulate Matter less than 2.5 microns in diameter,000048b02dd3c6d5.ws-nxcore,waggle-aqt530-5511,-9999.9,000048b02dd3c6d5,registry.sagecontinuum.org/kaludib/waggle-aqt530:1.00,vaisala-aqt530,waggle-aqt530,microgram per cubic meter,W095,core,W095
2026-07-11 07:15:06.253072313+00:00,aqt.particle.pm2.5,1.3,5min,Particulate Matter less than 2.5 microns in diameter,000048b02dd3c6d5.ws-nxcore,waggle-aqt530-5511,-9999.9,000048b02dd3c6d5,registry.sagecontinuum.org/kaludib/waggle-aqt530:1.00,vaisala-aqt530,waggle-aqt530,microgram per cubic meter,W095,core,W095
2026-07-11 07:20:06.502150403+00:00,aqt.particle.pm2.5,1.5,5min,Particulate Matter less than 2.5 microns in diameter,000048b02dd3c6d5.ws-nxcore,waggle-aqt530-5511,-9999.9,000048b02dd3c6d5,registry.sagecontinuum.org/kaludib/waggle-aqt530:1.00,vaisala-aqt530,waggle-aqt530,microgram per cubic meter,W095,core,W095
2026-07-11 07:25:06.726153471+00:00,aqt.particle.pm2.5,2.4,5min,Particulate Matter less than 2.5 microns in diameter,000048b02dd3c6d5.ws-nxcore,waggle-aqt530-5511,-9999.9,000048b02dd3c6d5,registry.sagecontinuum.org/kaludib/waggle-aqt530:1.00,vaisala-aqt530,waggle-aqt530,microgram per cubic meter,W095,core,W095
2026-07-11 07:30:05.950811867+00:00,aqt.particle.pm2.5,2.7,5min,Particulate Matter less than 2.5 microns in diameter,000048b02dd3c6d5.ws-nxcore,waggle-aqt530-5511,-9999.9,000048b02dd3c6d5,registry.sagecontinuum.org/kaludib/waggle-aqt530:1.00,vaisala-aqt530,waggle-aqt530,microgram per cubic meter,W095,core,W095
2026-07-11 07:35:06.180522004+00:00,aqt.particle.pm2.5,2.1,5min,Particulate Matter less than 2.5 microns in diameter,000048b02dd3c6d5.ws-nxcore,waggle-aqt530-5511,-9999.9,000048b02dd3c6d5,registry.sagecontinuum.org/kaludib/waggle-aqt530:1.00,vaisala-aqt530,waggle-aqt530,microgram per cubic meter,W095,core,W095
2026-07-11 07:40:06.408328267+00:00,aqt.particle.pm2.5,2.2,5min,Particulate Matter less than 2.5 microns in diameter,000048b02dd3c6d5.ws-nxcore,waggle-aqt530-5511,-9999.9,000048b02dd3c6d5,registry.sagecontinuum.org/kaludib/waggle-aqt530:1.00,vaisala-aqt530,waggle-aqt530,microgram per cubic meter,W095,core,W095
2026-07-11 07:45:06.631926001+00:00,aqt.particle.pm2.5,2.3,5min,Particulate Matter less than 2.5 microns in diameter,000048b02dd3c6d5.ws-nxcore,waggle-aqt530-5511,-9999.9,000048b02dd3c6d5,registry.sagecontinuum.org/kaludib/waggle-aqt530:1.00,vaisala-aqt530,waggle-aqt530,microgram per cubic meter,W095,core,W095
2026-07-11 07:50:05.827418944+00:00,aqt.particle.pm2.5,2.5,5min,Particulate Matter less than 2.5 microns in diameter,000048b02dd3c6d5.ws-nxcore,waggle-aqt530-5511,-9999.9,000048b02dd3c6d5,registry.sagecontinuum.org/kaludib/waggle-aqt530:1.00,vaisala-aqt530,waggle-aqt530,microgram per cubic meter,W095,core,W095
2026-07-11 07:55:06.001572473+00:00,aqt.particle.pm2.5,3.4,5min,Particulate Matter less than 2.5 microns in diameter,000048b02dd3c6d5.ws-nxcore,waggle-aqt530-5511,-9999.9,000048b02dd3c6d5,registry.sagecontinuum.org/kaludib/waggle-aqt530:1.00,vaisala-aqt530,waggle-aqt530,microgram per cubic meter,W095,core,W095
2026-07-11 08:00:06.204079790+00:00,aqt.particle.pm2.5,3.2,5min,Particulate Matter less than 2.5 microns in diameter,000048b02dd3c6d5.ws-nxcore,waggle-aqt530-5511,-9999.9,000048b02dd3c6d5,registry.sagecontinuum.org/kaludib/waggle-aqt530:1.00,vaisala-aqt530,waggle-aqt530,microgram per cubic meter,W095,core,W095
2026-07-11 08:05:06.408603030+00:00,aqt.particle.pm2.5,2.7,5min,Particulate Matter less than 2.5 microns in diameter,000048b02dd3c6d5.ws-nxcore,waggle-aqt530-5511,-9999.9,000048b02dd3c6d5,registry.sagecontinuum.org/kaludib/waggle-aqt530:1.00,vaisala-aqt530,waggle-aqt530,microgram per cubic meter,W095,core,W095
2026-07-11 08:10:06.604777209+00:00,aqt.particle.pm2.5,2.7,5min,Particulate Matter less than 2.5 microns in diameter,000048b02dd3c6d5.ws-nxcore,waggle-aqt530-5511,-9999.9,000048b02dd3c6d5,registry.sagecontinuum.org/kaludib/waggle-aqt530:1.00,vaisala-aqt530,waggle-aqt530,microgram per cubic meter,W095,core,W095
2026-07-11 08:15:05.810718132+00:00,aqt.particle.pm2.5,2.4,5min,Particulate Matter less than 2.5 microns in diameter,000048b02dd3c6d5.ws-nxcore,waggle-aqt530-5511,-9999.9,000048b02dd3c6d5,registry.sagecontinuum.org/kaludib/waggle-aqt530:1.00,vaisala-aqt530,waggle-aqt530,microgram per cubic meter,W095,core,W095
2026-07-11 08:20:06.024508349+00:00,aqt.particle.pm2.5,3.1,5min,Particulate Matter less than 2.5 microns in diameter,000048b02dd3c6d5.ws-nxcore,waggle-aqt530-5511,-9999.9,000048b02dd3c6d5,registry.sagecontinuum.org/kaludib/waggle-aqt530:1.00,vaisala-aqt530,waggle-aqt530,microgram per cubic meter,W095,core,W095
2026-07-11 08:25:06.240814256+00:00,aqt.particle.pm2.5,2.8,5min,Particulate Matter less than 2.5 microns in diameter,000048b02dd3c6d5.ws-nxcore,waggle-aqt530-5511,-9999.9,000048b02dd3c6d5,registry.sagecontinuum.org/kaludib/waggle-aqt530:1.00,vaisala-aqt530,waggle-aqt530,microgram per cubic meter,W095,core,W095
2026-07-11 08:30:06.443101752+00:00,aqt.particle.pm2.5,2.3,5min,Particulate Matter less than 2.5 microns in diameter,000048b02dd3c6d5.ws-nxcore,waggle-aqt530-5511,-9999.9,000048b02dd3c6d5,registry.sagecontinuum.org/kaludib/waggle-aqt530:1.00,vaisala-aqt530,waggle-aqt530,microgram per cubic meter,W095,core,W095
2026-07-11 08:35:05.651755446+00:00,aqt.particle.pm2.5,2.6,5min,Particulate Matter less than 2.5 microns in diameter,000048b02dd3c6d5.ws-nxcore,waggle-aqt530-5511,-9999.9,000048b02dd3c6d5,registry.sagecontinuum.org/kaludib/waggle-aqt530:1.00,vaisala-aqt530,waggle-aqt530,microgram per cubic meter,W095,core,W095
2026-07-11 08:40:05.868450542+00:00,aqt.particle.pm2.5,2.5,5min,Particulate Matter less than 2.5 microns in diameter,000048b02dd3c6d5.ws-nxcore,waggle-aqt530-5511,-9999.9,000048b02dd3c6d5,registry.sagecontinuum.org/kaludib/waggle-aqt530:1.00,vaisala-aqt530,waggle-aqt530,microgram per cubic meter,W095,core,W095
2026-07-11 08:45:06.083714914+00:00,aqt.particle.pm2.5,2.2,5min,Particulate Matter less than 2.5 microns in diameter,000048b02dd3c6d5.ws-nxcore,waggle-aqt530-5511,-9999.9,000048b02dd3c6d5,registry.sagecontinuum.org/kaludib/waggle-aqt530:1.00,vaisala-aqt530,waggle-aqt530,microgram per cubic meter,W095,core,W095
2026-07-11 08:50:06.285055421+00:00,aqt.particle.pm2.5,2.2,5min,Particulate Matter less than 2.5 microns in diameter,000048b02dd3c6d5.ws-nxcore,waggle-aqt530-5511,-9999.9,000048b02dd3c6d5,registry.sagecontinuum.org/kaludib/waggle-aqt530:1.00,vaisala-aqt530,waggle-aqt530,microgram per cubic meter,W095,core,W095
2026-07-11 08:55:06.501056995+00:00,aqt.particle.pm2.5,2.5,5min,Particulate Matter less than 2.5 microns in diameter,000048b02dd3c6d5.ws-nxcore,waggle-aqt530-5511,-9999.9,000048b02dd3c6d5,registry.sagecontinuum.org/kaludib/waggle-aqt530:1.00,vaisala-aqt530,waggle-aqt530,microgram per cubic meter,W095,core,W095
2026-07-11 09:00:05.744845624+00:00,aqt.particle.pm2.5,3.5,5min,Particulate Matter less than 2.5 microns in diameter,000048b02dd3c6d5.ws-nxcore,waggle-aqt530-5511,-9999.9,000048b02dd3c6d5,registry.sagecontinuum.org/kaludib/waggle-aqt530:1.00,vaisala-aqt530,waggle-aqt530,microgram per cubic meter,W095,core,W095
2026-07-11 09:05:05.989783876+00:00,aqt.particle.pm2.5,2.6,5min,Particulate Matter less than 2.5 microns in diameter,000048b02dd3c6d5.ws-nxcore,waggle-aqt530-5511,-9999.9,000048b02dd3c6d5,registry.sagecontinuum.org/kaludib/waggle-aqt530:1.00,vaisala-aqt530,waggle-aqt530,microgram per cubic meter,W095,core,W095
2026-07-11 09:10:06.216334486+00:00,aqt.particle.pm2.5,1.9,5min,Particulate Matter less than 2.5 microns in diameter,000048b02dd3c6d5.ws-nxcore,waggle-aqt530-5511,-9999.9,000048b02dd3c6d5,registry.sagecontinuum.org/kaludib/waggle-aqt530:1.00,vaisala-aqt530,waggle-aqt530,microgram per cubic meter,W095,core,W095
2026-07-11 09:15:06.439875970+00:00,aqt.particle.pm2.5,1.5,5min,Particulate Matter less than 2.5 microns in diameter,000048b02dd3c6d5.ws-nxcore,waggle-aqt530-5511,-9999.9,000048b02dd3c6d5,registry.sagecontinuum.org/kaludib/waggle-aqt530:1.00,vaisala-aqt530,waggle-aqt530,microgram per cubic meter,W095,core,W095
2026-07-11 09:20:06.664579813+00:00,aqt.particle.pm2.5,1.1,5min,Particulate Matter less than 2.5 microns in diameter,000048b02dd3c6d5.ws-nxcore,waggle-aqt530-5511,-9999.9,000048b02dd3c6d5,registry.sagecontinuum.org/kaludib/waggle-aqt530:1.00,vaisala-aqt530,waggle-aqt530,microgram per cubic meter,W095,core,W095
2026-07-11 09:25:05.883096702+00:00,aqt.particle.pm2.5,0.7,5min,Particulate Matter less than 2.5 microns in diameter,000048b02dd3c6d5.ws-nxcore,waggle-aqt530-5511,-9999.9,000048b02dd3c6d5,registry.sagecontinuum.org/kaludib/waggle-aqt530:1.00,vaisala-aqt530,waggle-aqt530,microgram per cubic meter,W095,core,W095
2026-07-11 09:30:06.105279154+00:00,aqt.particle.pm2.5,0.5,5min,Particulate Matter less than 2.5 microns in diameter,000048b02dd3c6d5.ws-nxcore,waggle-aqt530-5511,-9999.9,000048b02dd3c6d5,registry.sagecontinuum.org/kaludib/waggle-aqt530:1.00,vaisala-aqt530,waggle-aqt530,microgram per cubic meter,W095,core,W095
2026-07-11 09:35:06.274541676+00:00,aqt.particle.pm2.5,0.1,5min,Particulate Matter less than 2.5 microns in diameter,000048b02dd3c6d5.ws-nxcore,waggle-aqt530-5511,-9999.9,000048b02dd3c6d5,registry.sagecontinuum.org/kaludib/waggle-aqt530:1.00,vaisala-aqt530,waggle-aqt530,microgram per cubic meter,W095,core,W095
2026-07-11 09:40:06.475983297+00:00,aqt.particle.pm2.5,0.1,5min,Particulate Matter less than 2.5 microns in diameter,000048b02dd3c6d5.ws-nxcore,waggle-aqt530-5511,-9999.9,000048b02dd3c6d5,registry.sagecontinuum.org/kaludib/waggle-aqt530:1.00,vaisala-aqt530,waggle-aqt530,microgram per cubic meter,W095,core,W095
2026-07-11 09:45:05.678377320+00:00,aqt.particle.pm2.5,0.2,5min,Particulate Matter less than 2.5 microns in diameter,000048b02dd3c6d5.ws-nxcore,waggle-aqt530-5511,-9999.9,000048b02dd3c6d5,registry.sagecontinuum.org/kaludib/waggle-aqt530:1.00,vaisala-aqt530,waggle-aqt530,microgram per cubic meter,W095,core,W095
2026-07-11 09:50:05.878082929+00:00,aqt.particle.pm2.5,0.2,5min,Particulate Matter less than 2.5 microns in diameter,000048b02dd3c6d5.ws-nxcore,waggle-aqt530-5511,-9999.9,000048b02dd3c6d5,registry.sagecontinuum.org/kaludib/waggle-aqt530:1.00,vaisala-aqt530,waggle-aqt530,microgram per cubic meter,W095,core,W095
2026-07-11 09:55:06.076757516+00:00,aqt.particle.pm2.5,0.1,5min,Particulate Matter less than 2.5 microns in diameter,000048b02dd3c6d5.ws-nxcore,waggle-aqt530-5511,-9999.9,000048b02dd3c6d5,registry.sagecontinuum.org/kaludib/waggle-aqt530:1.00,vaisala-aqt530,waggle-aqt530,microgram per cubic meter,W095,core,W095
2026-07-11 10:00:06.292604857+00:00,aqt.particle.pm2.5,0.1,5min,Particulate Matter less than 2.5 microns in diameter,000048b02dd3c6d5.ws-nxcore,waggle-aqt530-5511,-9999.9,000048b02dd3c6d5,registry.sagecontinuum.org/kaludib/waggle-aqt530:1.00,vaisala-aqt530,waggle-aqt530,microgram per cubic meter,W095,core,W095
2026-07-11 10:05:06.506066323+00:00,aqt.particle.pm2.5,0.2,5min,Particulate Matter less than 2.5 microns in diameter,000048b02dd3c6d5.ws-nxcore,waggle-aqt530-5511,-9999.9,000048b02dd3c6d5,registry.sagecontinuum.org/kaludib/waggle-aqt530:1.00,vaisala-aqt530,waggle-aqt530,microgram per cubic meter,W095,core,W095
2026-07-11 10:10:05.714392331+00:00,aqt.particle.pm2.5,0.2,5min,Particulate Matter less than 2.5 microns in diameter,000048b02dd3c6d5.ws-nxcore,waggle-aqt530-5511,-9999.9,000048b02dd3c6d5,registry.sagecontinuum.org/kaludib/waggle-aqt530:1.00,vaisala-aqt530,waggle-aqt530,microgram per cubic meter,W095,core,W095
2026-07-11 10:15:05.919356432+00:00,aqt.particle.pm2.5,0.4,5min,Particulate Matter less than 2.5 microns in diameter,000048b02dd3c6d5.ws-nxcore,waggle-aqt530-5511,-9999.9,000048b02dd3c6d5,registry.sagecontinuum.org/kaludib/waggle-aqt530:1.00,vaisala-aqt530,waggle-aqt530,microgram per cubic meter,W095,core,W095
2026-07-11 10:20:06.131960212+00:00,aqt.particle.pm2.5,0.5,5min,Particulate Matter less than 2.5 microns in diameter,000048b02dd3c6d5.ws-nxcore,waggle-aqt530-5511,-9999.9,000048b02dd3c6d5,registry.sagecontinuum.org/kaludib/waggle-aqt530:1.00,vaisala-aqt530,waggle-aqt530,microgram per cubic meter,W095,core,W095
2026-07-11 10:25:06.348158592+00:00,aqt.particle.pm2.5,1.4,5min,Particulate Matter less than 2.5 microns in diameter,000048b02dd3c6d5.ws-nxcore,waggle-aqt530-5511,-9999.9,000048b02dd3c6d5,registry.sagecontinuum.org/kaludib/waggle-aqt530:1.00,vaisala-aqt530,waggle-aqt530,microgram per cubic meter,W095,core,W095
2026-07-11 10:30:05.558267816+00:00,aqt.particle.pm2.5,3.1,5min,Particulate Matter less than 2.5 microns in diameter,000048b02dd3c6d5.ws-nxcore,waggle-aqt530-5511,-9999.9,000048b02dd3c6d5,registry.sagecontinuum.org/kaludib/waggle-aqt530:1.00,vaisala-aqt530,waggle-aqt530,microgram per cubic meter,W095,core,W095
2026-07-11 10:35:05.836805174+00:00,aqt.particle.pm2.5,1.6,5min,Particulate Matter less than 2.5 microns in diameter,000048b02dd3c6d5.ws-nxcore,waggle-aqt530-5511,-9999.9,000048b02dd3c6d5,registry.sagecontinuum.org/kaludib/waggle-aqt530:1.00,vaisala-aqt530,waggle-aqt530,microgram per cubic meter,W095,core,W095
2026-07-11 10:40:06.069422642+00:00,aqt.particle.pm2.5,3.3,5min,Particulate Matter less than 2.5 microns in diameter,000048b02dd3c6d5.ws-nxcore,waggle-aqt530-5511,-9999.9,000048b02dd3c6d5,registry.sagecontinuum.org/kaludib/waggle-aqt530:1.00,vaisala-aqt530,waggle-aqt530,microgram per cubic meter,W095,core,W095
2026-07-11 10:45:06.285581488+00:00,aqt.particle.pm2.5,2.2,5min,Particulate Matter less than 2.5 microns in diameter,000048b02dd3c6d5.ws-nxcore,waggle-aqt530-5511,-9999.9,000048b02dd3c6d5,registry.sagecontinuum.org/kaludib/waggle-aqt530:1.00,vaisala-aqt530,waggle-aqt530,microgram per cubic meter,W095,core,W095
2026-07-11 10:50:06.499493624+00:00,aqt.particle.pm2.5,1.8,5min,Particulate Matter less than 2.5 microns in diameter,000048b02dd3c6d5.ws-nxcore,waggle-aqt530-5511,-9999.9,000048b02dd3c6d5,registry.sagecontinuum.org/kaludib/waggle-aqt530:1.00,vaisala-aqt530,waggle-aqt530,microgram per cubic meter,W095,core,W095
2026-07-11 10:55:05.735422061+00:00,aqt.particle.pm2.5,1.7,5min,Particulate Matter less than 2.5 microns in diameter,000048b02dd3c6d5.ws-nxcore,waggle-aqt530-5511,-9999.9,000048b02dd3c6d5,registry.sagecontinuum.org/kaludib/waggle-aqt530:1.00,vaisala-aqt530,waggle-aqt530,microgram per cubic meter,W095,core,W095
2026-07-11 11:00:05.956065344+00:00,aqt.particle.pm2.5,1.9,5min,Particulate Matter less than 2.5 microns in diameter,000048b02dd3c6d5.ws-nxcore,waggle-aqt530-5511,-9999.9,000048b02dd3c6d5,registry.sagecontinuum.org/kaludib/waggle-aqt530:1.00,vaisala-aqt530,waggle-aqt530,microgram per cubic meter,W095,core,W095
2026-07-11 11:05:06.182990663+00:00,aqt.particle.pm2.5,1.7,5min,Particulate Matter less than 2.5 microns in diameter,000048b02dd3c6d5.ws-nxcore,waggle-aqt530-5511,-9999.9,000048b02dd3c6d5,registry.sagecontinuum.org/kaludib/waggle-aqt530:1.00,vaisala-aqt530,waggle-aqt530,microgram per cubic meter,W095,core,W095
2026-07-11 11:10:06.419394355+00:00,aqt.particle.pm2.5,2.0,5min,Particulate Matter less than 2.5 microns in diameter,000048b02dd3c6d5.ws-nxcore,waggle-aqt530-5511,-9999.9,000048b02dd3c6d5,registry.sagecontinuum.org/kaludib/waggle-aqt530:1.00,vaisala-aqt530,waggle-aqt530,microgram per cubic meter,W095,core,W095
2026-07-11 11:15:05.642051472+00:00,aqt.particle.pm2.5,2.1,5min,Particulate Matter less than 2.5 microns in diameter,000048b02dd3c6d5.ws-nxcore,waggle-aqt530-5511,-9999.9,000048b02dd3c6d5,registry.sagecontinuum.org/kaludib/waggle-aqt530:1.00,vaisala-aqt530,waggle-aqt530,microgram per cubic meter,W095,core,W095
2026-07-11 11:20:05.856286982+00:00,aqt.particle.pm2.5,2.0,5min,Particulate Matter less than 2.5 microns in diameter,000048b02dd3c6d5.ws-nxcore,waggle-aqt530-5511,-9999.9,000048b02dd3c6d5,registry.sagecontinuum.org/kaludib/waggle-aqt530:1.00,vaisala-aqt530,waggle-aqt530,microgram per cubic meter,W095,core,W095
2026-07-11 11:25:06.087492+00:00,aqt.particle.pm2.5,2.1,5min,Particulate Matter less than 2.5 microns in diameter,000048b02dd3c6d5.ws-nxcore,waggle-aqt530-5511,-9999.9,000048b02dd3c6d5,registry.sagecontinuum.org/kaludib/waggle-aqt530:1.00,vaisala-aqt530,waggle-aqt530,microgram per cubic meter,W095,core,W095
2026-07-11 11:30:06.314549244+00:00,aqt.particle.pm2.5,2.3,5min,Particulate Matter less than 2.5 microns in diameter,000048b02dd3c6d5.ws-nxcore,waggle-aqt530-5511,-9999.9,000048b02dd3c6d5,registry.sagecontinuum.org/kaludib/waggle-aqt530:1.00,vaisala-aqt530,waggle-aqt530,microgram per cubic meter,W095,core,W095
2026-07-11 11:35:06.460255005+00:00,aqt.particle.pm2.5,0.4,5min,Particulate Matter less than 2.5 microns in diameter,000048b02dd3c6d5.ws-nxcore,waggle-aqt530-5511,-9999.9,000048b02dd3c6d5,registry.sagecontinuum.org/kaludib/waggle-aqt530:1.00,vaisala-aqt530,waggle-aqt530,microgram per cubic meter,W095,core,W095
2026-07-11 11:40:05.642446383+00:00,aqt.particle.pm2.5,0.3,5min,Particulate Matter less than 2.5 microns in diameter,000048b02dd3c6d5.ws-nxcore,waggle-aqt530-5511,-9999.9,000048b02dd3c6d5,registry.sagecontinuum.org/kaludib/waggle-aqt530:1.00,vaisala-aqt530,waggle-aqt530,microgram per cubic meter,W095,core,W095
2026-07-11 11:45:05.844320707+00:00,aqt.particle.pm2.5,0.4,5min,Particulate Matter less than 2.5 microns in diameter,000048b02dd3c6d5.ws-nxcore,waggle-aqt530-5511,-9999.9,000048b02dd3c6d5,registry.sagecontinuum.org/kaludib/waggle-aqt530:1.00,vaisala-aqt530,waggle-aqt530,microgram per cubic meter,W095,core,W095
2026-07-11 11:50:06.055038758+00:00,aqt.particle.pm2.5,0.4,5min,Particulate Matter less than 2.5 microns in diameter,000048b02dd3c6d5.ws-nxcore,waggle-aqt530-5511,-9999.9,000048b02dd3c6d5,registry.sagecontinuum.org/kaludib/waggle-aqt530:1.00,vaisala-aqt530,waggle-aqt530,microgram per cubic meter,W095,core,W095
2026-07-11 11:55:06.257600278+00:00,aqt.particle.pm2.5,0.3,5min,Particulate Matter less than 2.5 microns in diameter,000048b02dd3c6d5.ws-nxcore,waggle-aqt530-5511,-9999.9,000048b02dd3c6d5,registry.sagecontinuum.org/kaludib/waggle-aqt530:1.00,vaisala-aqt530,waggle-aqt530,microgram per cubic meter,W095,core,W095
2026-07-11 12:00:06.489538768+00:00,aqt.particle.pm2.5,0.4,5min,Particulate Matter less than 2.5 microns in diameter,000048b02dd3c6d5.ws-nxcore,waggle-aqt530-5511,-9999.9,000048b02dd3c6d5,registry.sagecontinuum.org/kaludib/waggle-aqt530:1.00,vaisala-aqt530,waggle-aqt530,microgram per cubic meter,W095,core,W095
2026-07-11 12:05:05.686178969+00:00,aqt.particle.pm2.5,0.4,5min,Particulate Matter less than 2.5 microns in diameter,000048b02dd3c6d5.ws-nxcore,waggle-aqt530-5511,-9999.9,000048b02dd3c6d5,registry.sagecontinuum.org/kaludib/waggle-aqt530:1.00,vaisala-aqt530,waggle-aqt530,microgram per cubic meter,W095,core,W095
2026-07-11 12:10:05.902806108+00:00,aqt.particle.pm2.5,0.4,5min,Particulate Matter less than 2.5 microns in diameter,000048b02dd3c6d5.ws-nxcore,waggle-aqt530-5511,-9999.9,000048b02dd3c6d5,registry.sagecontinuum.org/kaludib/waggle-aqt530:1.00,vaisala-aqt530,waggle-aqt530,microgram per cubic meter,W095,core,W095
2026-07-11 12:15:06.107342197+00:00,aqt.particle.pm2.5,0.8,5min,Particulate Matter less than 2.5 microns in diameter,000048b02dd3c6d5.ws-nxcore,waggle-aqt530-5511,-9999.9,000048b02dd3c6d5,registry.sagecontinuum.org/kaludib/waggle-aqt530:1.00,vaisala-aqt530,waggle-aqt530,microgram per cubic meter,W095,core,W095
2026-07-11 12:20:06.326378274+00:00,aqt.particle.pm2.5,0.5,5min,Particulate Matter less than 2.5 microns in diameter,000048b02dd3c6d5.ws-nxcore,waggle-aqt530-5511,-9999.9,000048b02dd3c6d5,registry.sagecontinuum.org/kaludib/waggle-aqt530:1.00,vaisala-aqt530,waggle-aqt530,microgram per cubic meter,W095,core,W095
2026-07-11 12:25:05.539218821+00:00,aqt.particle.pm2.5,0.8,5min,Particulate Matter less than 2.5 microns in diameter,000048b02dd3c6d5.ws-nxcore,waggle-aqt530-5511,-9999.9,000048b02dd3c6d5,registry.sagecontinuum.org/kaludib/waggle-aqt530:1.00,vaisala-aqt530,waggle-aqt530,microgram per cubic meter,W095,core,W095
2026-07-11 12:30:05.761376985+00:00,aqt.particle.pm2.5,0.5,5min,Particulate Matter less than 2.5 microns in diameter,000048b02dd3c6d5.ws-nxcore,waggle-aqt530-5511,-9999.9,000048b02dd3c6d5,registry.sagecontinuum.org/kaludib/waggle-aqt530:1.00,vaisala-aqt530,waggle-aqt530,microgram per cubic meter,W095,core,W095
2026-07-11 12:35:05.965976496+00:00,aqt.particle.pm2.5,0.4,5min,Particulate Matter less than 2.5 microns in diameter,000048b02dd3c6d5.ws-nxcore,waggle-aqt530-5511,-9999.9,000048b02dd3c6d5,registry.sagecontinuum.org/kaludib/waggle-aqt530:1.00,vaisala-aqt530,waggle-aqt530,microgram per cubic meter,W095,core,W095
2026-07-11 12:40:06.200626096+00:00,aqt.particle.pm2.5,2.3,5min,Particulate Matter less than 2.5 microns in diameter,000048b02dd3c6d5.ws-nxcore,waggle-aqt530-5511,-9999.9,000048b02dd3c6d5,registry.sagecontinuum.org/kaludib/waggle-aqt530:1.00,vaisala-aqt530,waggle-aqt530,microgram per cubic meter,W095,core,W095
2026-07-11 12:45:06.442278653+00:00,aqt.particle.pm2.5,2.1,5min,Particulate Matter less than 2.5 microns in diameter,000048b02dd3c6d5.ws-nxcore,waggle-aqt530-5511,-9999.9,000048b02dd3c6d5,registry.sagecontinuum.org/kaludib/waggle-aqt530:1.00,vaisala-aqt530,waggle-aqt530,microgram per cubic meter,W095,core,W095
2026-07-11 12:50:05.669813515+00:00,aqt.particle.pm2.5,1.9,5min,Particulate Matter less than 2.5 microns in diameter,000048b02dd3c6d5.ws-nxcore,waggle-aqt530-5511,-9999.9,000048b02dd3c6d5,registry.sagecontinuum.org/kaludib/waggle-aqt530:1.00,vaisala-aqt530,waggle-aqt530,microgram per cubic meter,W095,core,W095
2026-07-11 12:55:05.886103153+00:00,aqt.particle.pm2.5,2.5,5min,Particulate Matter less than 2.5 microns in diameter,000048b02dd3c6d5.ws-nxcore,waggle-aqt530-5511,-9999.9,000048b02dd3c6d5,registry.sagecontinuum.org/kaludib/waggle-aqt530:1.00,vaisala-aqt530,waggle-aqt530,microgram per cubic meter,W095,core,W095
2026-07-11 13:00:06.113937558+00:00,aqt.particle.pm2.5,2.4,5min,Particulate Matter less than 2.5 microns in diameter,000048b02dd3c6d5.ws-nxcore,waggle-aqt530-5511,-9999.9,000048b02dd3c6d5,registry.sagecontinuum.org/kaludib/waggle-aqt530:1.00,vaisala-aqt530,waggle-aqt530,microgram per cubic meter,W095,core,W095
2026-07-11 13:05:06.340523842+00:00,aqt.particle.pm2.5,2.6,5min,Particulate Matter less than 2.5 microns in diameter,000048b02dd3c6d5.ws-nxcore,waggle-aqt530-5511,-9999.9,000048b02dd3c6d5,registry.sagecontinuum.org/kaludib/waggle-aqt530:1.00,vaisala-aqt530,waggle-aqt530,microgram per cubic meter,W095,core,W095
2026-07-11 13:10:05.558646696+00:00,aqt.particle.pm2.5,2.8,5min,Particulate Matter less than 2.5 microns in diameter,000048b02dd3c6d5.ws-nxcore,waggle-aqt530-5511,-9999.9,000048b02dd3c6d5,registry.sagecontinuum.org/kaludib/waggle-aqt530:1.00,vaisala-aqt530,waggle-aqt530,microgram per cubic meter,W095,core,W095
2026-07-11 13:15:05.756636621+00:00,aqt.particle.pm2.5,0.6,5min,Particulate Matter less than 2.5 microns in diameter,000048b02dd3c6d5.ws-nxcore,waggle-aqt530-5511,-9999.9,000048b02dd3c6d5,registry.sagecontinuum.org/kaludib/waggle-aqt530:1.00,vaisala-aqt530,waggle-aqt530,microgram per cubic meter,W095,core,W095
2026-07-11 13:20:05.965507587+00:00,aqt.particle.pm2.5,0.4,5min,Particulate Matter less than 2.5 microns in diameter,000048b02dd3c6d5.ws-nxcore,waggle-aqt530-5511,-9999.9,000048b02dd3c6d5,registry.sagecontinuum.org/kaludib/waggle-aqt530:1.00,vaisala-aqt530,waggle-aqt530,microgram per cubic meter,W095,core,W095
2026-07-11 13:25:06.180105946+00:00,aqt.particle.pm2.5,2.9,5min,Particulate Matter less than 2.5 microns in diameter,000048b02dd3c6d5.ws-nxcore,waggle-aqt530-5511,-9999.9,000048b02dd3c6d5,registry.sagecontinuum.org/kaludib/waggle-aqt530:1.00,vaisala-aqt530,waggle-aqt530,microgram per cubic meter,W095,core,W095
2026-07-11 13:30:06.384462153+00:00,aqt.particle.pm2.5,1.1,5min,Particulate Matter less than 2.5 microns in diameter,000048b02dd3c6d5.ws-nxcore,waggle-aqt530-5511,-9999.9,000048b02dd3c6d5,registry.sagecontinuum.org/kaludib/waggle-aqt530:1.00,vaisala-aqt530,waggle-aqt530,microgram per cubic meter,W095,core,W095
2026-07-11 13:35:05.596621933+00:00,aqt.particle.pm2.5,0.3,5min,Particulate Matter less than 2.5 microns in diameter,000048b02dd3c6d5.ws-nxcore,waggle-aqt530-5511,-9999.9,000048b02dd3c6d5,registry.sagecontinuum.org/kaludib/waggle-aqt530:1.00,vaisala-aqt530,waggle-aqt530,microgram per cubic meter,W095,core,W095
2026-07-11 13:40:05.817352492+00:00,aqt.particle.pm2.5,0.2,5min,Particulate Matter less than 2.5 microns in diameter,000048b02dd3c6d5.ws-nxcore,waggle-aqt530-5511,-9999.9,000048b02dd3c6d5,registry.sagecontinuum.org/kaludib/waggle-aqt530:1.00,vaisala-aqt530,waggle-aqt530,microgram per cubic meter,W095,core,W095
2026-07-11 13:45:06.039000003+00:00,aqt.particle.pm2.5,0.4,5min,Particulate Matter less than 2.5 microns in diameter,000048b02dd3c6d5.ws-nxcore,waggle-aqt530-5511,-9999.9,000048b02dd3c6d5,registry.sagecontinuum.org/kaludib/waggle-aqt530:1.00,vaisala-aqt530,waggle-aqt530,microgram per cubic meter,W095,core,W095
2026-07-11 13:50:06.248773413+00:00,aqt.particle.pm2.5,0.3,5min,Particulate Matter less than 2.5 microns in diameter,000048b02dd3c6d5.ws-nxcore,waggle-aqt530-5511,-9999.9,000048b02dd3c6d5,registry.sagecontinuum.org/kaludib/waggle-aqt530:1.00,vaisala-aqt530,waggle-aqt530,microgram per cubic meter,W095,core,W095
2026-07-11 13:55:06.472721405+00:00,aqt.particle.pm2.5,0.0,5min,Particulate Matter less than 2.5 microns in diameter,000048b02dd3c6d5.ws-nxcore,waggle-aqt530-5511,-9999.9,000048b02dd3c6d5,registry.sagecontinuum.org/kaludib/waggle-aqt530:1.00,vaisala-aqt530,waggle-aqt530,microgram per cubic meter,W095,core,W095
2026-07-11 14:00:05.689153375+00:00,aqt.particle.pm2.5,1.0,5min,Particulate Matter less than 2.5 microns in diameter,000048b02dd3c6d5.ws-nxcore,waggle-aqt530-5511,-9999.9,000048b02dd3c6d5,registry.sagecontinuum.org/kaludib/waggle-aqt530:1.00,vaisala-aqt530,waggle-aqt530,microgram per cubic meter,W095,core,W095
2026-07-11 14:05:05.898742639+00:00,aqt.particle.pm2.5,3.1,5min,Particulate Matter less than 2.5 microns in diameter,000048b02dd3c6d5.ws-nxcore,waggle-aqt530-5511,-9999.9,000048b02dd3c6d5,registry.sagecontinuum.org/kaludib/waggle-aqt530:1.00,vaisala-aqt530,waggle-aqt530,microgram per cubic meter,W095,core,W095
2026-07-11 14:10:06.121936811+00:00,aqt.particle.pm2.5,2.6,5min,Particulate Matter less than 2.5 microns in diameter,000048b02dd3c6d5.ws-nxcore,waggle-aqt530-5511,-9999.9,000048b02dd3c6d5,registry.sagecontinuum.org/kaludib/waggle-aqt530:1.00,vaisala-aqt530,waggle-aqt530,microgram per cubic meter,W095,core,W095
2026-07-11 14:15:06.343712440+00:00,aqt.particle.pm2.5,5.9,5min,Particulate Matter less than 2.5 microns in diameter,000048b02dd3c6d5.ws-nxcore,waggle-aqt530-5511,-9999.9,000048b02dd3c6d5,registry.sagecontinuum.org/kaludib/waggle-aqt530:1.00,vaisala-aqt530,waggle-aqt530,microgram per cubic meter,W095,core,W095
2026-07-11 14:20:05.560257687+00:00,aqt.particle.pm2.5,10.9,5min,Particulate Matter less than 2.5 microns in diameter,000048b02dd3c6d5.ws-nxcore,waggle-aqt530-5511,-9999.9,000048b02dd3c6d5,registry.sagecontinuum.org/kaludib/waggle-aqt530:1.00,vaisala-aqt530,waggle-aqt530,microgram per cubic meter,W095,core,W095
2026-07-11 14:25:05.771216652+00:00,aqt.particle.pm2.5,6.2,5min,Particulate Matter less than 2.5 microns in diameter,000048b02dd3c6d5.ws-nxcore,waggle-aqt530-5511,-9999.9,000048b02dd3c6d5,registry.sagecontinuum.org/kaludib/waggle-aqt530:1.00,vaisala-aqt530,waggle-aqt530,microgram per cubic meter,W095,core,W095
2026-07-11 14:30:05.995264742+00:00,aqt.particle.pm2.5,4.6,5min,Particulate Matter less than 2.5 microns in diameter,000048b02dd3c6d5.ws-nxcore,waggle-aqt530-5511,-9999.9,000048b02dd3c6d5,registry.sagecontinuum.org/kaludib/waggle-aqt530:1.00,vaisala-aqt530,waggle-aqt530,microgram per cubic meter,W095,core,W095
2026-07-11 14:35:06.219095283+00:00,aqt.particle.pm2.5,4.9,5min,Particulate Matter less than 2.5 microns in diameter,000048b02dd3c6d5.ws-nxcore,waggle-aqt530-5511,-9999.9,000048b02dd3c6d5,registry.sagecontinuum.org/kaludib/waggle-aqt530:1.00,vaisala-aqt530,waggle-aqt530,microgram per cubic meter,W095,core,W095
2026-07-11 14:40:06.429510410+00:00,aqt.particle.pm2.5,9.8,5min,Particulate Matter less than 2.5 microns in diameter,000048b02dd3c6d5.ws-nxcore,waggle-aqt530-5511,-9999.9,000048b02dd3c6d5,registry.sagecontinuum.org/kaludib/waggle-aqt530:1.00,vaisala-aqt530,waggle-aqt530,microgram per cubic meter,W095,core,W095
2026-07-11 14:45:05.644363979+00:00,aqt.particle.pm2.5,9.7,5min,Particulate Matter less than 2.5 microns in diameter,000048b02dd3c6d5.ws-nxcore,waggle-aqt530-5511,-9999.9,000048b02dd3c6d5,registry.sagecontinuum.org/kaludib/waggle-aqt530:1.00,vaisala-aqt530,waggle-aqt530,microgram per cubic meter,W095,core,W095
2026-07-11 14:50:05.868004047+00:00,aqt.particle.pm2.5,7.0,5min,Particulate Matter less than 2.5 microns in diameter,000048b02dd3c6d5.ws-nxcore,waggle-aqt530-5511,-9999.9,000048b02dd3c6d5,registry.sagecontinuum.org/kaludib/waggle-aqt530:1.00,vaisala-aqt530,waggle-aqt530,microgram per cubic meter,W095,core,W095
2026-07-11 14:55:06.088977703+00:00,aqt.particle.pm2.5,4.7,5min,Particulate Matter less than 2.5 microns in diameter,000048b02dd3c6d5.ws-nxcore,waggle-aqt530-5511,-9999.9,000048b02dd3c6d5,registry.sagecontinuum.org/kaludib/waggle-aqt530:1.00,vaisala-aqt530,waggle-aqt530,microgram per cubic meter,W095,core,W095
2026-07-11 15:00:06.271726394+00:00,aqt.particle.pm2.5,7.2,5min,Particulate Matter less than 2.5 microns in diameter,000048b02dd3c6d5.ws-nxcore,waggle-aqt530-5511,-9999.9,000048b02dd3c6d5,registry.sagecontinuum.org/kaludib/waggle-aqt530:1.00,vaisala-aqt530,waggle-aqt530,microgram per cubic meter,W095,core,W095
2026-07-11 15:05:05.464916432+00:00,aqt.particle.pm2.5,7.7,5min,Particulate Matter less than 2.5 microns in diameter,000048b02dd3c6d5.ws-nxcore,waggle-aqt530-5511,-9999.9,000048b02dd3c6d5,registry.sagecontinuum.org/kaludib/waggle-aqt530:1.00,vaisala-aqt530,waggle-aqt530,microgram per cubic meter,W095,core,W095
2026-07-11 15:10:05.676516904+00:00,aqt.particle.pm2.5,1.6,5min,Particulate Matter less than 2.5 microns in diameter,000048b02dd3c6d5.ws-nxcore,waggle-aqt530-5511,-9999.9,000048b02dd3c6d5,registry.sagecontinuum.org/kaludib/waggle-aqt530:1.00,vaisala-aqt530,waggle-aqt530,microgram per cubic meter,W095,core,W095
2026-07-11 15:15:05.890704480+00:00,aqt.particle.pm2.5,9.2,5min,Particulate Matter less than 2.5 microns in diameter,000048b02dd3c6d5.ws-nxcore,waggle-aqt530-5511,-9999.9,000048b02dd3c6d5,registry.sagecontinuum.org/kaludib/waggle-aqt530:1.00,vaisala-aqt530,waggle-aqt530,microgram per cubic meter,W095,core,W095
2026-07-11 15:20:06.094008338+00:00,aqt.particle.pm2.5,10.3,5min,Particulate Matter less than 2.5 microns in diameter,000048b02dd3c6d5.ws-nxcore,waggle-aqt530-5511,-9999.9,000048b02dd3c6d5,registry.sagecontinuum.org/kaludib/waggle-aqt530:1.00,vaisala-aqt530,waggle-aqt530,microgram per cubic meter,W095,core,W095
2026-07-11 15:25:06.310186507+00:00,aqt.particle.pm2.5,0.4,5min,Particulate Matter less than 2.5 microns in diameter,000048b02dd3c6d5.ws-nxcore,waggle-aqt530-5511,-9999.9,000048b02dd3c6d5,registry.sagecontinuum.org/kaludib/waggle-aqt530:1.00,vaisala-aqt530,waggle-aqt530,microgram per cubic meter,W095,core,W095
2026-07-11 15:30:05.514641529+00:00,aqt.particle.pm2.5,3.8,5min,Particulate Matter less than 2.5 microns in diameter,000048b02dd3c6d5.ws-nxcore,waggle-aqt530-5511,-9999.9,000048b02dd3c6d5,registry.sagecontinuum.org/kaludib/waggle-aqt530:1.00,vaisala-aqt530,waggle-aqt530,microgram per cubic meter,W095,core,W095
2026-07-11 15:35:05.717195470+00:00,aqt.particle.pm2.5,2.0,5min,Particulate Matter less than 2.5 microns in diameter,000048b02dd3c6d5.ws-nxcore,waggle-aqt530-5511,-9999.9,000048b02dd3c6d5,registry.sagecontinuum.org/kaludib/waggle-aqt530:1.00,vaisala-aqt530,waggle-aqt530,microgram per cubic meter,W095,core,W095
2026-07-11 15:40:05.901520645+00:00,aqt.particle.pm2.5,3.5,5min,Particulate Matter less than 2.5 microns in diameter,000048b02dd3c6d5.ws-nxcore,waggle-aqt530-5511,-9999.9,000048b02dd3c6d5,registry.sagecontinuum.org/kaludib/waggle-aqt530:1.00,vaisala-aqt530,waggle-aqt530,microgram per cubic meter,W095,core,W095
2026-07-11 15:45:06.110585471+00:00,aqt.particle.pm2.5,4.9,5min,Particulate Matter less than 2.5 microns in diameter,000048b02dd3c6d5.ws-nxcore,waggle-aqt530-5511,-9999.9,000048b02dd3c6d5,registry.sagecontinuum.org/kaludib/waggle-aqt530:1.00,vaisala-aqt530,waggle-aqt530,microgram per cubic meter,W095,core,W095
2026-07-11 15:50:05.315420327+00:00,aqt.particle.pm2.5,4.1,5min,Particulate Matter less than 2.5 microns in diameter,000048b02dd3c6d5.ws-nxcore,waggle-aqt530-5511,-9999.9,000048b02dd3c6d5,registry.sagecontinuum.org/kaludib/waggle-aqt530:1.00,vaisala-aqt530,waggle-aqt530,microgram per cubic meter,W095,core,W095
2026-07-11 15:55:05.513313331+00:00,aqt.particle.pm2.5,4.0,5min,Particulate Matter less than 2.5 microns in diameter,000048b02dd3c6d5.ws-nxcore,waggle-aqt530-5511,-9999.9,000048b02dd3c6d5,registry.sagecontinuum.org/kaludib/waggle-aqt530:1.00,vaisala-aqt530,waggle-aqt530,microgram per cubic meter,W095,core,W095
2026-07-11 16:00:05.754483810+00:00,aqt.particle.pm2.5,4.3,5min,Particulate Matter less than 2.5 microns in diameter,000048b02dd3c6d5.ws-nxcore,waggle-aqt530-5511,-9999.9,000048b02dd3c6d5,registry.sagecontinuum.org/kaludib/waggle-aqt530:1.00,vaisala-aqt530,waggle-aqt530,microgram per cubic meter,W095,core,W095
2026-07-11 16:05:05.954973997+00:00,aqt.particle.pm2.5,2.8,5min,Particulate Matter less than 2.5 microns in diameter,000048b02dd3c6d5.ws-nxcore,waggle-aqt530-5511,-9999.9,000048b02dd3c6d5,registry.sagecontinuum.org/kaludib/waggle-aqt530:1.00,vaisala-aqt530,waggle-aqt530,microgram per cubic meter,W095,core,W095
2026-07-11 16:10:06.180027168+00:00,aqt.particle.pm2.5,5.7,5min,Particulate Matter less than 2.5 microns in diameter,000048b02dd3c6d5.ws-nxcore,waggle-aqt530-5511,-9999.9,000048b02dd3c6d5,registry.sagecontinuum.org/kaludib/waggle-aqt530:1.00,vaisala-aqt530,waggle-aqt530,microgram per cubic meter,W095,core,W095
2026-07-11 16:15:05.418162608+00:00,aqt.particle.pm2.5,0.2,5min,Particulate Matter less than 2.5 microns in diameter,000048b02dd3c6d5.ws-nxcore,waggle-aqt530-5511,-9999.9,000048b02dd3c6d5,registry.sagecontinuum.org/kaludib/waggle-aqt530:1.00,vaisala-aqt530,waggle-aqt530,microgram per cubic meter,W095,core,W095
2026-07-11 16:20:05.626641479+00:00,aqt.particle.pm2.5,0.2,5min,Particulate Matter less than 2.5 microns in diameter,000048b02dd3c6d5.ws-nxcore,waggle-aqt530-5511,-9999.9,000048b02dd3c6d5,registry.sagecontinuum.org/kaludib/waggle-aqt530:1.00,vaisala-aqt530,waggle-aqt530,microgram per cubic meter,W095,core,W095
2026-07-11 16:25:05.849022669+00:00,aqt.particle.pm2.5,3.3,5min,Particulate Matter less than 2.5 microns in diameter,000048b02dd3c6d5.ws-nxcore,waggle-aqt530-5511,-9999.9,000048b02dd3c6d5,registry.sagecontinuum.org/kaludib/waggle-aqt530:1.00,vaisala-aqt530,waggle-aqt530,microgram per cubic meter,W095,core,W095
2026-07-11 16:30:06.056420962+00:00,aqt.particle.pm2.5,3.2,5min,Particulate Matter less than 2.5 microns in diameter,000048b02dd3c6d5.ws-nxcore,waggle-aqt530-5511,-9999.9,000048b02dd3c6d5,registry.sagecontinuum.org/kaludib/waggle-aqt530:1.00,vaisala-aqt530,waggle-aqt530,microgram per cubic meter,W095,core,W095
2026-07-11 16:35:06.272978413+00:00,aqt.particle.pm2.5,1.1,5min,Particulate Matter less than 2.5 microns in diameter,000048b02dd3c6d5.ws-nxcore,waggle-aqt530-5511,-9999.9,000048b02dd3c6d5,registry.sagecontinuum.org/kaludib/waggle-aqt530:1.00,vaisala-aqt530,waggle-aqt530,microgram per cubic meter,W095,core,W095
2026-07-11 16:40:05.483122433+00:00,aqt.particle.pm2.5,0.7,5min,Particulate Matter less than 2.5 microns in diameter,000048b02dd3c6d5.ws-nxcore,waggle-aqt530-5511,-9999.9,000048b02dd3c6d5,registry.sagecontinuum.org/kaludib/waggle-aqt530:1.00,vaisala-aqt530,waggle-aqt530,microgram per cubic meter,W095,core,W095
2026-07-11 16:45:05.699627285+00:00,aqt.particle.pm2.5,1.4,5min,Particulate Matter less than 2.5 microns in diameter,000048b02dd3c6d5.ws-nxcore,waggle-aqt530-5511,-9999.9,000048b02dd3c6d5,registry.sagecontinuum.org/kaludib/waggle-aqt530:1.00,vaisala-aqt530,waggle-aqt530,microgram per cubic meter,W095,core,W095
2026-07-11 16:50:05.905548934+00:00,aqt.particle.pm2.5,0.7,5min,Particulate Matter less than 2.5 microns in diameter,000048b02dd3c6d5.ws-nxcore,waggle-aqt530-5511,-9999.9,000048b02dd3c6d5,registry.sagecontinuum.org/kaludib/waggle-aqt530:1.00,vaisala-aqt530,waggle-aqt530,microgram per cubic meter,W095,core,W095
2026-07-11 16:55:06.120070870+00:00,aqt.particle.pm2.5,0.8,5min,Particulate Matter less than 2.5 microns in diameter,000048b02dd3c6d5.ws-nxcore,waggle-aqt530-5511,-9999.9,000048b02dd3c6d5,registry.sagecontinuum.org/kaludib/waggle-aqt530:1.00,vaisala-aqt530,waggle-aqt530,microgram per cubic meter,W095,core,W095
2026-07-11 17:00:05.330647630+00:00,aqt.particle.pm2.5,0.3,5min,Particulate Matter less than 2.5 microns in diameter,000048b02dd3c6d5.ws-nxcore,waggle-aqt530-5511,-9999.9,000048b02dd3c6d5,registry.sagecontinuum.org/kaludib/waggle-aqt530:1.00,vaisala-aqt530,waggle-aqt530,microgram per cubic meter,W095,core,W095
2026-07-11 17:05:05.550661131+00:00,aqt.particle.pm2.5,0.5,5min,Particulate Matter less than 2.5 microns in diameter,000048b02dd3c6d5.ws-nxcore,waggle-aqt530-5511,-9999.9,000048b02dd3c6d5,registry.sagecontinuum.org/kaludib/waggle-aqt530:1.00,vaisala-aqt530,waggle-aqt530,microgram per cubic meter,W095,core,W095
2026-07-11 17:10:05.895722819+00:00,aqt.particle.pm2.5,0.9,5min,Particulate Matter less than 2.5 microns in diameter,000048b02dd3c6d5.ws-nxcore,waggle-aqt530-5511,-9999.9,000048b02dd3c6d5,registry.sagecontinuum.org/kaludib/waggle-aqt530:1.00,vaisala-aqt530,waggle-aqt530,microgram per cubic meter,W095,core,W095
2026-07-11 17:15:05.975124594+00:00,aqt.particle.pm2.5,4.6,5min,Particulate Matter less than 2.5 microns in diameter,000048b02dd3c6d5.ws-nxcore,waggle-aqt530-5511,-9999.9,000048b02dd3c6d5,registry.sagecontinuum.org/kaludib/waggle-aqt530:1.00,vaisala-aqt530,waggle-aqt530,microgram per cubic meter,W095,core,W095
2026-07-11 17:20:06.196673832+00:00,aqt.particle.pm2.5,9.4,5min,Particulate Matter less than 2.5 microns in diameter,000048b02dd3c6d5.ws-nxcore,waggle-aqt530-5511,-9999.9,000048b02dd3c6d5,registry.sagecontinuum.org/kaludib/waggle-aqt530:1.00,vaisala-aqt530,waggle-aqt530,microgram per cubic meter,W095,core,W095
2026-07-11 17:25:05.411791161+00:00,aqt.particle.pm2.5,3.8,5min,Particulate Matter less than 2.5 microns in diameter,000048b02dd3c6d5.ws-nxcore,waggle-aqt530-5511,-9999.9,000048b02dd3c6d5,registry.sagecontinuum.org/kaludib/waggle-aqt530:1.00,vaisala-aqt530,waggle-aqt530,microgram per cubic meter,W095,core,W095
2026-07-11 17:30:05.615387410+00:00,aqt.particle.pm2.5,2.4,5min,Particulate Matter less than 2.5 microns in diameter,000048b02dd3c6d5.ws-nxcore,waggle-aqt530-5511,-9999.9,000048b02dd3c6d5,registry.sagecontinuum.org/kaludib/waggle-aqt530:1.00,vaisala-aqt530,waggle-aqt530,microgram per cubic meter,W095,core,W095
2026-07-11 17:35:05.834758712+00:00,aqt.particle.pm2.5,4.7,5min,Particulate Matter less than 2.5 microns in diameter,000048b02dd3c6d5.ws-nxcore,waggle-aqt530-5511,-9999.9,000048b02dd3c6d5,registry.sagecontinuum.org/kaludib/waggle-aqt530:1.00,vaisala-aqt530,waggle-aqt530,microgram per cubic meter,W095,core,W095
2026-07-11 17:40:06.056405493+00:00,aqt.particle.pm2.5,9.8,5min,Particulate Matter less than 2.5 microns in diameter,000048b02dd3c6d5.ws-nxcore,waggle-aqt530-5511,-9999.9,000048b02dd3c6d5,registry.sagecontinuum.org/kaludib/waggle-aqt530:1.00,vaisala-aqt530,waggle-aqt530,microgram per cubic meter,W095,core,W095
2026-07-11 17:45:05.265757910+00:00,aqt.particle.pm2.5,6.6,5min,Particulate Matter less than 2.5 microns in diameter,000048b02dd3c6d5.ws-nxcore,waggle-aqt530-5511,-9999.9,000048b02dd3c6d5,registry.sagecontinuum.org/kaludib/waggle-aqt530:1.00,vaisala-aqt530,waggle-aqt530,microgram per cubic meter,W095,core,W095
2026-07-11 17:50:05.495718125+00:00,aqt.particle.pm2.5,2.1,5min,Particulate Matter less than 2.5 microns in diameter,000048b02dd3c6d5.ws-nxcore,waggle-aqt530-5511,-9999.9,000048b02dd3c6d5,registry.sagecontinuum.org/kaludib/waggle-aqt530:1.00,vaisala-aqt530,waggle-aqt530,microgram per cubic meter,W095,core,W095
2026-07-11 17:55:05.718687135+00:00,aqt.particle.pm2.5,13.9,5min,Particulate Matter less than 2.5 microns in diameter,000048b02dd3c6d5.ws-nxcore,waggle-aqt530-5511,-9999.9,000048b02dd3c6d5,registry.sagecontinuum.org/kaludib/waggle-aqt530:1.00,vaisala-aqt530,waggle-aqt530,microgram per cubic meter,W095,core,W095
2026-07-11 18:00:05.950228011+00:00,aqt.particle.pm2.5,4.8,5min,Particulate Matter less than 2.5 microns in diameter,000048b02dd3c6d5.ws-nxcore,waggle-aqt530-5511,-9999.9,000048b02dd3c6d5,registry.sagecontinuum.org/kaludib/waggle-aqt530:1.00,vaisala-aqt530,waggle-aqt530,microgram per cubic meter,W095,core,W095
2026-07-11 18:05:06.155605029+00:00,aqt.particle.pm2.5,2.6,5min,Particulate Matter less than 2.5 microns in diameter,000048b02dd3c6d5.ws-nxcore,waggle-aqt530-5511,-9999.9,000048b02dd3c6d5,registry.sagecontinuum.org/kaludib/waggle-aqt530:1.00,vaisala-aqt530,waggle-aqt530,microgram per cubic meter,W095,core,W095
2026-07-11 18:10:05.373674792+00:00,aqt.particle.pm2.5,1.6,5min,Particulate Matter less than 2.5 microns in diameter,000048b02dd3c6d5.ws-nxcore,waggle-aqt530-5511,-9999.9,000048b02dd3c6d5,registry.sagecontinuum.org/kaludib/waggle-aqt530:1.00,vaisala-aqt530,waggle-aqt530,microgram per cubic meter,W095,core,W095
2026-07-11 18:15:05.595389008+00:00,aqt.particle.pm2.5,3.1,5min,Particulate Matter less than 2.5 microns in diameter,000048b02dd3c6d5.ws-nxcore,waggle-aqt530-5511,-9999.9,000048b02dd3c6d5,registry.sagecontinuum.org/kaludib/waggle-aqt530:1.00,vaisala-aqt530,waggle-aqt530,microgram per cubic meter,W095,core,W095
2026-07-11 18:20:05.815573387+00:00,aqt.particle.pm2.5,1.1,5min,Particulate Matter less than 2.5 microns in diameter,000048b02dd3c6d5.ws-nxcore,waggle-aqt530-5511,-9999.9,000048b02dd3c6d5,registry.sagecontinuum.org/kaludib/waggle-aqt530:1.00,vaisala-aqt530,waggle-aqt530,microgram per cubic meter,W095,core,W095
2026-07-11 18:25:06.009162839+00:00,aqt.particle.pm2.5,0.9,5min,Particulate Matter less than 2.5 microns in diameter,000048b02dd3c6d5.ws-nxcore,waggle-aqt530-5511,-9999.9,000048b02dd3c6d5,registry.sagecontinuum.org/kaludib/waggle-aqt530:1.00,vaisala-aqt530,waggle-aqt530,microgram per cubic meter,W095,core,W095
2026-07-11 18:30:06.224320232+00:00,aqt.particle.pm2.5,0.8,5min,Particulate Matter less than 2.5 microns in diameter,000048b02dd3c6d5.ws-nxcore,waggle-aqt530-5511,-9999.9,000048b02dd3c6d5,registry.sagecontinuum.org/kaludib/waggle-aqt530:1.00,vaisala-aqt530,waggle-aqt530,microgram per cubic meter,W095,core,W095
2026-07-11 18:35:05.431843959+00:00,aqt.particle.pm2.5,7.8,5min,Particulate Matter less than 2.5 microns in diameter,000048b02dd3c6d5.ws-nxcore,waggle-aqt530-5511,-9999.9,000048b02dd3c6d5,registry.sagecontinuum.org/kaludib/waggle-aqt530:1.00,vaisala-aqt530,waggle-aqt530,microgram per cubic meter,W095,core,W095
2026-07-11 18:40:05.652260761+00:00,aqt.particle.pm2.5,5.7,5min,Particulate Matter less than 2.5 microns in diameter,000048b02dd3c6d5.ws-nxcore,waggle-aqt530-5511,-9999.9,000048b02dd3c6d5,registry.sagecontinuum.org/kaludib/waggle-aqt530:1.00,vaisala-aqt530,waggle-aqt530,microgram per cubic meter,W095,core,W095
2026-07-11 18:45:05.856429797+00:00,aqt.particle.pm2.5,0.8,5min,Particulate Matter less than 2.5 microns in diameter,000048b02dd3c6d5.ws-nxcore,waggle-aqt530-5511,-9999.9,000048b02dd3c6d5,registry.sagecontinuum.org/kaludib/waggle-aqt530:1.00,vaisala-aqt530,waggle-aqt530,microgram per cubic meter,W095,core,W095
2026-07-11 18:50:06.073943202+00:00,aqt.particle.pm2.5,0.4,5min,Particulate Matter less than 2.5 microns in diameter,000048b02dd3c6d5.ws-nxcore,waggle-aqt530-5511,-9999.9,000048b02dd3c6d5,registry.sagecontinuum.org/kaludib/waggle-aqt530:1.00,vaisala-aqt530,waggle-aqt530,microgram per cubic meter,W095,core,W095
2026-07-11 18:55:05.286852421+00:00,aqt.particle.pm2.5,0.3,5min,Particulate Matter less than 2.5 microns in diameter,000048b02dd3c6d5.ws-nxcore,waggle-aqt530-5511,-9999.9,000048b02dd3c6d5,registry.sagecontinuum.org/kaludib/waggle-aqt530:1.00,vaisala-aqt530,waggle-aqt530,microgram per cubic meter,W095,core,W095
2026-07-11 19:00:05.510022053+00:00,aqt.particle.pm2.5,0.4,5min,Particulate Matter less than 2.5 microns in diameter,000048b02dd3c6d5.ws-nxcore,waggle-aqt530-5511,-9999.9,000048b02dd3c6d5,registry.sagecontinuum.org/kaludib/waggle-aqt530:1.00,vaisala-aqt530,waggle-aqt530,microgram per cubic meter,W095,core,W095
2026-07-11 19:05:05.714360468+00:00,aqt.particle.pm2.5,0.4,5min,Particulate Matter less than 2.5 microns in diameter,000048b02dd3c6d5.ws-nxcore,waggle-aqt530-5511,-9999.9,000048b02dd3c6d5,registry.sagecontinuum.org/kaludib/waggle-aqt530:1.00,vaisala-aqt530,waggle-aqt530,microgram per cubic meter,W095,core,W095
2026-07-11 19:10:05.933980291+00:00,aqt.particle.pm2.5,0.3,5min,Particulate Matter less than 2.5 microns in diameter,000048b02dd3c6d5.ws-nxcore,waggle-aqt530-5511,-9999.9,000048b02dd3c6d5,registry.sagecontinuum.org/kaludib/waggle-aqt530:1.00,vaisala-aqt530,waggle-aqt530,microgram per cubic meter,W095,core,W095
2026-07-11 19:15:06.139921050+00:00,aqt.particle.pm2.5,0.4,5min,Particulate Matter less than 2.5 microns in diameter,000048b02dd3c6d5.ws-nxcore,waggle-aqt530-5511,-9999.9,000048b02dd3c6d5,registry.sagecontinuum.org/kaludib/waggle-aqt530:1.00,vaisala-aqt530,waggle-aqt530,microgram per cubic meter,W095,core,W095
2026-07-11 19:20:05.367667543+00:00,aqt.particle.pm2.5,1.2,5min,Particulate Matter less than 2.5 microns in diameter,000048b02dd3c6d5.ws-nxcore,waggle-aqt530-5511,-9999.9,000048b02dd3c6d5,registry.sagecontinuum.org/kaludib/waggle-aqt530:1.00,vaisala-aqt530,waggle-aqt530,microgram per cubic meter,W095,core,W095
2026-07-11 19:25:05.576700768+00:00,aqt.particle.pm2.5,0.9,5min,Particulate Matter less than 2.5 microns in diameter,000048b02dd3c6d5.ws-nxcore,waggle-aqt530-5511,-9999.9,000048b02dd3c6d5,registry.sagecontinuum.org/kaludib/waggle-aqt530:1.00,vaisala-aqt530,waggle-aqt530,microgram per cubic meter,W095,core,W095
2026-07-11 19:30:05.810685911+00:00,aqt.particle.pm2.5,1.7,5min,Particulate Matter less than 2.5 microns in diameter,000048b02dd3c6d5.ws-nxcore,waggle-aqt530-5511,-9999.9,000048b02dd3c6d5,registry.sagecontinuum.org/kaludib/waggle-aqt530:1.00,vaisala-aqt530,waggle-aqt530,microgram per cubic meter,W095,core,W095
2026-07-11 19:35:06.042195674+00:00,aqt.particle.pm2.5,0.4,5min,Particulate Matter less than 2.5 microns in diameter,000048b02dd3c6d5.ws-nxcore,waggle-aqt530-5511,-9999.9,000048b02dd3c6d5,registry.sagecontinuum.org/kaludib/waggle-aqt530:1.00,vaisala-aqt530,waggle-aqt530,microgram per cubic meter,W095,core,W095
2026-07-11 19:40:05.288677889+00:00,aqt.particle.pm2.5,0.4,5min,Particulate Matter less than 2.5 microns in diameter,000048b02dd3c6d5.ws-nxcore,waggle-aqt530-5511,-9999.9,000048b02dd3c6d5,registry.sagecontinuum.org/kaludib/waggle-aqt530:1.00,vaisala-aqt530,waggle-aqt530,microgram per cubic meter,W095,core,W095
2026-07-11 19:45:05.504137661+00:00,aqt.particle.pm2.5,0.3,5min,Particulate Matter less than 2.5 microns in diameter,000048b02dd3c6d5.ws-nxcore,waggle-aqt530-5511,-9999.9,000048b02dd3c6d5,registry.sagecontinuum.org/kaludib/waggle-aqt530:1.00,vaisala-aqt530,waggle-aqt530,microgram per cubic meter,W095,core,W095
2026-07-11 19:50:05.730753563+00:00,aqt.particle.pm2.5,0.5,5min,Particulate Matter less than 2.5 microns in diameter,000048b02dd3c6d5.ws-nxcore,waggle-aqt530-5511,-9999.9,000048b02dd3c6d5,registry.sagecontinuum.org/kaludib/waggle-aqt530:1.00,vaisala-aqt530,waggle-aqt530,microgram per cubic meter,W095,core,W095
2026-07-11 19:55:05.943577493+00:00,aqt.particle.pm2.5,0.8,5min,Particulate Matter less than 2.5 microns in diameter,000048b02dd3c6d5.ws-nxcore,waggle-aqt530-5511,-9999.9,000048b02dd3c6d5,registry.sagecontinuum.org/kaludib/waggle-aqt530:1.00,vaisala-aqt530,waggle-aqt530,microgram per cubic meter,W095,core,W095
2026-07-11 20:00:06.169000215+00:00,aqt.particle.pm2.5,3.4,5min,Particulate Matter less than 2.5 microns in diameter,000048b02dd3c6d5.ws-nxcore,waggle-aqt530-5511,-9999.9,000048b02dd3c6d5,registry.sagecontinuum.org/kaludib/waggle-aqt530:1.00,vaisala-aqt530,waggle-aqt530,microgram per cubic meter,W095,core,W095
2026-07-11 20:05:05.387613610+00:00,aqt.particle.pm2.5,0.6,5min,Particulate Matter less than 2.5 microns in diameter,000048b02dd3c6d5.ws-nxcore,waggle-aqt530-5511,-9999.9,000048b02dd3c6d5,registry.sagecontinuum.org/kaludib/waggle-aqt530:1.00,vaisala-aqt530,waggle-aqt530,microgram per cubic meter,W095,core,W095
2026-07-11 20:10:05.613469621+00:00,aqt.particle.pm2.5,0.5,5min,Particulate Matter less than 2.5 microns in diameter,000048b02dd3c6d5.ws-nxcore,waggle-aqt530-5511,-9999.9,000048b02dd3c6d5,registry.sagecontinuum.org/kaludib/waggle-aqt530:1.00,vaisala-aqt530,waggle-aqt530,microgram per cubic meter,W095,core,W095
2026-07-11 20:15:05.822815585+00:00,aqt.particle.pm2.5,0.4,5min,Particulate Matter less than 2.5 microns in diameter,000048b02dd3c6d5.ws-nxcore,waggle-aqt530-5511,-9999.9,000048b02dd3c6d5,registry.sagecontinuum.org/kaludib/waggle-aqt530:1.00,vaisala-aqt530,waggle-aqt530,microgram per cubic meter,W095,core,W095
2026-07-11 20:20:06.035909357+00:00,aqt.particle.pm2.5,2.6,5min,Particulate Matter less than 2.5 microns in diameter,000048b02dd3c6d5.ws-nxcore,waggle-aqt530-5511,-9999.9,000048b02dd3c6d5,registry.sagecontinuum.org/kaludib/waggle-aqt530:1.00,vaisala-aqt530,waggle-aqt530,microgram per cubic meter,W095,core,W095
2026-07-11 20:25:06.224733860+00:00,aqt.particle.pm2.5,1.9,5min,Particulate Matter less than 2.5 microns in diameter,000048b02dd3c6d5.ws-nxcore,waggle-aqt530-5511,-9999.9,000048b02dd3c6d5,registry.sagecontinuum.org/kaludib/waggle-aqt530:1.00,vaisala-aqt530,waggle-aqt530,microgram per cubic meter,W095,core,W095
2026-07-11 20:30:05.424634624+00:00,aqt.particle.pm2.5,0.9,5min,Particulate Matter less than 2.5 microns in diameter,000048b02dd3c6d5.ws-nxcore,waggle-aqt530-5511,-9999.9,000048b02dd3c6d5,registry.sagecontinuum.org/kaludib/waggle-aqt530:1.00,vaisala-aqt530,waggle-aqt530,microgram per cubic meter,W095,core,W095
2026-07-11 20:35:05.625279297+00:00,aqt.particle.pm2.5,0.6,5min,Particulate Matter less than 2.5 microns in diameter,000048b02dd3c6d5.ws-nxcore,waggle-aqt530-5511,-9999.9,000048b02dd3c6d5,registry.sagecontinuum.org/kaludib/waggle-aqt530:1.00,vaisala-aqt530,waggle-aqt530,microgram per cubic meter,W095,core,W095
2026-07-11 20:40:05.827684431+00:00,aqt.particle.pm2.5,2.7,5min,Particulate Matter less than 2.5 microns in diameter,000048b02dd3c6d5.ws-nxcore,waggle-aqt530-5511,-9999.9,000048b02dd3c6d5,registry.sagecontinuum.org/kaludib/waggle-aqt530:1.00,vaisala-aqt530,waggle-aqt530,microgram per cubic meter,W095,core,W095
2026-07-11 20:45:06.033918992+00:00,aqt.particle.pm2.5,2.9,5min,Particulate Matter less than 2.5 microns in diameter,000048b02dd3c6d5.ws-nxcore,waggle-aqt530-5511,-9999.9,000048b02dd3c6d5,registry.sagecontinuum.org/kaludib/waggle-aqt530:1.00,vaisala-aqt530,waggle-aqt530,microgram per cubic meter,W095,core,W095
2026-07-11 20:50:05.237467500+00:00,aqt.particle.pm2.5,2.8,5min,Particulate Matter less than 2.5 microns in diameter,000048b02dd3c6d5.ws-nxcore,waggle-aqt530-5511,-9999.9,000048b02dd3c6d5,registry.sagecontinuum.org/kaludib/waggle-aqt530:1.00,vaisala-aqt530,waggle-aqt530,microgram per cubic meter,W095,core,W095
2026-07-11 20:55:05.439395284+00:00,aqt.particle.pm2.5,2.2,5min,Particulate Matter less than 2.5 microns in diameter,000048b02dd3c6d5.ws-nxcore,waggle-aqt530-5511,-9999.9,000048b02dd3c6d5,registry.sagecontinuum.org/kaludib/waggle-aqt530:1.00,vaisala-aqt530,waggle-aqt530,microgram per cubic meter,W095,core,W095
2026-07-11 21:00:05.647474154+00:00,aqt.particle.pm2.5,2.3,5min,Particulate Matter less than 2.5 microns in diameter,000048b02dd3c6d5.ws-nxcore,waggle-aqt530-5511,-9999.9,000048b02dd3c6d5,registry.sagecontinuum.org/kaludib/waggle-aqt530:1.00,vaisala-aqt530,waggle-aqt530,microgram per cubic meter,W095,core,W095
2026-07-11 21:05:05.860648603+00:00,aqt.particle.pm2.5,2.8,5min,Particulate Matter less than 2.5 microns in diameter,000048b02dd3c6d5.ws-nxcore,waggle-aqt530-5511,-9999.9,000048b02dd3c6d5,registry.sagecontinuum.org/kaludib/waggle-aqt530:1.00,vaisala-aqt530,waggle-aqt530,microgram per cubic meter,W095,core,W095
2026-07-11 21:10:06.060559438+00:00,aqt.particle.pm2.5,3.5,5min,Particulate Matter less than 2.5 microns in diameter,000048b02dd3c6d5.ws-nxcore,waggle-aqt530-5511,-9999.9,000048b02dd3c6d5,registry.sagecontinuum.org/kaludib/waggle-aqt530:1.00,vaisala-aqt530,waggle-aqt530,microgram per cubic meter,W095,core,W095
2026-07-11 21:15:05.292615238+00:00,aqt.particle.pm2.5,3.2,5min,Particulate Matter less than 2.5 microns in diameter,000048b02dd3c6d5.ws-nxcore,waggle-aqt530-5511,-9999.9,000048b02dd3c6d5,registry.sagecontinuum.org/kaludib/waggle-aqt530:1.00,vaisala-aqt530,waggle-aqt530,microgram per cubic meter,W095,core,W095
2026-07-11 21:20:05.499010169+00:00,aqt.particle.pm2.5,4.1,5min,Particulate Matter less than 2.5 microns in diameter,000048b02dd3c6d5.ws-nxcore,waggle-aqt530-5511,-9999.9,000048b02dd3c6d5,registry.sagecontinuum.org/kaludib/waggle-aqt530:1.00,vaisala-aqt530,waggle-aqt530,microgram per cubic meter,W095,core,W095
2026-07-11 21:25:05.717931954+00:00,aqt.particle.pm2.5,4.2,5min,Particulate Matter less than 2.5 microns in diameter,000048b02dd3c6d5.ws-nxcore,waggle-aqt530-5511,-9999.9,000048b02dd3c6d5,registry.sagecontinuum.org/kaludib/waggle-aqt530:1.00,vaisala-aqt530,waggle-aqt530,microgram per cubic meter,W095,core,W095
2026-07-11 21:30:05.923865899+00:00,aqt.particle.pm2.5,1.5,5min,Particulate Matter less than 2.5 microns in diameter,000048b02dd3c6d5.ws-nxcore,waggle-aqt530-5511,-9999.9,000048b02dd3c6d5,registry.sagecontinuum.org/kaludib/waggle-aqt530:1.00,vaisala-aqt530,waggle-aqt530,microgram per cubic meter,W095,core,W095
2026-07-11 21:35:05.130063152+00:00,aqt.particle.pm2.5,1.2,5min,Particulate Matter less than 2.5 microns in diameter,000048b02dd3c6d5.ws-nxcore,waggle-aqt530-5511,-9999.9,000048b02dd3c6d5,registry.sagecontinuum.org/kaludib/waggle-aqt530:1.00,vaisala-aqt530,waggle-aqt530,microgram per cubic meter,W095,core,W095
2026-07-11 21:40:05.352443746+00:00,aqt.particle.pm2.5,1.2,5min,Particulate Matter less than 2.5 microns in diameter,000048b02dd3c6d5.ws-nxcore,waggle-aqt530-5511,-9999.9,000048b02dd3c6d5,registry.sagecontinuum.org/kaludib/waggle-aqt530:1.00,vaisala-aqt530,waggle-aqt530,microgram per cubic meter,W095,core,W095
2026-07-11 21:45:05.567238061+00:00,aqt.particle.pm2.5,1.6,5min,Particulate Matter less than 2.5 microns in diameter,000048b02dd3c6d5.ws-nxcore,waggle-aqt530-5511,-9999.9,000048b02dd3c6d5,registry.sagecontinuum.org/kaludib/waggle-aqt530:1.00,vaisala-aqt530,waggle-aqt530,microgram per cubic meter,W095,core,W095
2026-07-11 21:50:05.787766539+00:00,aqt.particle.pm2.5,2.2,5min,Particulate Matter less than 2.5 microns in diameter,000048b02dd3c6d5.ws-nxcore,waggle-aqt530-5511,-9999.9,000048b02dd3c6d5,registry.sagecontinuum.org/kaludib/waggle-aqt530:1.00,vaisala-aqt530,waggle-aqt530,microgram per cubic meter,W095,core,W095
2026-07-11 21:55:06.016316473+00:00,aqt.particle.pm2.5,3.0,5min,Particulate Matter less than 2.5 microns in diameter,000048b02dd3c6d5.ws-nxcore,waggle-aqt530-5511,-9999.9,000048b02dd3c6d5,registry.sagecontinuum.org/kaludib/waggle-aqt530:1.00,vaisala-aqt530,waggle-aqt530,microgram per cubic meter,W095,core,W095
2026-07-11 22:00:05.235101080+00:00,aqt.particle.pm2.5,1.6,5min,Particulate Matter less than 2.5 microns in diameter,000048b02dd3c6d5.ws-nxcore,waggle-aqt530-5511,-9999.9,000048b02dd3c6d5,registry.sagecontinuum.org/kaludib/waggle-aqt530:1.00,vaisala-aqt530,waggle-aqt530,microgram per cubic meter,W095,core,W095
2026-07-11 22:05:05.456967833+00:00,aqt.particle.pm2.5,4.8,5min,Particulate Matter less than 2.5 microns in diameter,000048b02dd3c6d5.ws-nxcore,waggle-aqt530-5511,-9999.9,000048b02dd3c6d5,registry.sagecontinuum.org/kaludib/waggle-aqt530:1.00,vaisala-aqt530,waggle-aqt530,microgram per cubic meter,W095,core,W095
2026-07-11 22:10:05.663270295+00:00,aqt.particle.pm2.5,4.3,5min,Particulate Matter less than 2.5 microns in diameter,000048b02dd3c6d5.ws-nxcore,waggle-aqt530-5511,-9999.9,000048b02dd3c6d5,registry.sagecontinuum.org/kaludib/waggle-aqt530:1.00,vaisala-aqt530,waggle-aqt530,microgram per cubic meter,W095,core,W095
2026-07-11 22:15:05.884500987+00:00,aqt.particle.pm2.5,3.1,5min,Particulate Matter less than 2.5 microns in diameter,000048b02dd3c6d5.ws-nxcore,waggle-aqt530-5511,-9999.9,000048b02dd3c6d5,registry.sagecontinuum.org/kaludib/waggle-aqt530:1.00,vaisala-aqt530,waggle-aqt530,microgram per cubic meter,W095,core,W095
2026-07-11 22:20:05.100059203+00:00,aqt.particle.pm2.5,2.9,5min,Particulate Matter less than 2.5 microns in diameter,000048b02dd3c6d5.ws-nxcore,waggle-aqt530-5511,-9999.9,000048b02dd3c6d5,registry.sagecontinuum.org/kaludib/waggle-aqt530:1.00,vaisala-aqt530,waggle-aqt530,microgram per cubic meter,W095,core,W095
2026-07-11 22:25:05.327890487+00:00,aqt.particle.pm2.5,3.0,5min,Particulate Matter less than 2.5 microns in diameter,000048b02dd3c6d5.ws-nxcore,waggle-aqt530-5511,-9999.9,000048b02dd3c6d5,registry.sagecontinuum.org/kaludib/waggle-aqt530:1.00,vaisala-aqt530,waggle-aqt530,microgram per cubic meter,W095,core,W095
2026-07-11 22:30:05.536979662+00:00,aqt.particle.pm2.5,0.7,5min,Particulate Matter less than 2.5 microns in diameter,000048b02dd3c6d5.ws-nxcore,waggle-aqt530-5511,-9999.9,000048b02dd3c6d5,registry.sagecontinuum.org/kaludib/waggle-aqt530:1.00,vaisala-aqt530,waggle-aqt530,microgram per cubic meter,W095,core,W095
2026-07-11 22:35:05.757970814+00:00,aqt.particle.pm2.5,1.2,5min,Particulate Matter less than 2.5 microns in diameter,000048b02dd3c6d5.ws-nxcore,waggle-aqt530-5511,-9999.9,000048b02dd3c6d5,registry.sagecontinuum.org/kaludib/waggle-aqt530:1.00,vaisala-aqt530,waggle-aqt530,microgram per cubic meter,W095,core,W095
2026-07-11 22:40:05.979845001+00:00,aqt.particle.pm2.5,0.7,5min,Particulate Matter less than 2.5 microns in diameter,000048b02dd3c6d5.ws-nxcore,waggle-aqt530-5511,-9999.9,000048b02dd3c6d5,registry.sagecontinuum.org/kaludib/waggle-aqt530:1.00,vaisala-aqt530,waggle-aqt530,microgram per cubic meter,W095,core,W095
2026-07-11 22:45:05.194164793+00:00,aqt.particle.pm2.5,0.4,5min,Particulate Matter less than 2.5 microns in diameter,000048b02dd3c6d5.ws-nxcore,waggle-aqt530-5511,-9999.9,000048b02dd3c6d5,registry.sagecontinuum.org/kaludib/waggle-aqt530:1.00,vaisala-aqt530,waggle-aqt530,microgram per cubic meter,W095,core,W095
2026-07-11 22:50:05.403818060+00:00,aqt.particle.pm2.5,0.5,5min,Particulate Matter less than 2.5 microns in diameter,000048b02dd3c6d5.ws-nxcore,waggle-aqt530-5511,-9999.9,000048b02dd3c6d5,registry.sagecontinuum.org/kaludib/waggle-aqt530:1.00,vaisala-aqt530,waggle-aqt530,microgram per cubic meter,W095,core,W095
2026-07-11 22:55:05.620117477+00:00,aqt.particle.pm2.5,3.3,5min,Particulate Matter less than 2.5 microns in diameter,000048b02dd3c6d5.ws-nxcore,waggle-aqt530-5511,-9999.9,000048b02dd3c6d5,registry.sagecontinuum.org/kaludib/waggle-aqt530:1.00,vaisala-aqt530,waggle-aqt530,microgram per cubic meter,W095,core,W095
2026-07-11 23:00:05.824370540+00:00,aqt.particle.pm2.5,8.2,5min,Particulate Matter less than 2.5 microns in diameter,000048b02dd3c6d5.ws-nxcore,waggle-aqt530-5511,-9999.9,000048b02dd3c6d5,registry.sagecontinuum.org/kaludib/waggle-aqt530:1.00,vaisala-aqt530,waggle-aqt530,microgram per cubic meter,W095,core,W095
2026-07-11 23:05:06.051585172+00:00,aqt.particle.pm2.5,3.3,5min,Particulate Matter less than 2.5 microns in diameter,000048b02dd3c6d5.ws-nxcore,waggle-aqt530-5511,-9999.9,000048b02dd3c6d5,registry.sagecontinuum.org/kaludib/waggle-aqt530:1.00,vaisala-aqt530,waggle-aqt530,microgram per cubic meter,W095,core,W095
2026-07-11 23:10:05.257512807+00:00,aqt.particle.pm2.5,10.5,5min,Particulate Matter less than 2.5 microns in diameter,000048b02dd3c6d5.ws-nxcore,waggle-aqt530-5511,-9999.9,000048b02dd3c6d5,registry.sagecontinuum.org/kaludib/waggle-aqt530:1.00,vaisala-aqt530,waggle-aqt530,microgram per cubic meter,W095,core,W095
2026-07-11 23:15:05.477656412+00:00,aqt.particle.pm2.5,1.7,5min,Particulate Matter less than 2.5 microns in diameter,000048b02dd3c6d5.ws-nxcore,waggle-aqt530-5511,-9999.9,000048b02dd3c6d5,registry.sagecontinuum.org/kaludib/waggle-aqt530:1.00,vaisala-aqt530,waggle-aqt530,microgram per cubic meter,W095,core,W095
2026-07-11 23:20:05.683415990+00:00,aqt.particle.pm2.5,2.0,5min,Particulate Matter less than 2.5 microns in diameter,000048b02dd3c6d5.ws-nxcore,waggle-aqt530-5511,-9999.9,000048b02dd3c6d5,registry.sagecontinuum.org/kaludib/waggle-aqt530:1.00,vaisala-aqt530,waggle-aqt530,microgram per cubic meter,W095,core,W095
2026-07-11 23:25:05.902719435+00:00,aqt.particle.pm2.5,4.0,5min,Particulate Matter less than 2.5 microns in diameter,000048b02dd3c6d5.ws-nxcore,waggle-aqt530-5511,-9999.9,000048b02dd3c6d5,registry.sagecontinuum.org/kaludib/waggle-aqt530:1.00,vaisala-aqt530,waggle-aqt530,microgram per cubic meter,W095,core,W095
2026-07-11 23:30:05.121323213+00:00,aqt.particle.pm2.5,2.5,5min,Particulate Matter less than 2.5 microns in diameter,000048b02dd3c6d5.ws-nxcore,waggle-aqt530-5511,-9999.9,000048b02dd3c6d5,registry.sagecontinuum.org/kaludib/waggle-aqt530:1.00,vaisala-aqt530,waggle-aqt530,microgram per cubic meter,W095,core,W095
2026-07-11 23:35:05.353280163+00:00,aqt.particle.pm2.5,16.9,5min,Particulate Matter less than 2.5 microns in diameter,000048b02dd3c6d5.ws-nxcore,waggle-aqt530-5511,-9999.9,000048b02dd3c6d5,registry.sagecontinuum.org/kaludib/waggle-aqt530:1.00,vaisala-aqt530,waggle-aqt530,microgram per cubic meter,W095,core,W095
2026-07-11 23:40:05.557276891+00:00,aqt.particle.pm2.5,11.9,5min,Particulate Matter less than 2.5 microns in diameter,000048b02dd3c6d5.ws-nxcore,waggle-aqt530-5511,-9999.9,000048b02dd3c6d5,registry.sagecontinuum.org/kaludib/waggle-aqt530:1.00,vaisala-aqt530,waggle-aqt530,microgram per cubic meter,W095,core,W095
2026-07-11 23:45:05.780834273+00:00,aqt.particle.pm2.5,16.0,5min,Particulate Matter less than 2.5 microns in diameter,000048b02dd3c6d5.ws-nxcore,waggle-aqt530-5511,-9999.9,000048b02dd3c6d5,registry.sagecontinuum.org/kaludib/waggle-aqt530:1.00,vaisala-aqt530,waggle-aqt530,microgram per cubic meter,W095,core,W095
2026-07-11 23:50:06.002888887+00:00,aqt.particle.pm2.5,15.7,5min,Particulate Matter less than 2.5 microns in diameter,000048b02dd3c6d5.ws-nxcore,waggle-aqt530-5511,-9999.9,000048b02dd3c6d5,registry.sagecontinuum.org/kaludib/waggle-aqt530:1.00,vaisala-aqt530,waggle-aqt530,microgram per cubic meter,W095,core,W095
2026-07-11 23:55:05.707772674+00:00,aqt.particle.pm2.5,6.0,5min,Particulate Matter less than 2.5 microns in diameter,000048b02dd3c6d5.ws-nxcore,waggle-aqt530-5511,-9999.9,000048b02dd3c6d5,registry.sagecontinuum.org/kaludib/waggle-aqt530:1.00,vaisala-aqt530,waggle-aqt530,microgram per cubic meter,W095,core,W095
2026-07-12 00:00:05.424930899+00:00,aqt.particle.pm2.5,8.3,5min,Particulate Matter less than 2.5 microns in diameter,000048b02dd3c6d5.ws-nxcore,waggle-aqt530-5511,-9999.9,000048b02dd3c6d5,registry.sagecontinuum.org/kaludib/waggle-aqt530:1.00,vaisala-aqt530,waggle-aqt530,microgram per cubic meter,W095,core,W095
2026-07-12 00:05:05.659511726+00:00,aqt.particle.pm2.5,1.9,5min,Particulate Matter less than 2.5 microns in diameter,000048b02dd3c6d5.ws-nxcore,waggle-aqt530-5511,-9999.9,000048b02dd3c6d5,registry.sagecontinuum.org/kaludib/waggle-aqt530:1.00,vaisala-aqt530,waggle-aqt530,microgram per cubic meter,W095,core,W095
2026-07-12 00:10:05.891429925+00:00,aqt.particle.pm2.5,1.8,5min,Particulate Matter less than 2.5 microns in diameter,000048b02dd3c6d5.ws-nxcore,waggle-aqt530-5511,-9999.9,000048b02dd3c6d5,registry.sagecontinuum.org/kaludib/waggle-aqt530:1.00,vaisala-aqt530,waggle-aqt530,microgram per cubic meter,W095,core,W095
2026-07-12 00:15:05.113201795+00:00,aqt.particle.pm2.5,2.6,5min,Particulate Matter less than 2.5 microns in diameter,000048b02dd3c6d5.ws-nxcore,waggle-aqt530-5511,-9999.9,000048b02dd3c6d5,registry.sagecontinuum.org/kaludib/waggle-aqt530:1.00,vaisala-aqt530,waggle-aqt530,microgram per cubic meter,W095,core,W095
2026-07-12 00:20:05.326002472+00:00,aqt.particle.pm2.5,3.9,5min,Particulate Matter less than 2.5 microns in diameter,000048b02dd3c6d5.ws-nxcore,waggle-aqt530-5511,-9999.9,000048b02dd3c6d5,registry.sagecontinuum.org/kaludib/waggle-aqt530:1.00,vaisala-aqt530,waggle-aqt530,microgram per cubic meter,W095,core,W095
2026-07-12 00:25:05.552030477+00:00,aqt.particle.pm2.5,20.4,5min,Particulate Matter less than 2.5 microns in diameter,000048b02dd3c6d5.ws-nxcore,waggle-aqt530-5511,-9999.9,000048b02dd3c6d5,registry.sagecontinuum.org/kaludib/waggle-aqt530:1.00,vaisala-aqt530,waggle-aqt530,microgram per cubic meter,W095,core,W095
2026-07-12 00:30:05.777881829+00:00,aqt.particle.pm2.5,27.2,5min,Particulate Matter less than 2.5 microns in diameter,000048b02dd3c6d5.ws-nxcore,waggle-aqt530-5511,-9999.9,000048b02dd3c6d5,registry.sagecontinuum.org/kaludib/waggle-aqt530:1.00,vaisala-aqt530,waggle-aqt530,microgram per cubic meter,W095,core,W095
2026-07-12 00:35:05.987528350+00:00,aqt.particle.pm2.5,15.9,5min,Particulate Matter less than 2.5 microns in diameter,000048b02dd3c6d5.ws-nxcore,waggle-aqt530-5511,-9999.9,000048b02dd3c6d5,registry.sagecontinuum.org/kaludib/waggle-aqt530:1.00,vaisala-aqt530,waggle-aqt530,microgram per cubic meter,W095,core,W095
2026-07-12 00:40:05.209383397+00:00,aqt.particle.pm2.5,11.3,5min,Particulate Matter less than 2.5 microns in diameter,000048b02dd3c6d5.ws-nxcore,waggle-aqt530-5511,-9999.9,000048b02dd3c6d5,registry.sagecontinuum.org/kaludib/waggle-aqt530:1.00,vaisala-aqt530,waggle-aqt530,microgram per cubic meter,W095,core,W095
2026-07-12 00:45:05.431791284+00:00,aqt.particle.pm2.5,2.9,5min,Particulate Matter less than 2.5 microns in diameter,000048b02dd3c6d5.ws-nxcore,waggle-aqt530-5511,-9999.9,000048b02dd3c6d5,registry.sagecontinuum.org/kaludib/waggle-aqt530:1.00,vaisala-aqt530,waggle-aqt530,microgram per cubic meter,W095,core,W095
2026-07-12 00:50:05.654308081+00:00,aqt.particle.pm2.5,5.3,5min,Particulate Matter less than 2.5 microns in diameter,000048b02dd3c6d5.ws-nxcore,waggle-aqt530-5511,-9999.9,000048b02dd3c6d5,registry.sagecontinuum.org/kaludib/waggle-aqt530:1.00,vaisala-aqt530,waggle-aqt530,microgram per cubic meter,W095,core,W095
2026-07-12 00:55:05.864373999+00:00,aqt.particle.pm2.5,6.0,5min,Particulate Matter less than 2.5 microns in diameter,000048b02dd3c6d5.ws-nxcore,waggle-aqt530-5511,-9999.9,000048b02dd3c6d5,registry.sagecontinuum.org/kaludib/waggle-aqt530:1.00,vaisala-aqt530,waggle-aqt530,microgram per cubic meter,W095,core,W095
2026-07-12 01:00:06.089940355+00:00,aqt.particle.pm2.5,5.4,5min,Particulate Matter less than 2.5 microns in diameter,000048b02dd3c6d5.ws-nxcore,waggle-aqt530-5511,-9999.9,000048b02dd3c6d5,registry.sagecontinuum.org/kaludib/waggle-aqt530:1.00,vaisala-aqt530,waggle-aqt530,microgram per cubic meter,W095,core,W095
2026-07-12 01:05:05.182709753+00:00,aqt.particle.pm2.5,6.9,5min,Particulate Matter less than 2.5 microns in diameter,000048b02dd3c6d5.ws-nxcore,waggle-aqt530-5511,-9999.9,000048b02dd3c6d5,registry.sagecontinuum.org/kaludib/waggle-aqt530:1.00,vaisala-aqt530,waggle-aqt530,microgram per cubic meter,W095,core,W095
2026-07-12 01:10:05.409318333+00:00,aqt.particle.pm2.5,4.0,5min,Particulate Matter less than 2.5 microns in diameter,000048b02dd3c6d5.ws-nxcore,waggle-aqt530-5511,-9999.9,000048b02dd3c6d5,registry.sagecontinuum.org/kaludib/waggle-aqt530:1.00,vaisala-aqt530,waggle-aqt530,microgram per cubic meter,W095,core,W095
2026-07-12 01:15:05.670563143+00:00,aqt.particle.pm2.5,1.7,5min,Particulate Matter less than 2.5 microns in diameter,000048b02dd3c6d5.ws-nxcore,waggle-aqt530-5511,-9999.9,000048b02dd3c6d5,registry.sagecontinuum.org/kaludib/waggle-aqt530:1.00,vaisala-aqt530,waggle-aqt530,microgram per cubic meter,W095,core,W095
2026-07-12 01:20:05.904895699+00:00,aqt.particle.pm2.5,1.6,5min,Particulate Matter less than 2.5 microns in diameter,000048b02dd3c6d5.ws-nxcore,waggle-aqt530-5511,-9999.9,000048b02dd3c6d5,registry.sagecontinuum.org/kaludib/waggle-aqt530:1.00,vaisala-aqt530,waggle-aqt530,microgram per cubic meter,W095,core,W095
2026-07-12 01:25:05.128609817+00:00,aqt.particle.pm2.5,1.9,5min,Particulate Matter less than 2.5 microns in diameter,000048b02dd3c6d5.ws-nxcore,waggle-aqt530-5511,-9999.9,000048b02dd3c6d5,registry.sagecontinuum.org/kaludib/waggle-aqt530:1.00,vaisala-aqt530,waggle-aqt530,microgram per cubic meter,W095,core,W095
2026-07-12 01:30:05.354327240+00:00,aqt.particle.pm2.5,2.3,5min,Particulate Matter less than 2.5 microns in diameter,000048b02dd3c6d5.ws-nxcore,waggle-aqt530-5511,-9999.9,000048b02dd3c6d5,registry.sagecontinuum.org/kaludib/waggle-aqt530:1.00,vaisala-aqt530,waggle-aqt530,microgram per cubic meter,W095,core,W095
2026-07-12 01:35:05.555043300+00:00,aqt.particle.pm2.5,1.6,5min,Particulate Matter less than 2.5 microns in diameter,000048b02dd3c6d5.ws-nxcore,waggle-aqt530-5511,-9999.9,000048b02dd3c6d5,registry.sagecontinuum.org/kaludib/waggle-aqt530:1.00,vaisala-aqt530,waggle-aqt530,microgram per cubic meter,W095,core,W095
2026-07-12 01:40:05.709615016+00:00,aqt.particle.pm2.5,2.1,5min,Particulate Matter less than 2.5 microns in diameter,000048b02dd3c6d5.ws-nxcore,waggle-aqt530-5511,-9999.9,000048b02dd3c6d5,registry.sagecontinuum.org/kaludib/waggle-aqt530:1.00,vaisala-aqt530,waggle-aqt530,microgram per cubic meter,W095,core,W095
2026-07-12 01:45:05.902569372+00:00,aqt.particle.pm2.5,11.8,5min,Particulate Matter less than 2.5 microns in diameter,000048b02dd3c6d5.ws-nxcore,waggle-aqt530-5511,-9999.9,000048b02dd3c6d5,registry.sagecontinuum.org/kaludib/waggle-aqt530:1.00,vaisala-aqt530,waggle-aqt530,microgram per cubic meter,W095,core,W095
2026-07-12 01:50:05.100534628+00:00,aqt.particle.pm2.5,2.6,5min,Particulate Matter less than 2.5 microns in diameter,000048b02dd3c6d5.ws-nxcore,waggle-aqt530-5511,-9999.9,000048b02dd3c6d5,registry.sagecontinuum.org/kaludib/waggle-aqt530:1.00,vaisala-aqt530,waggle-aqt530,microgram per cubic meter,W095,core,W095
2026-07-12 01:55:05.310339700+00:00,aqt.particle.pm2.5,2.0,5min,Particulate Matter less than 2.5 microns in diameter,000048b02dd3c6d5.ws-nxcore,waggle-aqt530-5511,-9999.9,000048b02dd3c6d5,registry.sagecontinuum.org/kaludib/waggle-aqt530:1.00,vaisala-aqt530,waggle-aqt530,microgram per cubic meter,W095,core,W095
2026-07-12 02:00:05.538014463+00:00,aqt.particle.pm2.5,4.3,5min,Particulate Matter less than 2.5 microns in diameter,000048b02dd3c6d5.ws-nxcore,waggle-aqt530-5511,-9999.9,000048b02dd3c6d5,registry.sagecontinuum.org/kaludib/waggle-aqt530:1.00,vaisala-aqt530,waggle-aqt530,microgram per cubic meter,W095,core,W095
2026-07-12 02:05:05.758338582+00:00,aqt.particle.pm2.5,10.9,5min,Particulate Matter less than 2.5 microns in diameter,000048b02dd3c6d5.ws-nxcore,waggle-aqt530-5511,-9999.9,000048b02dd3c6d5,registry.sagecontinuum.org/kaludib/waggle-aqt530:1.00,vaisala-aqt530,waggle-aqt530,microgram per cubic meter,W095,core,W095
2026-07-12 02:10:04.961011399+00:00,aqt.particle.pm2.5,6.0,5min,Particulate Matter less than 2.5 microns in diameter,000048b02dd3c6d5.ws-nxcore,waggle-aqt530-5511,-9999.9,000048b02dd3c6d5,registry.sagecontinuum.org/kaludib/waggle-aqt530:1.00,vaisala-aqt530,waggle-aqt530,microgram per cubic meter,W095,core,W095
2026-07-12 02:15:05.161269887+00:00,aqt.particle.pm2.5,3.0,5min,Particulate Matter less than 2.5 microns in diameter,000048b02dd3c6d5.ws-nxcore,waggle-aqt530-5511,-9999.9,000048b02dd3c6d5,registry.sagecontinuum.org/kaludib/waggle-aqt530:1.00,vaisala-aqt530,waggle-aqt530,microgram per cubic meter,W095,core,W095
2026-07-12 02:20:05.377946336+00:00,aqt.particle.pm2.5,2.3,5min,Particulate Matter less than 2.5 microns in diameter,000048b02dd3c6d5.ws-nxcore,waggle-aqt530-5511,-9999.9,000048b02dd3c6d5,registry.sagecontinuum.org/kaludib/waggle-aqt530:1.00,vaisala-aqt530,waggle-aqt530,microgram per cubic meter,W095,core,W095
2026-07-12 02:25:05.588760682+00:00,aqt.particle.pm2.5,0.4,5min,Particulate Matter less than 2.5 microns in diameter,000048b02dd3c6d5.ws-nxcore,waggle-aqt530-5511,-9999.9,000048b02dd3c6d5,registry.sagecontinuum.org/kaludib/waggle-aqt530:1.00,vaisala-aqt530,waggle-aqt530,microgram per cubic meter,W095,core,W095
2026-07-12 02:30:05.787473025+00:00,aqt.particle.pm2.5,0.2,5min,Particulate Matter less than 2.5 microns in diameter,000048b02dd3c6d5.ws-nxcore,waggle-aqt530-5511,-9999.9,000048b02dd3c6d5,registry.sagecontinuum.org/kaludib/waggle-aqt530:1.00,vaisala-aqt530,waggle-aqt530,microgram per cubic meter,W095,core,W095
2026-07-12 02:35:05.007852583+00:00,aqt.particle.pm2.5,0.2,5min,Particulate Matter less than 2.5 microns in diameter,000048b02dd3c6d5.ws-nxcore,waggle-aqt530-5511,-9999.9,000048b02dd3c6d5,registry.sagecontinuum.org/kaludib/waggle-aqt530:1.00,vaisala-aqt530,waggle-aqt530,microgram per cubic meter,W095,core,W095
2026-07-12 02:40:05.207804552+00:00,aqt.particle.pm2.5,0.2,5min,Particulate Matter less than 2.5 microns in diameter,000048b02dd3c6d5.ws-nxcore,waggle-aqt530-5511,-9999.9,000048b02dd3c6d5,registry.sagecontinuum.org/kaludib/waggle-aqt530:1.00,vaisala-aqt530,waggle-aqt530,microgram per cubic meter,W095,core,W095
2026-07-12 02:45:05.422817951+00:00,aqt.particle.pm2.5,0.8,5min,Particulate Matter less than 2.5 microns in diameter,000048b02dd3c6d5.ws-nxcore,waggle-aqt530-5511,-9999.9,000048b02dd3c6d5,registry.sagecontinuum.org/kaludib/waggle-aqt530:1.00,vaisala-aqt530,waggle-aqt530,microgram per cubic meter,W095,core,W095
2026-07-12 02:50:05.621123441+00:00,aqt.particle.pm2.5,1.1,5min,Particulate Matter less than 2.5 microns in diameter,000048b02dd3c6d5.ws-nxcore,waggle-aqt530-5511,-9999.9,000048b02dd3c6d5,registry.sagecontinuum.org/kaludib/waggle-aqt530:1.00,vaisala-aqt530,waggle-aqt530,microgram per cubic meter,W095,core,W095
2026-07-12 02:55:04.838498287+00:00,aqt.particle.pm2.5,4.0,5min,Particulate Matter less than 2.5 microns in diameter,000048b02dd3c6d5.ws-nxcore,waggle-aqt530-5511,-9999.9,000048b02dd3c6d5,registry.sagecontinuum.org/kaludib/waggle-aqt530:1.00,vaisala-aqt530,waggle-aqt530,microgram per cubic meter,W095,core,W095
2026-07-12 03:00:05.177920926+00:00,aqt.particle.pm2.5,0.8,5min,Particulate Matter less than 2.5 microns in diameter,000048b02dd3c6d5.ws-nxcore,waggle-aqt530-5511,-9999.9,000048b02dd3c6d5,registry.sagecontinuum.org/kaludib/waggle-aqt530:1.00,vaisala-aqt530,waggle-aqt530,microgram per cubic meter,W095,core,W095
2026-07-12 03:05:05.375791486+00:00,aqt.particle.pm2.5,1.1,5min,Particulate Matter less than 2.5 microns in diameter,000048b02dd3c6d5.ws-nxcore,waggle-aqt530-5511,-9999.9,000048b02dd3c6d5,registry.sagecontinuum.org/kaludib/waggle-aqt530:1.00,vaisala-aqt530,waggle-aqt530,microgram per cubic meter,W095,core,W095
2026-07-12 03:10:05.631524416+00:00,aqt.particle.pm2.5,0.9,5min,Particulate Matter less than 2.5 microns in diameter,000048b02dd3c6d5.ws-nxcore,waggle-aqt530-5511,-9999.9,000048b02dd3c6d5,registry.sagecontinuum.org/kaludib/waggle-aqt530:1.00,vaisala-aqt530,waggle-aqt530,microgram per cubic meter,W095,core,W095
2026-07-12 03:15:05.804659593+00:00,aqt.particle.pm2.5,7.5,5min,Particulate Matter less than 2.5 microns in diameter,000048b02dd3c6d5.ws-nxcore,waggle-aqt530-5511,-9999.9,000048b02dd3c6d5,registry.sagecontinuum.org/kaludib/waggle-aqt530:1.00,vaisala-aqt530,waggle-aqt530,microgram per cubic meter,W095,core,W095
2026-07-12 03:20:04.980360639+00:00,aqt.particle.pm2.5,8.2,5min,Particulate Matter less than 2.5 microns in diameter,000048b02dd3c6d5.ws-nxcore,waggle-aqt530-5511,-9999.9,000048b02dd3c6d5,registry.sagecontinuum.org/kaludib/waggle-aqt530:1.00,vaisala-aqt530,waggle-aqt530,microgram per cubic meter,W095,core,W095
2026-07-12 03:25:05.264301631+00:00,aqt.particle.pm2.5,9.3,5min,Particulate Matter less than 2.5 microns in diameter,000048b02dd3c6d5.ws-nxcore,waggle-aqt530-5511,-9999.9,000048b02dd3c6d5,registry.sagecontinuum.org/kaludib/waggle-aqt530:1.00,vaisala-aqt530,waggle-aqt530,microgram per cubic meter,W095,core,W095
2026-07-12 03:30:05.511092706+00:00,aqt.particle.pm2.5,9.3,5min,Particulate Matter less than 2.5 microns in diameter,000048b02dd3c6d5.ws-nxcore,waggle-aqt530-5511,-9999.9,000048b02dd3c6d5,registry.sagecontinuum.org/kaludib/waggle-aqt530:1.00,vaisala-aqt530,waggle-aqt530,microgram per cubic meter,W095,core,W095
2026-07-12 03:35:05.706171184+00:00,aqt.particle.pm2.5,4.9,5min,Particulate Matter less than 2.5 microns in diameter,000048b02dd3c6d5.ws-nxcore,waggle-aqt530-5511,-9999.9,000048b02dd3c6d5,registry.sagecontinuum.org/kaludib/waggle-aqt530:1.00,vaisala-aqt530,waggle-aqt530,microgram per cubic meter,W095,core,W095
2026-07-12 03:40:05.929755693+00:00,aqt.particle.pm2.5,1.5,5min,Particulate Matter less than 2.5 microns in diameter,000048b02dd3c6d5.ws-nxcore,waggle-aqt530-5511,-9999.9,000048b02dd3c6d5,registry.sagecontinuum.org/kaludib/waggle-aqt530:1.00,vaisala-aqt530,waggle-aqt530,microgram per cubic meter,W095,core,W095
2026-07-12 03:45:05.153613221+00:00,aqt.particle.pm2.5,2.9,5min,Particulate Matter less than 2.5 microns in diameter,000048b02dd3c6d5.ws-nxcore,waggle-aqt530-5511,-9999.9,000048b02dd3c6d5,registry.sagecontinuum.org/kaludib/waggle-aqt530:1.00,vaisala-aqt530,waggle-aqt530,microgram per cubic meter,W095,core,W095
2026-07-12 03:50:05.384670731+00:00,aqt.particle.pm2.5,5.4,5min,Particulate Matter less than 2.5 microns in diameter,000048b02dd3c6d5.ws-nxcore,waggle-aqt530-5511,-9999.9,000048b02dd3c6d5,registry.sagecontinuum.org/kaludib/waggle-aqt530:1.00,vaisala-aqt530,waggle-aqt530,microgram per cubic meter,W095,core,W095
2026-07-12 03:55:05.601056493+00:00,aqt.particle.pm2.5,1.0,5min,Particulate Matter less than 2.5 microns in diameter,000048b02dd3c6d5.ws-nxcore,waggle-aqt530-5511,-9999.9,000048b02dd3c6d5,registry.sagecontinuum.org/kaludib/waggle-aqt530:1.00,vaisala-aqt530,waggle-aqt530,microgram per cubic meter,W095,core,W095
2026-07-12 04:00:05.796551401+00:00,aqt.particle.pm2.5,0.6,5min,Particulate Matter less than 2.5 microns in diameter,000048b02dd3c6d5.ws-nxcore,waggle-aqt530-5511,-9999.9,000048b02dd3c6d5,registry.sagecontinuum.org/kaludib/waggle-aqt530:1.00,vaisala-aqt530,waggle-aqt530,microgram per cubic meter,W095,core,W095
2026-07-12 04:05:05.003965078+00:00,aqt.particle.pm2.5,0.2,5min,Particulate Matter less than 2.5 microns in diameter,000048b02dd3c6d5.ws-nxcore,waggle-aqt530-5511,-9999.9,000048b02dd3c6d5,registry.sagecontinuum.org/kaludib/waggle-aqt530:1.00,vaisala-aqt530,waggle-aqt530,microgram per cubic meter,W095,core,W095
2026-07-12 04:10:05.225485845+00:00,aqt.particle.pm2.5,0.1,5min,Particulate Matter less than 2.5 microns in diameter,000048b02dd3c6d5.ws-nxcore,waggle-aqt530-5511,-9999.9,000048b02dd3c6d5,registry.sagecontinuum.org/kaludib/waggle-aqt530:1.00,vaisala-aqt530,waggle-aqt530,microgram per cubic meter,W095,core,W095
2026-07-12 04:15:05.396015813+00:00,aqt.particle.pm2.5,1.0,5min,Particulate Matter less than 2.5 microns in diameter,000048b02dd3c6d5.ws-nxcore,waggle-aqt530-5511,-9999.9,000048b02dd3c6d5,registry.sagecontinuum.org/kaludib/waggle-aqt530:1.00,vaisala-aqt530,waggle-aqt530,microgram per cubic meter,W095,core,W095
2026-07-12 04:20:05.570122333+00:00,aqt.particle.pm2.5,5.2,5min,Particulate Matter less than 2.5 microns in diameter,000048b02dd3c6d5.ws-nxcore,waggle-aqt530-5511,-9999.9,000048b02dd3c6d5,registry.sagecontinuum.org/kaludib/waggle-aqt530:1.00,vaisala-aqt530,waggle-aqt530,microgram per cubic meter,W095,core,W095
2026-07-12 04:25:05.770827381+00:00,aqt.particle.pm2.5,4.1,5min,Particulate Matter less than 2.5 microns in diameter,000048b02dd3c6d5.ws-nxcore,waggle-aqt530-5511,-9999.9,000048b02dd3c6d5,registry.sagecontinuum.org/kaludib/waggle-aqt530:1.00,vaisala-aqt530,waggle-aqt530,microgram per cubic meter,W095,core,W095
2026-07-12 04:30:04.979933377+00:00,aqt.particle.pm2.5,6.6,5min,Particulate Matter less than 2.5 microns in diameter,000048b02dd3c6d5.ws-nxcore,waggle-aqt530-5511,-9999.9,000048b02dd3c6d5,registry.sagecontinuum.org/kaludib/waggle-aqt530:1.00,vaisala-aqt530,waggle-aqt530,microgram per cubic meter,W095,core,W095
2026-07-12 04:35:05.231677724+00:00,aqt.particle.pm2.5,7.0,5min,Particulate Matter less than 2.5 microns in diameter,000048b02dd3c6d5.ws-nxcore,waggle-aqt530-5511,-9999.9,000048b02dd3c6d5,registry.sagecontinuum.org/kaludib/waggle-aqt530:1.00,vaisala-aqt530,waggle-aqt530,microgram per cubic meter,W095,core,W095
2026-07-12 04:40:05.467691697+00:00,aqt.particle.pm2.5,8.0,5min,Particulate Matter less than 2.5 microns in diameter,000048b02dd3c6d5.ws-nxcore,waggle-aqt530-5511,-9999.9,000048b02dd3c6d5,registry.sagecontinuum.org/kaludib/waggle-aqt530:1.00,vaisala-aqt530,waggle-aqt530,microgram per cubic meter,W095,core,W095
2026-07-12 04:45:05.694279554+00:00,aqt.particle.pm2.5,0.3,5min,Particulate Matter less than 2.5 microns in diameter,000048b02dd3c6d5.ws-nxcore,waggle-aqt530-5511,-9999.9,000048b02dd3c6d5,registry.sagecontinuum.org/kaludib/waggle-aqt530:1.00,vaisala-aqt530,waggle-aqt530,microgram per cubic meter,W095,core,W095
2026-07-12 04:50:04.872236101+00:00,aqt.particle.pm2.5,4.8,5min,Particulate Matter less than 2.5 microns in diameter,000048b02dd3c6d5.ws-nxcore,waggle-aqt530-5511,-9999.9,000048b02dd3c6d5,registry.sagecontinuum.org/kaludib/waggle-aqt530:1.00,vaisala-aqt530,waggle-aqt530,microgram per cubic meter,W095,core,W095
2026-07-12 04:55:05.066433379+00:00,aqt.particle.pm2.5,5.5,5min,Particulate Matter less than 2.5 microns in diameter,000048b02dd3c6d5.ws-nxcore,waggle-aqt530-5511,-9999.9,000048b02dd3c6d5,registry.sagecontinuum.org/kaludib/waggle-aqt530:1.00,vaisala-aqt530,waggle-aqt530,microgram per cubic meter,W095,core,W095
2026-07-12 05:00:05.264039712+00:00,aqt.particle.pm2.5,6.2,5min,Particulate Matter less than 2.5 microns in diameter,000048b02dd3c6d5.ws-nxcore,waggle-aqt530-5511,-9999.9,000048b02dd3c6d5,registry.sagecontinuum.org/kaludib/waggle-aqt530:1.00,vaisala-aqt530,waggle-aqt530,microgram per cubic meter,W095,core,W095
2026-07-12 05:05:05.473883555+00:00,aqt.particle.pm2.5,4.9,5min,Particulate Matter less than 2.5 microns in diameter,000048b02dd3c6d5.ws-nxcore,waggle-aqt530-5511,-9999.9,000048b02dd3c6d5,registry.sagecontinuum.org/kaludib/waggle-aqt530:1.00,vaisala-aqt530,waggle-aqt530,microgram per cubic meter,W095,core,W095
2026-07-12 05:10:05.693680942+00:00,aqt.particle.pm2.5,6.1,5min,Particulate Matter less than 2.5 microns in diameter,000048b02dd3c6d5.ws-nxcore,waggle-aqt530-5511,-9999.9,000048b02dd3c6d5,registry.sagecontinuum.org/kaludib/waggle-aqt530:1.00,vaisala-aqt530,waggle-aqt530,microgram per cubic meter,W095,core,W095
2026-07-12 05:15:04.904079984+00:00,aqt.particle.pm2.5,6.1,5min,Particulate Matter less than 2.5 microns in diameter,000048b02dd3c6d5.ws-nxcore,waggle-aqt530-5511,-9999.9,000048b02dd3c6d5,registry.sagecontinuum.org/kaludib/waggle-aqt530:1.00,vaisala-aqt530,waggle-aqt530,microgram per cubic meter,W095,core,W095
2026-07-12 05:20:05.105972959+00:00,aqt.particle.pm2.5,6.5,5min,Particulate Matter less than 2.5 microns in diameter,000048b02dd3c6d5.ws-nxcore,waggle-aqt530-5511,-9999.9,000048b02dd3c6d5,registry.sagecontinuum.org/kaludib/waggle-aqt530:1.00,vaisala-aqt530,waggle-aqt530,microgram per cubic meter,W095,core,W095
2026-07-12 05:25:05.323674284+00:00,aqt.particle.pm2.5,5.2,5min,Particulate Matter less than 2.5 microns in diameter,000048b02dd3c6d5.ws-nxcore,waggle-aqt530-5511,-9999.9,000048b02dd3c6d5,registry.sagecontinuum.org/kaludib/waggle-aqt530:1.00,vaisala-aqt530,waggle-aqt530,microgram per cubic meter,W095,core,W095
2026-07-12 05:30:05.536944502+00:00,aqt.particle.pm2.5,2.2,5min,Particulate Matter less than 2.5 microns in diameter,000048b02dd3c6d5.ws-nxcore,waggle-aqt530-5511,-9999.9,000048b02dd3c6d5,registry.sagecontinuum.org/kaludib/waggle-aqt530:1.00,vaisala-aqt530,waggle-aqt530,microgram per cubic meter,W095,core,W095
2026-07-12 05:35:05.737834283+00:00,aqt.particle.pm2.5,1.3,5min,Particulate Matter less than 2.5 microns in diameter,000048b02dd3c6d5.ws-nxcore,waggle-aqt530-5511,-9999.9,000048b02dd3c6d5,registry.sagecontinuum.org/kaludib/waggle-aqt530:1.00,vaisala-aqt530,waggle-aqt530,microgram per cubic meter,W095,core,W095
2026-07-12 05:40:04.953982687+00:00,aqt.particle.pm2.5,0.9,5min,Particulate Matter less than 2.5 microns in diameter,000048b02dd3c6d5.ws-nxcore,waggle-aqt530-5511,-9999.9,000048b02dd3c6d5,registry.sagecontinuum.org/kaludib/waggle-aqt530:1.00,vaisala-aqt530,waggle-aqt530,microgram per cubic meter,W095,core,W095
2026-07-12 05:45:05.182490951+00:00,aqt.particle.pm2.5,0.3,5min,Particulate Matter less than 2.5 microns in diameter,000048b02dd3c6d5.ws-nxcore,waggle-aqt530-5511,-9999.9,000048b02dd3c6d5,registry.sagecontinuum.org/kaludib/waggle-aqt530:1.00,vaisala-aqt530,waggle-aqt530,microgram per cubic meter,W095,core,W095
2026-07-12 05:50:05.406298240+00:00,aqt.particle.pm2.5,0.2,5min,Particulate Matter less than 2.5 microns in diameter,000048b02dd3c6d5.ws-nxcore,waggle-aqt530-5511,-9999.9,000048b02dd3c6d5,registry.sagecontinuum.org/kaludib/waggle-aqt530:1.00,vaisala-aqt530,waggle-aqt530,microgram per cubic meter,W095,core,W095
2026-07-12 05:55:05.611198962+00:00,aqt.particle.pm2.5,0.0,5min,Particulate Matter less than 2.5 microns in diameter,000048b02dd3c6d5.ws-nxcore,waggle-aqt530-5511,-9999.9,000048b02dd3c6d5,registry.sagecontinuum.org/kaludib/waggle-aqt530:1.00,vaisala-aqt530,waggle-aqt530,microgram per cubic meter,W095,core,W095
2026-07-12 06:00:04.824788364+00:00,aqt.particle.pm2.5,0.2,5min,Particulate Matter less than 2.5 microns in diameter,000048b02dd3c6d5.ws-nxcore,waggle-aqt530-5511,-9999.9,000048b02dd3c6d5,registry.sagecontinuum.org/kaludib/waggle-aqt530:1.00,vaisala-aqt530,waggle-aqt530,microgram per cubic meter,W095,core,W095
2026-07-12 06:05:05.041159257+00:00,aqt.particle.pm2.5,0.1,5min,Particulate Matter less than 2.5 microns in diameter,000048b02dd3c6d5.ws-nxcore,waggle-aqt530-5511,-9999.9,000048b02dd3c6d5,registry.sagecontinuum.org/kaludib/waggle-aqt530:1.00,vaisala-aqt530,waggle-aqt530,microgram per cubic meter,W095,core,W095
2026-07-12 06:10:05.260459281+00:00,aqt.particle.pm2.5,0.3,5min,Particulate Matter less than 2.5 microns in diameter,000048b02dd3c6d5.ws-nxcore,waggle-aqt530-5511,-9999.9,000048b02dd3c6d5,registry.sagecontinuum.org/kaludib/waggle-aqt530:1.00,vaisala-aqt530,waggle-aqt530,microgram per cubic meter,W095,core,W095
2026-07-12 06:15:05.471577223+00:00,aqt.particle.pm2.5,0.4,5min,Particulate Matter less than 2.5 microns in diameter,000048b02dd3c6d5.ws-nxcore,waggle-aqt530-5511,-9999.9,000048b02dd3c6d5,registry.sagecontinuum.org/kaludib/waggle-aqt530:1.00,vaisala-aqt530,waggle-aqt530,microgram per cubic meter,W095,core,W095
2026-07-12 06:20:05.701022562+00:00,aqt.particle.pm2.5,0.5,5min,Particulate Matter less than 2.5 microns in diameter,000048b02dd3c6d5.ws-nxcore,waggle-aqt530-5511,-9999.9,000048b02dd3c6d5,registry.sagecontinuum.org/kaludib/waggle-aqt530:1.00,vaisala-aqt530,waggle-aqt530,microgram per cubic meter,W095,core,W095
2026-07-12 06:25:04.917109872+00:00,aqt.particle.pm2.5,2.8,5min,Particulate Matter less than 2.5 microns in diameter,000048b02dd3c6d5.ws-nxcore,waggle-aqt530-5511,-9999.9,000048b02dd3c6d5,registry.sagecontinuum.org/kaludib/waggle-aqt530:1.00,vaisala-aqt530,waggle-aqt530,microgram per cubic meter,W095,core,W095
2026-07-12 06:30:05.138854593+00:00,aqt.particle.pm2.5,3.0,5min,Particulate Matter less than 2.5 microns in diameter,000048b02dd3c6d5.ws-nxcore,waggle-aqt530-5511,-9999.9,000048b02dd3c6d5,registry.sagecontinuum.org/kaludib/waggle-aqt530:1.00,vaisala-aqt530,waggle-aqt530,microgram per cubic meter,W095,core,W095
2026-07-12 06:35:05.360267610+00:00,aqt.particle.pm2.5,2.3,5min,Particulate Matter less than 2.5 microns in diameter,000048b02dd3c6d5.ws-nxcore,waggle-aqt530-5511,-9999.9,000048b02dd3c6d5,registry.sagecontinuum.org/kaludib/waggle-aqt530:1.00,vaisala-aqt530,waggle-aqt530,microgram per cubic meter,W095,core,W095
2026-07-12 06:40:05.566587841+00:00,aqt.particle.pm2.5,5.1,5min,Particulate Matter less than 2.5 microns in diameter,000048b02dd3c6d5.ws-nxcore,waggle-aqt530-5511,-9999.9,000048b02dd3c6d5,registry.sagecontinuum.org/kaludib/waggle-aqt530:1.00,vaisala-aqt530,waggle-aqt530,microgram per cubic meter,W095,core,W095
2026-07-12 06:45:04.777649808+00:00,aqt.particle.pm2.5,2.6,5min,Particulate Matter less than 2.5 microns in diameter,000048b02dd3c6d5.ws-nxcore,waggle-aqt530-5511,-9999.9,000048b02dd3c6d5,registry.sagecontinuum.org/kaludib/waggle-aqt530:1.00,vaisala-aqt530,waggle-aqt530,microgram per cubic meter,W095,core,W095
2026-07-12 06:50:04.992865799+00:00,aqt.particle.pm2.5,2.2,5min,Particulate Matter less than 2.5 microns in diameter,000048b02dd3c6d5.ws-nxcore,waggle-aqt530-5511,-9999.9,000048b02dd3c6d5,registry.sagecontinuum.org/kaludib/waggle-aqt530:1.00,vaisala-aqt530,waggle-aqt530,microgram per cubic meter,W095,core,W095
2026-07-12 06:55:05.205860568+00:00,aqt.particle.pm2.5,3.0,5min,Particulate Matter less than 2.5 microns in diameter,000048b02dd3c6d5.ws-nxcore,waggle-aqt530-5511,-9999.9,000048b02dd3c6d5,registry.sagecontinuum.org/kaludib/waggle-aqt530:1.00,vaisala-aqt530,waggle-aqt530,microgram per cubic meter,W095,core,W095
2026-07-12 07:00:05.424272116+00:00,aqt.particle.pm2.5,0.5,5min,Particulate Matter less than 2.5 microns in diameter,000048b02dd3c6d5.ws-nxcore,waggle-aqt530-5511,-9999.9,000048b02dd3c6d5,registry.sagecontinuum.org/kaludib/waggle-aqt530:1.00,vaisala-aqt530,waggle-aqt530,microgram per cubic meter,W095,core,W095
2026-07-12 07:05:05.625770219+00:00,aqt.particle.pm2.5,1.1,5min,Particulate Matter less than 2.5 microns in diameter,000048b02dd3c6d5.ws-nxcore,waggle-aqt530-5511,-9999.9,000048b02dd3c6d5,registry.sagecontinuum.org/kaludib/waggle-aqt530:1.00,vaisala-aqt530,waggle-aqt530,microgram per cubic meter,W095,core,W095
2026-07-12 07:10:04.838815133+00:00,aqt.particle.pm2.5,0.7,5min,Particulate Matter less than 2.5 microns in diameter,000048b02dd3c6d5.ws-nxcore,waggle-aqt530-5511,-9999.9,000048b02dd3c6d5,registry.sagecontinuum.org/kaludib/waggle-aqt530:1.00,vaisala-aqt530,waggle-aqt530,microgram per cubic meter,W095,core,W095
2026-07-12 07:15:05.052859066+00:00,aqt.particle.pm2.5,0.6,5min,Particulate Matter less than 2.5 microns in diameter,000048b02dd3c6d5.ws-nxcore,waggle-aqt530-5511,-9999.9,000048b02dd3c6d5,registry.sagecontinuum.org/kaludib/waggle-aqt530:1.00,vaisala-aqt530,waggle-aqt530,microgram per cubic meter,W095,core,W095
2026-07-12 07:20:05.256973838+00:00,aqt.particle.pm2.5,0.8,5min,Particulate Matter less than 2.5 microns in diameter,000048b02dd3c6d5.ws-nxcore,waggle-aqt530-5511,-9999.9,000048b02dd3c6d5,registry.sagecontinuum.org/kaludib/waggle-aqt530:1.00,vaisala-aqt530,waggle-aqt530,microgram per cubic meter,W095,core,W095
2026-07-12 07:25:05.475989613+00:00,aqt.particle.pm2.5,0.6,5min,Particulate Matter less than 2.5 microns in diameter,000048b02dd3c6d5.ws-nxcore,waggle-aqt530-5511,-9999.9,000048b02dd3c6d5,registry.sagecontinuum.org/kaludib/waggle-aqt530:1.00,vaisala-aqt530,waggle-aqt530,microgram per cubic meter,W095,core,W095
2026-07-12 07:30:04.685875045+00:00,aqt.particle.pm2.5,0.5,5min,Particulate Matter less than 2.5 microns in diameter,000048b02dd3c6d5.ws-nxcore,waggle-aqt530-5511,-9999.9,000048b02dd3c6d5,registry.sagecontinuum.org/kaludib/waggle-aqt530:1.00,vaisala-aqt530,waggle-aqt530,microgram per cubic meter,W095,core,W095
2026-07-12 07:35:04.903923401+00:00,aqt.particle.pm2.5,0.5,5min,Particulate Matter less than 2.5 microns in diameter,000048b02dd3c6d5.ws-nxcore,waggle-aqt530-5511,-9999.9,000048b02dd3c6d5,registry.sagecontinuum.org/kaludib/waggle-aqt530:1.00,vaisala-aqt530,waggle-aqt530,microgram per cubic meter,W095,core,W095
2026-07-12 07:40:05.149088179+00:00,aqt.particle.pm2.5,0.5,5min,Particulate Matter less than 2.5 microns in diameter,000048b02dd3c6d5.ws-nxcore,waggle-aqt530-5511,-9999.9,000048b02dd3c6d5,registry.sagecontinuum.org/kaludib/waggle-aqt530:1.00,vaisala-aqt530,waggle-aqt530,microgram per cubic meter,W095,core,W095
2026-07-12 07:45:05.409113509+00:00,aqt.particle.pm2.5,0.0,5min,Particulate Matter less than 2.5 microns in diameter,000048b02dd3c6d5.ws-nxcore,waggle-aqt530-5511,-9999.9,000048b02dd3c6d5,registry.sagecontinuum.org/kaludib/waggle-aqt530:1.00,vaisala-aqt530,waggle-aqt530,microgram per cubic meter,W095,core,W095
2026-07-12 07:50:05.649755802+00:00,aqt.particle.pm2.5,0.8,5min,Particulate Matter less than 2.5 microns in diameter,000048b02dd3c6d5.ws-nxcore,waggle-aqt530-5511,-9999.9,000048b02dd3c6d5,registry.sagecontinuum.org/kaludib/waggle-aqt530:1.00,vaisala-aqt530,waggle-aqt530,microgram per cubic meter,W095,core,W095
2026-07-12 07:55:04.867035889+00:00,aqt.particle.pm2.5,2.3,5min,Particulate Matter less than 2.5 microns in diameter,000048b02dd3c6d5.ws-nxcore,waggle-aqt530-5511,-9999.9,000048b02dd3c6d5,registry.sagecontinuum.org/kaludib/waggle-aqt530:1.00,vaisala-aqt530,waggle-aqt530,microgram per cubic meter,W095,core,W095
2026-07-12 08:00:05.052949583+00:00,aqt.particle.pm2.5,2.0,5min,Particulate Matter less than 2.5 microns in diameter,000048b02dd3c6d5.ws-nxcore,waggle-aqt530-5511,-9999.9,000048b02dd3c6d5,registry.sagecontinuum.org/kaludib/waggle-aqt530:1.00,vaisala-aqt530,waggle-aqt530,microgram per cubic meter,W095,core,W095
2026-07-12 08:05:05.249166943+00:00,aqt.particle.pm2.5,1.9,5min,Particulate Matter less than 2.5 microns in diameter,000048b02dd3c6d5.ws-nxcore,waggle-aqt530-5511,-9999.9,000048b02dd3c6d5,registry.sagecontinuum.org/kaludib/waggle-aqt530:1.00,vaisala-aqt530,waggle-aqt530,microgram per cubic meter,W095,core,W095
2026-07-12 08:10:05.469973446+00:00,aqt.particle.pm2.5,2.7,5min,Particulate Matter less than 2.5 microns in diameter,000048b02dd3c6d5.ws-nxcore,waggle-aqt530-5511,-9999.9,000048b02dd3c6d5,registry.sagecontinuum.org/kaludib/waggle-aqt530:1.00,vaisala-aqt530,waggle-aqt530,microgram per cubic meter,W095,core,W095
2026-07-12 08:15:05.658145377+00:00,aqt.particle.pm2.5,2.5,5min,Particulate Matter less than 2.5 microns in diameter,000048b02dd3c6d5.ws-nxcore,waggle-aqt530-5511,-9999.9,000048b02dd3c6d5,registry.sagecontinuum.org/kaludib/waggle-aqt530:1.00,vaisala-aqt530,waggle-aqt530,microgram per cubic meter,W095,core,W095
2026-07-12 08:20:04.847740629+00:00,aqt.particle.pm2.5,3.0,5min,Particulate Matter less than 2.5 microns in diameter,000048b02dd3c6d5.ws-nxcore,waggle-aqt530-5511,-9999.9,000048b02dd3c6d5,registry.sagecontinuum.org/kaludib/waggle-aqt530:1.00,vaisala-aqt530,waggle-aqt530,microgram per cubic meter,W095,core,W095
2026-07-12 08:25:05.042538616+00:00,aqt.particle.pm2.5,2.9,5min,Particulate Matter less than 2.5 microns in diameter,000048b02dd3c6d5.ws-nxcore,waggle-aqt530-5511,-9999.9,000048b02dd3c6d5,registry.sagecontinuum.org/kaludib/waggle-aqt530:1.00,vaisala-aqt530,waggle-aqt530,microgram per cubic meter,W095,core,W095
2026-07-12 08:30:05.258256022+00:00,aqt.particle.pm2.5,3.3,5min,Particulate Matter less than 2.5 microns in diameter,000048b02dd3c6d5.ws-nxcore,waggle-aqt530-5511,-9999.9,000048b02dd3c6d5,registry.sagecontinuum.org/kaludib/waggle-aqt530:1.00,vaisala-aqt530,waggle-aqt530,microgram per cubic meter,W095,core,W095
2026-07-12 08:35:05.488569331+00:00,aqt.particle.pm2.5,2.3,5min,Particulate Matter less than 2.5 microns in diameter,000048b02dd3c6d5.ws-nxcore,waggle-aqt530-5511,-9999.9,000048b02dd3c6d5,registry.sagecontinuum.org/kaludib/waggle-aqt530:1.00,vaisala-aqt530,waggle-aqt530,microgram per cubic meter,W095,core,W095
2026-07-12 08:40:04.696339477+00:00,aqt.particle.pm2.5,2.0,5min,Particulate Matter less than 2.5 microns in diameter,000048b02dd3c6d5.ws-nxcore,waggle-aqt530-5511,-9999.9,000048b02dd3c6d5,registry.sagecontinuum.org/kaludib/waggle-aqt530:1.00,vaisala-aqt530,waggle-aqt530,microgram per cubic meter,W095,core,W095
2026-07-12 08:45:04.897781453+00:00,aqt.particle.pm2.5,2.1,5min,Particulate Matter less than 2.5 microns in diameter,000048b02dd3c6d5.ws-nxcore,waggle-aqt530-5511,-9999.9,000048b02dd3c6d5,registry.sagecontinuum.org/kaludib/waggle-aqt530:1.00,vaisala-aqt530,waggle-aqt530,microgram per cubic meter,W095,core,W095
2026-07-12 08:50:05.115835008+00:00,aqt.particle.pm2.5,2.0,5min,Particulate Matter less than 2.5 microns in diameter,000048b02dd3c6d5.ws-nxcore,waggle-aqt530-5511,-9999.9,000048b02dd3c6d5,registry.sagecontinuum.org/kaludib/waggle-aqt530:1.00,vaisala-aqt530,waggle-aqt530,microgram per cubic meter,W095,core,W095
2026-07-12 08:55:05.331942724+00:00,aqt.particle.pm2.5,2.1,5min,Particulate Matter less than 2.5 microns in diameter,000048b02dd3c6d5.ws-nxcore,waggle-aqt530-5511,-9999.9,000048b02dd3c6d5,registry.sagecontinuum.org/kaludib/waggle-aqt530:1.00,vaisala-aqt530,waggle-aqt530,microgram per cubic meter,W095,core,W095
2026-07-12 09:00:05.534284827+00:00,aqt.particle.pm2.5,2.0,5min,Particulate Matter less than 2.5 microns in diameter,000048b02dd3c6d5.ws-nxcore,waggle-aqt530-5511,-9999.9,000048b02dd3c6d5,registry.sagecontinuum.org/kaludib/waggle-aqt530:1.00,vaisala-aqt530,waggle-aqt530,microgram per cubic meter,W095,core,W095
2026-07-12 09:05:04.742775619+00:00,aqt.particle.pm2.5,2.4,5min,Particulate Matter less than 2.5 microns in diameter,000048b02dd3c6d5.ws-nxcore,waggle-aqt530-5511,-9999.9,000048b02dd3c6d5,registry.sagecontinuum.org/kaludib/waggle-aqt530:1.00,vaisala-aqt530,waggle-aqt530,microgram per cubic meter,W095,core,W095
2026-07-12 09:10:04.961197671+00:00,aqt.particle.pm2.5,2.6,5min,Particulate Matter less than 2.5 microns in diameter,000048b02dd3c6d5.ws-nxcore,waggle-aqt530-5511,-9999.9,000048b02dd3c6d5,registry.sagecontinuum.org/kaludib/waggle-aqt530:1.00,vaisala-aqt530,waggle-aqt530,microgram per cubic meter,W095,core,W095
2026-07-12 09:15:05.176141389+00:00,aqt.particle.pm2.5,2.2,5min,Particulate Matter less than 2.5 microns in diameter,000048b02dd3c6d5.ws-nxcore,waggle-aqt530-5511,-9999.9,000048b02dd3c6d5,registry.sagecontinuum.org/kaludib/waggle-aqt530:1.00,vaisala-aqt530,waggle-aqt530,microgram per cubic meter,W095,core,W095
2026-07-12 09:20:05.391796284+00:00,aqt.particle.pm2.5,2.8,5min,Particulate Matter less than 2.5 microns in diameter,000048b02dd3c6d5.ws-nxcore,waggle-aqt530-5511,-9999.9,000048b02dd3c6d5,registry.sagecontinuum.org/kaludib/waggle-aqt530:1.00,vaisala-aqt530,waggle-aqt530,microgram per cubic meter,W095,core,W095
2026-07-12 09:25:04.622535067+00:00,aqt.particle.pm2.5,3.1,5min,Particulate Matter less than 2.5 microns in diameter,000048b02dd3c6d5.ws-nxcore,waggle-aqt530-5511,-9999.9,000048b02dd3c6d5,registry.sagecontinuum.org/kaludib/waggle-aqt530:1.00,vaisala-aqt530,waggle-aqt530,microgram per cubic meter,W095,core,W095
2026-07-12 09:30:04.828932367+00:00,aqt.particle.pm2.5,2.7,5min,Particulate Matter less than 2.5 microns in diameter,000048b02dd3c6d5.ws-nxcore,waggle-aqt530-5511,-9999.9,000048b02dd3c6d5,registry.sagecontinuum.org/kaludib/waggle-aqt530:1.00,vaisala-aqt530,waggle-aqt530,microgram per cubic meter,W095,core,W095
2026-07-12 09:35:05.052364080+00:00,aqt.particle.pm2.5,1.2,5min,Particulate Matter less than 2.5 microns in diameter,000048b02dd3c6d5.ws-nxcore,waggle-aqt530-5511,-9999.9,000048b02dd3c6d5,registry.sagecontinuum.org/kaludib/waggle-aqt530:1.00,vaisala-aqt530,waggle-aqt530,microgram per cubic meter,W095,core,W095
2026-07-12 09:40:05.274066340+00:00,aqt.particle.pm2.5,1.0,5min,Particulate Matter less than 2.5 microns in diameter,000048b02dd3c6d5.ws-nxcore,waggle-aqt530-5511,-9999.9,000048b02dd3c6d5,registry.sagecontinuum.org/kaludib/waggle-aqt530:1.00,vaisala-aqt530,waggle-aqt530,microgram per cubic meter,W095,core,W095
2026-07-12 09:45:05.480625588+00:00,aqt.particle.pm2.5,1.4,5min,Particulate Matter less than 2.5 microns in diameter,000048b02dd3c6d5.ws-nxcore,waggle-aqt530-5511,-9999.9,000048b02dd3c6d5,registry.sagecontinuum.org/kaludib/waggle-aqt530:1.00,vaisala-aqt530,waggle-aqt530,microgram per cubic meter,W095,core,W095
2026-07-12 09:50:04.692800167+00:00,aqt.particle.pm2.5,1.5,5min,Particulate Matter less than 2.5 microns in diameter,000048b02dd3c6d5.ws-nxcore,waggle-aqt530-5511,-9999.9,000048b02dd3c6d5,registry.sagecontinuum.org/kaludib/waggle-aqt530:1.00,vaisala-aqt530,waggle-aqt530,microgram per cubic meter,W095,core,W095
2026-07-12 09:55:04.911603263+00:00,aqt.particle.pm2.5,1.8,5min,Particulate Matter less than 2.5 microns in diameter,000048b02dd3c6d5.ws-nxcore,waggle-aqt530-5511,-9999.9,000048b02dd3c6d5,registry.sagecontinuum.org/kaludib/waggle-aqt530:1.00,vaisala-aqt530,waggle-aqt530,microgram per cubic meter,W095,core,W095
2026-07-12 10:00:05.133452512+00:00,aqt.particle.pm2.5,1.2,5min,Particulate Matter less than 2.5 microns in diameter,000048b02dd3c6d5.ws-nxcore,waggle-aqt530-5511,-9999.9,000048b02dd3c6d5,registry.sagecontinuum.org/kaludib/waggle-aqt530:1.00,vaisala-aqt530,waggle-aqt530,microgram per cubic meter,W095,core,W095
2026-07-12 10:05:05.338539093+00:00,aqt.particle.pm2.5,0.9,5min,Particulate Matter less than 2.5 microns in diameter,000048b02dd3c6d5.ws-nxcore,waggle-aqt530-5511,-9999.9,000048b02dd3c6d5,registry.sagecontinuum.org/kaludib/waggle-aqt530:1.00,vaisala-aqt530,waggle-aqt530,microgram per cubic meter,W095,core,W095
2026-07-12 10:10:05.585715425+00:00,aqt.particle.pm2.5,1.0,5min,Particulate Matter less than 2.5 microns in diameter,000048b02dd3c6d5.ws-nxcore,waggle-aqt530-5511,-9999.9,000048b02dd3c6d5,registry.sagecontinuum.org/kaludib/waggle-aqt530:1.00,vaisala-aqt530,waggle-aqt530,microgram per cubic meter,W095,core,W095
2026-07-12 10:15:04.771060566+00:00,aqt.particle.pm2.5,2.0,5min,Particulate Matter less than 2.5 microns in diameter,000048b02dd3c6d5.ws-nxcore,waggle-aqt530-5511,-9999.9,000048b02dd3c6d5,registry.sagecontinuum.org/kaludib/waggle-aqt530:1.00,vaisala-aqt530,waggle-aqt530,microgram per cubic meter,W095,core,W095
2026-07-12 10:20:04.990277104+00:00,aqt.particle.pm2.5,2.0,5min,Particulate Matter less than 2.5 microns in diameter,000048b02dd3c6d5.ws-nxcore,waggle-aqt530-5511,-9999.9,000048b02dd3c6d5,registry.sagecontinuum.org/kaludib/waggle-aqt530:1.00,vaisala-aqt530,waggle-aqt530,microgram per cubic meter,W095,core,W095
2026-07-12 10:25:05.195814945+00:00,aqt.particle.pm2.5,1.5,5min,Particulate Matter less than 2.5 microns in diameter,000048b02dd3c6d5.ws-nxcore,waggle-aqt530-5511,-9999.9,000048b02dd3c6d5,registry.sagecontinuum.org/kaludib/waggle-aqt530:1.00,vaisala-aqt530,waggle-aqt530,microgram per cubic meter,W095,core,W095
2026-07-12 10:30:05.432263210+00:00,aqt.particle.pm2.5,0.8,5min,Particulate Matter less than 2.5 microns in diameter,000048b02dd3c6d5.ws-nxcore,waggle-aqt530-5511,-9999.9,000048b02dd3c6d5,registry.sagecontinuum.org/kaludib/waggle-aqt530:1.00,vaisala-aqt530,waggle-aqt530,microgram per cubic meter,W095,core,W095
2026-07-12 10:35:04.668806842+00:00,aqt.particle.pm2.5,0.8,5min,Particulate Matter less than 2.5 microns in diameter,000048b02dd3c6d5.ws-nxcore,waggle-aqt530-5511,-9999.9,000048b02dd3c6d5,registry.sagecontinuum.org/kaludib/waggle-aqt530:1.00,vaisala-aqt530,waggle-aqt530,microgram per cubic meter,W095,core,W095
2026-07-12 10:40:04.905214951+00:00,aqt.particle.pm2.5,0.9,5min,Particulate Matter less than 2.5 microns in diameter,000048b02dd3c6d5.ws-nxcore,waggle-aqt530-5511,-9999.9,000048b02dd3c6d5,registry.sagecontinuum.org/kaludib/waggle-aqt530:1.00,vaisala-aqt530,waggle-aqt530,microgram per cubic meter,W095,core,W095
2026-07-12 10:45:05.137078796+00:00,aqt.particle.pm2.5,1.0,5min,Particulate Matter less than 2.5 microns in diameter,000048b02dd3c6d5.ws-nxcore,waggle-aqt530-5511,-9999.9,000048b02dd3c6d5,registry.sagecontinuum.org/kaludib/waggle-aqt530:1.00,vaisala-aqt530,waggle-aqt530,microgram per cubic meter,W095,core,W095
2026-07-12 10:50:05.351487268+00:00,aqt.particle.pm2.5,1.1,5min,Particulate Matter less than 2.5 microns in diameter,000048b02dd3c6d5.ws-nxcore,waggle-aqt530-5511,-9999.9,000048b02dd3c6d5,registry.sagecontinuum.org/kaludib/waggle-aqt530:1.00,vaisala-aqt530,waggle-aqt530,microgram per cubic meter,W095,core,W095
2026-07-12 10:55:05.577963672+00:00,aqt.particle.pm2.5,1.4,5min,Particulate Matter less than 2.5 microns in diameter,000048b02dd3c6d5.ws-nxcore,waggle-aqt530-5511,-9999.9,000048b02dd3c6d5,registry.sagecontinuum.org/kaludib/waggle-aqt530:1.00,vaisala-aqt530,waggle-aqt530,microgram per cubic meter,W095,core,W095
2026-07-12 11:00:04.798772212+00:00,aqt.particle.pm2.5,2.4,5min,Particulate Matter less than 2.5 microns in diameter,000048b02dd3c6d5.ws-nxcore,waggle-aqt530-5511,-9999.9,000048b02dd3c6d5,registry.sagecontinuum.org/kaludib/waggle-aqt530:1.00,vaisala-aqt530,waggle-aqt530,microgram per cubic meter,W095,core,W095
2026-07-12 11:05:05.015709384+00:00,aqt.particle.pm2.5,2.0,5min,Particulate Matter less than 2.5 microns in diameter,000048b02dd3c6d5.ws-nxcore,waggle-aqt530-5511,-9999.9,000048b02dd3c6d5,registry.sagecontinuum.org/kaludib/waggle-aqt530:1.00,vaisala-aqt530,waggle-aqt530,microgram per cubic meter,W095,core,W095
2026-07-12 11:10:05.227288209+00:00,aqt.particle.pm2.5,1.5,5min,Particulate Matter less than 2.5 microns in diameter,000048b02dd3c6d5.ws-nxcore,waggle-aqt530-5511,-9999.9,000048b02dd3c6d5,registry.sagecontinuum.org/kaludib/waggle-aqt530:1.00,vaisala-aqt530,waggle-aqt530,microgram per cubic meter,W095,core,W095
2026-07-12 11:15:05.438069303+00:00,aqt.particle.pm2.5,3.7,5min,Particulate Matter less than 2.5 microns in diameter,000048b02dd3c6d5.ws-nxcore,waggle-aqt530-5511,-9999.9,000048b02dd3c6d5,registry.sagecontinuum.org/kaludib/waggle-aqt530:1.00,vaisala-aqt530,waggle-aqt530,microgram per cubic meter,W095,core,W095
2026-07-12 11:20:04.651352332+00:00,aqt.particle.pm2.5,4.8,5min,Particulate Matter less than 2.5 microns in diameter,000048b02dd3c6d5.ws-nxcore,waggle-aqt530-5511,-9999.9,000048b02dd3c6d5,registry.sagecontinuum.org/kaludib/waggle-aqt530:1.00,vaisala-aqt530,waggle-aqt530,microgram per cubic meter,W095,core,W095
2026-07-12 11:25:04.871114620+00:00,aqt.particle.pm2.5,6.0,5min,Particulate Matter less than 2.5 microns in diameter,000048b02dd3c6d5.ws-nxcore,waggle-aqt530-5511,-9999.9,000048b02dd3c6d5,registry.sagecontinuum.org/kaludib/waggle-aqt530:1.00,vaisala-aqt530,waggle-aqt530,microgram per cubic meter,W095,core,W095
2026-07-12 11:30:05.078291316+00:00,aqt.particle.pm2.5,3.5,5min,Particulate Matter less than 2.5 microns in diameter,000048b02dd3c6d5.ws-nxcore,waggle-aqt530-5511,-9999.9,000048b02dd3c6d5,registry.sagecontinuum.org/kaludib/waggle-aqt530:1.00,vaisala-aqt530,waggle-aqt530,microgram per cubic meter,W095,core,W095
2026-07-12 11:35:05.300491475+00:00,aqt.particle.pm2.5,7.6,5min,Particulate Matter less than 2.5 microns in diameter,000048b02dd3c6d5.ws-nxcore,waggle-aqt530-5511,-9999.9,000048b02dd3c6d5,registry.sagecontinuum.org/kaludib/waggle-aqt530:1.00,vaisala-aqt530,waggle-aqt530,microgram per cubic meter,W095,core,W095
2026-07-12 11:40:05.519946544+00:00,aqt.particle.pm2.5,5.6,5min,Particulate Matter less than 2.5 microns in diameter,000048b02dd3c6d5.ws-nxcore,waggle-aqt530-5511,-9999.9,000048b02dd3c6d5,registry.sagecontinuum.org/kaludib/waggle-aqt530:1.00,vaisala-aqt530,waggle-aqt530,microgram per cubic meter,W095,core,W095
2026-07-12 11:45:04.715681064+00:00,aqt.particle.pm2.5,3.9,5min,Particulate Matter less than 2.5 microns in diameter,000048b02dd3c6d5.ws-nxcore,waggle-aqt530-5511,-9999.9,000048b02dd3c6d5,registry.sagecontinuum.org/kaludib/waggle-aqt530:1.00,vaisala-aqt530,waggle-aqt530,microgram per cubic meter,W095,core,W095
2026-07-12 11:50:04.918139740+00:00,aqt.particle.pm2.5,1.7,5min,Particulate Matter less than 2.5 microns in diameter,000048b02dd3c6d5.ws-nxcore,waggle-aqt530-5511,-9999.9,000048b02dd3c6d5,registry.sagecontinuum.org/kaludib/waggle-aqt530:1.00,vaisala-aqt530,waggle-aqt530,microgram per cubic meter,W095,core,W095
2026-07-12 11:55:05.133616352+00:00,aqt.particle.pm2.5,2.0,5min,Particulate Matter less than 2.5 microns in diameter,000048b02dd3c6d5.ws-nxcore,waggle-aqt530-5511,-9999.9,000048b02dd3c6d5,registry.sagecontinuum.org/kaludib/waggle-aqt530:1.00,vaisala-aqt530,waggle-aqt530,microgram per cubic meter,W095,core,W095
2026-07-12 12:00:05.352320217+00:00,aqt.particle.pm2.5,0.9,5min,Particulate Matter less than 2.5 microns in diameter,000048b02dd3c6d5.ws-nxcore,waggle-aqt530-5511,-9999.9,000048b02dd3c6d5,registry.sagecontinuum.org/kaludib/waggle-aqt530:1.00,vaisala-aqt530,waggle-aqt530,microgram per cubic meter,W095,core,W095
2026-07-12 12:05:04.565145052+00:00,aqt.particle.pm2.5,0.6,5min,Particulate Matter less than 2.5 microns in diameter,000048b02dd3c6d5.ws-nxcore,waggle-aqt530-5511,-9999.9,000048b02dd3c6d5,registry.sagecontinuum.org/kaludib/waggle-aqt530:1.00,vaisala-aqt530,waggle-aqt530,microgram per cubic meter,W095,core,W095
2026-07-12 12:10:04.808991427+00:00,aqt.particle.pm2.5,0.8,5min,Particulate Matter less than 2.5 microns in diameter,000048b02dd3c6d5.ws-nxcore,waggle-aqt530-5511,-9999.9,000048b02dd3c6d5,registry.sagecontinuum.org/kaludib/waggle-aqt530:1.00,vaisala-aqt530,waggle-aqt530,microgram per cubic meter,W095,core,W095
2026-07-12 12:15:04.957768010+00:00,aqt.particle.pm2.5,0.0,5min,Particulate Matter less than 2.5 microns in diameter,000048b02dd3c6d5.ws-nxcore,waggle-aqt530-5511,-9999.9,000048b02dd3c6d5,registry.sagecontinuum.org/kaludib/waggle-aqt530:1.00,vaisala-aqt530,waggle-aqt530,microgram per cubic meter,W095,core,W095
2026-07-12 12:20:05.146539840+00:00,aqt.particle.pm2.5,0.5,5min,Particulate Matter less than 2.5 microns in diameter,000048b02dd3c6d5.ws-nxcore,waggle-aqt530-5511,-9999.9,000048b02dd3c6d5,registry.sagecontinuum.org/kaludib/waggle-aqt530:1.00,vaisala-aqt530,waggle-aqt530,microgram per cubic meter,W095,core,W095
2026-07-12 12:25:05.332426818+00:00,aqt.particle.pm2.5,2.3,5min,Particulate Matter less than 2.5 microns in diameter,000048b02dd3c6d5.ws-nxcore,waggle-aqt530-5511,-9999.9,000048b02dd3c6d5,registry.sagecontinuum.org/kaludib/waggle-aqt530:1.00,vaisala-aqt530,waggle-aqt530,microgram per cubic meter,W095,core,W095
2026-07-12 12:30:04.545366317+00:00,aqt.particle.pm2.5,2.0,5min,Particulate Matter less than 2.5 microns in diameter,000048b02dd3c6d5.ws-nxcore,waggle-aqt530-5511,-9999.9,000048b02dd3c6d5,registry.sagecontinuum.org/kaludib/waggle-aqt530:1.00,vaisala-aqt530,waggle-aqt530,microgram per cubic meter,W095,core,W095
2026-07-12 12:35:04.739995876+00:00,aqt.particle.pm2.5,4.2,5min,Particulate Matter less than 2.5 microns in diameter,000048b02dd3c6d5.ws-nxcore,waggle-aqt530-5511,-9999.9,000048b02dd3c6d5,registry.sagecontinuum.org/kaludib/waggle-aqt530:1.00,vaisala-aqt530,waggle-aqt530,microgram per cubic meter,W095,core,W095
2026-07-12 12:40:04.950231132+00:00,aqt.particle.pm2.5,2.7,5min,Particulate Matter less than 2.5 microns in diameter,000048b02dd3c6d5.ws-nxcore,waggle-aqt530-5511,-9999.9,000048b02dd3c6d5,registry.sagecontinuum.org/kaludib/waggle-aqt530:1.00,vaisala-aqt530,waggle-aqt530,microgram per cubic meter,W095,core,W095
2026-07-12 12:45:05.147029071+00:00,aqt.particle.pm2.5,0.4,5min,Particulate Matter less than 2.5 microns in diameter,000048b02dd3c6d5.ws-nxcore,waggle-aqt530-5511,-9999.9,000048b02dd3c6d5,registry.sagecontinuum.org/kaludib/waggle-aqt530:1.00,vaisala-aqt530,waggle-aqt530,microgram per cubic meter,W095,core,W095
2026-07-12 12:50:05.359932475+00:00,aqt.particle.pm2.5,0.3,5min,Particulate Matter less than 2.5 microns in diameter,000048b02dd3c6d5.ws-nxcore,waggle-aqt530-5511,-9999.9,000048b02dd3c6d5,registry.sagecontinuum.org/kaludib/waggle-aqt530:1.00,vaisala-aqt530,waggle-aqt530,microgram per cubic meter,W095,core,W095
2026-07-12 12:55:04.564234430+00:00,aqt.particle.pm2.5,0.1,5min,Particulate Matter less than 2.5 microns in diameter,000048b02dd3c6d5.ws-nxcore,waggle-aqt530-5511,-9999.9,000048b02dd3c6d5,registry.sagecontinuum.org/kaludib/waggle-aqt530:1.00,vaisala-aqt530,waggle-aqt530,microgram per cubic meter,W095,core,W095
2026-07-12 13:00:04.776117609+00:00,aqt.particle.pm2.5,0.1,5min,Particulate Matter less than 2.5 microns in diameter,000048b02dd3c6d5.ws-nxcore,waggle-aqt530-5511,-9999.9,000048b02dd3c6d5,registry.sagecontinuum.org/kaludib/waggle-aqt530:1.00,vaisala-aqt530,waggle-aqt530,microgram per cubic meter,W095,core,W095
2026-07-12 13:05:05.025200826+00:00,aqt.particle.pm2.5,1.0,5min,Particulate Matter less than 2.5 microns in diameter,000048b02dd3c6d5.ws-nxcore,waggle-aqt530-5511,-9999.9,000048b02dd3c6d5,registry.sagecontinuum.org/kaludib/waggle-aqt530:1.00,vaisala-aqt530,waggle-aqt530,microgram per cubic meter,W095,core,W095
2026-07-12 13:10:05.280648804+00:00,aqt.particle.pm2.5,4.2,5min,Particulate Matter less than 2.5 microns in diameter,000048b02dd3c6d5.ws-nxcore,waggle-aqt530-5511,-9999.9,000048b02dd3c6d5,registry.sagecontinuum.org/kaludib/waggle-aqt530:1.00,vaisala-aqt530,waggle-aqt530,microgram per cubic meter,W095,core,W095
2026-07-12 13:15:04.509245226+00:00,aqt.particle.pm2.5,9.5,5min,Particulate Matter less than 2.5 microns in diameter,000048b02dd3c6d5.ws-nxcore,waggle-aqt530-5511,-9999.9,000048b02dd3c6d5,registry.sagecontinuum.org/kaludib/waggle-aqt530:1.00,vaisala-aqt530,waggle-aqt530,microgram per cubic meter,W095,core,W095
2026-07-12 13:20:04.740494421+00:00,aqt.particle.pm2.5,12.3,5min,Particulate Matter less than 2.5 microns in diameter,000048b02dd3c6d5.ws-nxcore,waggle-aqt530-5511,-9999.9,000048b02dd3c6d5,registry.sagecontinuum.org/kaludib/waggle-aqt530:1.00,vaisala-aqt530,waggle-aqt530,microgram per cubic meter,W095,core,W095
2026-07-12 13:25:04.961869631+00:00,aqt.particle.pm2.5,5.4,5min,Particulate Matter less than 2.5 microns in diameter,000048b02dd3c6d5.ws-nxcore,waggle-aqt530-5511,-9999.9,000048b02dd3c6d5,registry.sagecontinuum.org/kaludib/waggle-aqt530:1.00,vaisala-aqt530,waggle-aqt530,microgram per cubic meter,W095,core,W095
2026-07-12 13:30:05.192337528+00:00,aqt.particle.pm2.5,4.8,5min,Particulate Matter less than 2.5 microns in diameter,000048b02dd3c6d5.ws-nxcore,waggle-aqt530-5511,-9999.9,000048b02dd3c6d5,registry.sagecontinuum.org/kaludib/waggle-aqt530:1.00,vaisala-aqt530,waggle-aqt530,microgram per cubic meter,W095,core,W095
2026-07-12 13:35:05.426531055+00:00,aqt.particle.pm2.5,0.4,5min,Particulate Matter less than 2.5 microns in diameter,000048b02dd3c6d5.ws-nxcore,waggle-aqt530-5511,-9999.9,000048b02dd3c6d5,registry.sagecontinuum.org/kaludib/waggle-aqt530:1.00,vaisala-aqt530,waggle-aqt530,microgram per cubic meter,W095,core,W095
2026-07-12 13:40:04.645031934+00:00,aqt.particle.pm2.5,0.4,5min,Particulate Matter less than 2.5 microns in diameter,000048b02dd3c6d5.ws-nxcore,waggle-aqt530-5511,-9999.9,000048b02dd3c6d5,registry.sagecontinuum.org/kaludib/waggle-aqt530:1.00,vaisala-aqt530,waggle-aqt530,microgram per cubic meter,W095,core,W095
2026-07-12 13:45:04.860267020+00:00,aqt.particle.pm2.5,17.6,5min,Particulate Matter less than 2.5 microns in diameter,000048b02dd3c6d5.ws-nxcore,waggle-aqt530-5511,-9999.9,000048b02dd3c6d5,registry.sagecontinuum.org/kaludib/waggle-aqt530:1.00,vaisala-aqt530,waggle-aqt530,microgram per cubic meter,W095,core,W095
2026-07-12 13:50:05.088803029+00:00,aqt.particle.pm2.5,0.3,5min,Particulate Matter less than 2.5 microns in diameter,000048b02dd3c6d5.ws-nxcore,waggle-aqt530-5511,-9999.9,000048b02dd3c6d5,registry.sagecontinuum.org/kaludib/waggle-aqt530:1.00,vaisala-aqt530,waggle-aqt530,microgram per cubic meter,W095,core,W095
2026-07-12 13:55:05.301353339+00:00,aqt.particle.pm2.5,0.3,5min,Particulate Matter less than 2.5 microns in diameter,000048b02dd3c6d5.ws-nxcore,waggle-aqt530-5511,-9999.9,000048b02dd3c6d5,registry.sagecontinuum.org/kaludib/waggle-aqt530:1.00,vaisala-aqt530,waggle-aqt530,microgram per cubic meter,W095,core,W095
2026-07-12 14:00:04.486009089+00:00,aqt.particle.pm2.5,0.7,5min,Particulate Matter less than 2.5 microns in diameter,000048b02dd3c6d5.ws-nxcore,waggle-aqt530-5511,-9999.9,000048b02dd3c6d5,registry.sagecontinuum.org/kaludib/waggle-aqt530:1.00,vaisala-aqt530,waggle-aqt530,microgram per cubic meter,W095,core,W095
2026-07-12 14:05:04.674075158+00:00,aqt.particle.pm2.5,0.7,5min,Particulate Matter less than 2.5 microns in diameter,000048b02dd3c6d5.ws-nxcore,waggle-aqt530-5511,-9999.9,000048b02dd3c6d5,registry.sagecontinuum.org/kaludib/waggle-aqt530:1.00,vaisala-aqt530,waggle-aqt530,microgram per cubic meter,W095,core,W095
2026-07-12 14:10:04.886595527+00:00,aqt.particle.pm2.5,2.3,5min,Particulate Matter less than 2.5 microns in diameter,000048b02dd3c6d5.ws-nxcore,waggle-aqt530-5511,-9999.9,000048b02dd3c6d5,registry.sagecontinuum.org/kaludib/waggle-aqt530:1.00,vaisala-aqt530,waggle-aqt530,microgram per cubic meter,W095,core,W095
2026-07-12 14:15:05.099876692+00:00,aqt.particle.pm2.5,1.6,5min,Particulate Matter less than 2.5 microns in diameter,000048b02dd3c6d5.ws-nxcore,waggle-aqt530-5511,-9999.9,000048b02dd3c6d5,registry.sagecontinuum.org/kaludib/waggle-aqt530:1.00,vaisala-aqt530,waggle-aqt530,microgram per cubic meter,W095,core,W095
2026-07-12 14:20:05.303777756+00:00,aqt.particle.pm2.5,0.3,5min,Particulate Matter less than 2.5 microns in diameter,000048b02dd3c6d5.ws-nxcore,waggle-aqt530-5511,-9999.9,000048b02dd3c6d5,registry.sagecontinuum.org/kaludib/waggle-aqt530:1.00,vaisala-aqt530,waggle-aqt530,microgram per cubic meter,W095,core,W095
2026-07-12 14:25:04.514153706+00:00,aqt.particle.pm2.5,0.9,5min,Particulate Matter less than 2.5 microns in diameter,000048b02dd3c6d5.ws-nxcore,waggle-aqt530-5511,-9999.9,000048b02dd3c6d5,registry.sagecontinuum.org/kaludib/waggle-aqt530:1.00,vaisala-aqt530,waggle-aqt530,microgram per cubic meter,W095,core,W095
2026-07-12 14:30:04.753463441+00:00,aqt.particle.pm2.5,0.9,5min,Particulate Matter less than 2.5 microns in diameter,000048b02dd3c6d5.ws-nxcore,waggle-aqt530-5511,-9999.9,000048b02dd3c6d5,registry.sagecontinuum.org/kaludib/waggle-aqt530:1.00,vaisala-aqt530,waggle-aqt530,microgram per cubic meter,W095,core,W095
2026-07-12 14:35:05.002742735+00:00,aqt.particle.pm2.5,0.2,5min,Particulate Matter less than 2.5 microns in diameter,000048b02dd3c6d5.ws-nxcore,waggle-aqt530-5511,-9999.9,000048b02dd3c6d5,registry.sagecontinuum.org/kaludib/waggle-aqt530:1.00,vaisala-aqt530,waggle-aqt530,microgram per cubic meter,W095,core,W095
2026-07-12 14:40:05.229732475+00:00,aqt.particle.pm2.5,0.3,5min,Particulate Matter less than 2.5 microns in diameter,000048b02dd3c6d5.ws-nxcore,waggle-aqt530-5511,-9999.9,000048b02dd3c6d5,registry.sagecontinuum.org/kaludib/waggle-aqt530:1.00,vaisala-aqt530,waggle-aqt530,microgram per cubic meter,W095,core,W095
2026-07-12 14:45:05.460986642+00:00,aqt.particle.pm2.5,0.2,5min,Particulate Matter less than 2.5 microns in diameter,000048b02dd3c6d5.ws-nxcore,waggle-aqt530-5511,-9999.9,000048b02dd3c6d5,registry.sagecontinuum.org/kaludib/waggle-aqt530:1.00,vaisala-aqt530,waggle-aqt530,microgram per cubic meter,W095,core,W095
2026-07-12 14:50:04.681583637+00:00,aqt.particle.pm2.5,0.2,5min,Particulate Matter less than 2.5 microns in diameter,000048b02dd3c6d5.ws-nxcore,waggle-aqt530-5511,-9999.9,000048b02dd3c6d5,registry.sagecontinuum.org/kaludib/waggle-aqt530:1.00,vaisala-aqt530,waggle-aqt530,microgram per cubic meter,W095,core,W095
2026-07-12 14:55:04.909418188+00:00,aqt.particle.pm2.5,0.3,5min,Particulate Matter less than 2.5 microns in diameter,000048b02dd3c6d5.ws-nxcore,waggle-aqt530-5511,-9999.9,000048b02dd3c6d5,registry.sagecontinuum.org/kaludib/waggle-aqt530:1.00,vaisala-aqt530,waggle-aqt530,microgram per cubic meter,W095,core,W095
2026-07-12 15:00:05.122274727+00:00,aqt.particle.pm2.5,1.7,5min,Particulate Matter less than 2.5 microns in diameter,000048b02dd3c6d5.ws-nxcore,waggle-aqt530-5511,-9999.9,000048b02dd3c6d5,registry.sagecontinuum.org/kaludib/waggle-aqt530:1.00,vaisala-aqt530,waggle-aqt530,microgram per cubic meter,W095,core,W095
2026-07-12 15:05:05.349203414+00:00,aqt.particle.pm2.5,3.2,5min,Particulate Matter less than 2.5 microns in diameter,000048b02dd3c6d5.ws-nxcore,waggle-aqt530-5511,-9999.9,000048b02dd3c6d5,registry.sagecontinuum.org/kaludib/waggle-aqt530:1.00,vaisala-aqt530,waggle-aqt530,microgram per cubic meter,W095,core,W095
2026-07-12 15:10:04.565516180+00:00,aqt.particle.pm2.5,1.9,5min,Particulate Matter less than 2.5 microns in diameter,000048b02dd3c6d5.ws-nxcore,waggle-aqt530-5511,-9999.9,000048b02dd3c6d5,registry.sagecontinuum.org/kaludib/waggle-aqt530:1.00,vaisala-aqt530,waggle-aqt530,microgram per cubic meter,W095,core,W095
2026-07-12 15:15:04.791037190+00:00,aqt.particle.pm2.5,1.0,5min,Particulate Matter less than 2.5 microns in diameter,000048b02dd3c6d5.ws-nxcore,waggle-aqt530-5511,-9999.9,000048b02dd3c6d5,registry.sagecontinuum.org/kaludib/waggle-aqt530:1.00,vaisala-aqt530,waggle-aqt530,microgram per cubic meter,W095,core,W095
2026-07-12 15:20:04.995616389+00:00,aqt.particle.pm2.5,1.2,5min,Particulate Matter less than 2.5 microns in diameter,000048b02dd3c6d5.ws-nxcore,waggle-aqt530-5511,-9999.9,000048b02dd3c6d5,registry.sagecontinuum.org/kaludib/waggle-aqt530:1.00,vaisala-aqt530,waggle-aqt530,microgram per cubic meter,W095,core,W095
2026-07-12 15:25:05.196334474+00:00,aqt.particle.pm2.5,3.9,5min,Particulate Matter less than 2.5 microns in diameter,000048b02dd3c6d5.ws-nxcore,waggle-aqt530-5511,-9999.9,000048b02dd3c6d5,registry.sagecontinuum.org/kaludib/waggle-aqt530:1.00,vaisala-aqt530,waggle-aqt530,microgram per cubic meter,W095,core,W095
2026-07-12 15:30:05.409278019+00:00,aqt.particle.pm2.5,3.6,5min,Particulate Matter less than 2.5 microns in diameter,000048b02dd3c6d5.ws-nxcore,waggle-aqt530-5511,-9999.9,000048b02dd3c6d5,registry.sagecontinuum.org/kaludib/waggle-aqt530:1.00,vaisala-aqt530,waggle-aqt530,microgram per cubic meter,W095,core,W095
2026-07-12 15:35:04.613245817+00:00,aqt.particle.pm2.5,1.1,5min,Particulate Matter less than 2.5 microns in diameter,000048b02dd3c6d5.ws-nxcore,waggle-aqt530-5511,-9999.9,000048b02dd3c6d5,registry.sagecontinuum.org/kaludib/waggle-aqt530:1.00,vaisala-aqt530,waggle-aqt530,microgram per cubic meter,W095,core,W095
2026-07-12 15:40:04.820897849+00:00,aqt.particle.pm2.5,0.9,5min,Particulate Matter less than 2.5 microns in diameter,000048b02dd3c6d5.ws-nxcore,waggle-aqt530-5511,-9999.9,000048b02dd3c6d5,registry.sagecontinuum.org/kaludib/waggle-aqt530:1.00,vaisala-aqt530,waggle-aqt530,microgram per cubic meter,W095,core,W095
2026-07-12 15:45:05.034445651+00:00,aqt.particle.pm2.5,3.0,5min,Particulate Matter less than 2.5 microns in diameter,000048b02dd3c6d5.ws-nxcore,waggle-aqt530-5511,-9999.9,000048b02dd3c6d5,registry.sagecontinuum.org/kaludib/waggle-aqt530:1.00,vaisala-aqt530,waggle-aqt530,microgram per cubic meter,W095,core,W095
2026-07-12 15:50:05.253927322+00:00,aqt.particle.pm2.5,1.8,5min,Particulate Matter less than 2.5 microns in diameter,000048b02dd3c6d5.ws-nxcore,waggle-aqt530-5511,-9999.9,000048b02dd3c6d5,registry.sagecontinuum.org/kaludib/waggle-aqt530:1.00,vaisala-aqt530,waggle-aqt530,microgram per cubic meter,W095,core,W095
2026-07-12 15:55:04.444713617+00:00,aqt.particle.pm2.5,2.8,5min,Particulate Matter less than 2.5 microns in diameter,000048b02dd3c6d5.ws-nxcore,waggle-aqt530-5511,-9999.9,000048b02dd3c6d5,registry.sagecontinuum.org/kaludib/waggle-aqt530:1.00,vaisala-aqt530,waggle-aqt530,microgram per cubic meter,W095,core,W095
2026-07-12 16:00:04.613002666+00:00,aqt.particle.pm2.5,1.0,5min,Particulate Matter less than 2.5 microns in diameter,000048b02dd3c6d5.ws-nxcore,waggle-aqt530-5511,-9999.9,000048b02dd3c6d5,registry.sagecontinuum.org/kaludib/waggle-aqt530:1.00,vaisala-aqt530,waggle-aqt530,microgram per cubic meter,W095,core,W095
2026-07-12 16:05:04.810393273+00:00,aqt.particle.pm2.5,1.3,5min,Particulate Matter less than 2.5 microns in diameter,000048b02dd3c6d5.ws-nxcore,waggle-aqt530-5511,-9999.9,000048b02dd3c6d5,registry.sagecontinuum.org/kaludib/waggle-aqt530:1.00,vaisala-aqt530,waggle-aqt530,microgram per cubic meter,W095,core,W095
2026-07-12 16:10:05.017336014+00:00,aqt.particle.pm2.5,0.9,5min,Particulate Matter less than 2.5 microns in diameter,000048b02dd3c6d5.ws-nxcore,waggle-aqt530-5511,-9999.9,000048b02dd3c6d5,registry.sagecontinuum.org/kaludib/waggle-aqt530:1.00,vaisala-aqt530,waggle-aqt530,microgram per cubic meter,W095,core,W095
2026-07-12 16:15:05.210038079+00:00,aqt.particle.pm2.5,0.4,5min,Particulate Matter less than 2.5 microns in diameter,000048b02dd3c6d5.ws-nxcore,waggle-aqt530-5511,-9999.9,000048b02dd3c6d5,registry.sagecontinuum.org/kaludib/waggle-aqt530:1.00,vaisala-aqt530,waggle-aqt530,microgram per cubic meter,W095,core,W095
2026-07-12 16:20:04.410205566+00:00,aqt.particle.pm2.5,0.6,5min,Particulate Matter less than 2.5 microns in diameter,000048b02dd3c6d5.ws-nxcore,waggle-aqt530-5511,-9999.9,000048b02dd3c6d5,registry.sagecontinuum.org/kaludib/waggle-aqt530:1.00,vaisala-aqt530,waggle-aqt530,microgram per cubic meter,W095,core,W095
2026-07-12 16:25:04.621237370+00:00,aqt.particle.pm2.5,1.1,5min,Particulate Matter less than 2.5 microns in diameter,000048b02dd3c6d5.ws-nxcore,waggle-aqt530-5511,-9999.9,000048b02dd3c6d5,registry.sagecontinuum.org/kaludib/waggle-aqt530:1.00,vaisala-aqt530,waggle-aqt530,microgram per cubic meter,W095,core,W095
2026-07-12 16:30:04.862237870+00:00,aqt.particle.pm2.5,2.9,5min,Particulate Matter less than 2.5 microns in diameter,000048b02dd3c6d5.ws-nxcore,waggle-aqt530-5511,-9999.9,000048b02dd3c6d5,registry.sagecontinuum.org/kaludib/waggle-aqt530:1.00,vaisala-aqt530,waggle-aqt530,microgram per cubic meter,W095,core,W095
2026-07-12 16:35:05.092862718+00:00,aqt.particle.pm2.5,4.3,5min,Particulate Matter less than 2.5 microns in diameter,000048b02dd3c6d5.ws-nxcore,waggle-aqt530-5511,-9999.9,000048b02dd3c6d5,registry.sagecontinuum.org/kaludib/waggle-aqt530:1.00,vaisala-aqt530,waggle-aqt530,microgram per cubic meter,W095,core,W095
2026-07-12 16:40:04.320225613+00:00,aqt.particle.pm2.5,6.1,5min,Particulate Matter less than 2.5 microns in diameter,000048b02dd3c6d5.ws-nxcore,waggle-aqt530-5511,-9999.9,000048b02dd3c6d5,registry.sagecontinuum.org/kaludib/waggle-aqt530:1.00,vaisala-aqt530,waggle-aqt530,microgram per cubic meter,W095,core,W095
2026-07-12 16:45:04.547754716+00:00,aqt.particle.pm2.5,9.7,5min,Particulate Matter less than 2.5 microns in diameter,000048b02dd3c6d5.ws-nxcore,waggle-aqt530-5511,-9999.9,000048b02dd3c6d5,registry.sagecontinuum.org/kaludib/waggle-aqt530:1.00,vaisala-aqt530,waggle-aqt530,microgram per cubic meter,W095,core,W095
2026-07-12 16:50:04.772807915+00:00,aqt.particle.pm2.5,7.3,5min,Particulate Matter less than 2.5 microns in diameter,000048b02dd3c6d5.ws-nxcore,waggle-aqt530-5511,-9999.9,000048b02dd3c6d5,registry.sagecontinuum.org/kaludib/waggle-aqt530:1.00,vaisala-aqt530,waggle-aqt530,microgram per cubic meter,W095,core,W095
2026-07-12 16:55:04.982465473+00:00,aqt.particle.pm2.5,7.7,5min,Particulate Matter less than 2.5 microns in diameter,000048b02dd3c6d5.ws-nxcore,waggle-aqt530-5511,-9999.9,000048b02dd3c6d5,registry.sagecontinuum.org/kaludib/waggle-aqt530:1.00,vaisala-aqt530,waggle-aqt530,microgram per cubic meter,W095,core,W095
2026-07-12 17:00:05.202216407+00:00,aqt.particle.pm2.5,5.0,5min,Particulate Matter less than 2.5 microns in diameter,000048b02dd3c6d5.ws-nxcore,waggle-aqt530-5511,-9999.9,000048b02dd3c6d5,registry.sagecontinuum.org/kaludib/waggle-aqt530:1.00,vaisala-aqt530,waggle-aqt530,microgram per cubic meter,W095,core,W095
2026-07-12 17:05:04.402216231+00:00,aqt.particle.pm2.5,26.1,5min,Particulate Matter less than 2.5 microns in diameter,000048b02dd3c6d5.ws-nxcore,waggle-aqt530-5511,-9999.9,000048b02dd3c6d5,registry.sagecontinuum.org/kaludib/waggle-aqt530:1.00,vaisala-aqt530,waggle-aqt530,microgram per cubic meter,W095,core,W095
2026-07-12 17:10:04.610757321+00:00,aqt.particle.pm2.5,15.4,5min,Particulate Matter less than 2.5 microns in diameter,000048b02dd3c6d5.ws-nxcore,waggle-aqt530-5511,-9999.9,000048b02dd3c6d5,registry.sagecontinuum.org/kaludib/waggle-aqt530:1.00,vaisala-aqt530,waggle-aqt530,microgram per cubic meter,W095,core,W095
2026-07-12 17:15:04.811315098+00:00,aqt.particle.pm2.5,10.4,5min,Particulate Matter less than 2.5 microns in diameter,000048b02dd3c6d5.ws-nxcore,waggle-aqt530-5511,-9999.9,000048b02dd3c6d5,registry.sagecontinuum.org/kaludib/waggle-aqt530:1.00,vaisala-aqt530,waggle-aqt530,microgram per cubic meter,W095,core,W095
2026-07-12 17:20:05.022866949+00:00,aqt.particle.pm2.5,11.4,5min,Particulate Matter less than 2.5 microns in diameter,000048b02dd3c6d5.ws-nxcore,waggle-aqt530-5511,-9999.9,000048b02dd3c6d5,registry.sagecontinuum.org/kaludib/waggle-aqt530:1.00,vaisala-aqt530,waggle-aqt530,microgram per cubic meter,W095,core,W095
2026-07-12 17:25:05.238519344+00:00,aqt.particle.pm2.5,11.5,5min,Particulate Matter less than 2.5 microns in diameter,000048b02dd3c6d5.ws-nxcore,waggle-aqt530-5511,-9999.9,000048b02dd3c6d5,registry.sagecontinuum.org/kaludib/waggle-aqt530:1.00,vaisala-aqt530,waggle-aqt530,microgram per cubic meter,W095,core,W095
2026-07-12 17:30:04.447544761+00:00,aqt.particle.pm2.5,2.5,5min,Particulate Matter less than 2.5 microns in diameter,000048b02dd3c6d5.ws-nxcore,waggle-aqt530-5511,-9999.9,000048b02dd3c6d5,registry.sagecontinuum.org/kaludib/waggle-aqt530:1.00,vaisala-aqt530,waggle-aqt530,microgram per cubic meter,W095,core,W095
2026-07-12 17:35:04.651760608+00:00,aqt.particle.pm2.5,6.2,5min,Particulate Matter less than 2.5 microns in diameter,000048b02dd3c6d5.ws-nxcore,waggle-aqt530-5511,-9999.9,000048b02dd3c6d5,registry.sagecontinuum.org/kaludib/waggle-aqt530:1.00,vaisala-aqt530,waggle-aqt530,microgram per cubic meter,W095,core,W095
2026-07-12 17:40:04.909260978+00:00,aqt.particle.pm2.5,1.8,5min,Particulate Matter less than 2.5 microns in diameter,000048b02dd3c6d5.ws-nxcore,waggle-aqt530-5511,-9999.9,000048b02dd3c6d5,registry.sagecontinuum.org/kaludib/waggle-aqt530:1.00,vaisala-aqt530,waggle-aqt530,microgram per cubic meter,W095,core,W095
2026-07-12 17:45:05.138521964+00:00,aqt.particle.pm2.5,4.5,5min,Particulate Matter less than 2.5 microns in diameter,000048b02dd3c6d5.ws-nxcore,waggle-aqt530-5511,-9999.9,000048b02dd3c6d5,registry.sagecontinuum.org/kaludib/waggle-aqt530:1.00,vaisala-aqt530,waggle-aqt530,microgram per cubic meter,W095,core,W095
2026-07-12 17:50:04.379496745+00:00,aqt.particle.pm2.5,9.8,5min,Particulate Matter less than 2.5 microns in diameter,000048b02dd3c6d5.ws-nxcore,waggle-aqt530-5511,-9999.9,000048b02dd3c6d5,registry.sagecontinuum.org/kaludib/waggle-aqt530:1.00,vaisala-aqt530,waggle-aqt530,microgram per cubic meter,W095,core,W095
2026-07-12 17:55:04.594686969+00:00,aqt.particle.pm2.5,1.5,5min,Particulate Matter less than 2.5 microns in diameter,000048b02dd3c6d5.ws-nxcore,waggle-aqt530-5511,-9999.9,000048b02dd3c6d5,registry.sagecontinuum.org/kaludib/waggle-aqt530:1.00,vaisala-aqt530,waggle-aqt530,microgram per cubic meter,W095,core,W095
2026-07-12 18:00:04.821828477+00:00,aqt.particle.pm2.5,0.7,5min,Particulate Matter less than 2.5 microns in diameter,000048b02dd3c6d5.ws-nxcore,waggle-aqt530-5511,-9999.9,000048b02dd3c6d5,registry.sagecontinuum.org/kaludib/waggle-aqt530:1.00,vaisala-aqt530,waggle-aqt530,microgram per cubic meter,W095,core,W095
2026-07-12 18:05:05.032861691+00:00,aqt.particle.pm2.5,0.5,5min,Particulate Matter less than 2.5 microns in diameter,000048b02dd3c6d5.ws-nxcore,waggle-aqt530-5511,-9999.9,000048b02dd3c6d5,registry.sagecontinuum.org/kaludib/waggle-aqt530:1.00,vaisala-aqt530,waggle-aqt530,microgram per cubic meter,W095,core,W095
2026-07-12 18:10:05.265799192+00:00,aqt.particle.pm2.5,0.3,5min,Particulate Matter less than 2.5 microns in diameter,000048b02dd3c6d5.ws-nxcore,waggle-aqt530-5511,-9999.9,000048b02dd3c6d5,registry.sagecontinuum.org/kaludib/waggle-aqt530:1.00,vaisala-aqt530,waggle-aqt530,microgram per cubic meter,W095,core,W095
2026-07-12 18:15:04.432203028+00:00,aqt.particle.pm2.5,0.6,5min,Particulate Matter less than 2.5 microns in diameter,000048b02dd3c6d5.ws-nxcore,waggle-aqt530-5511,-9999.9,000048b02dd3c6d5,registry.sagecontinuum.org/kaludib/waggle-aqt530:1.00,vaisala-aqt530,waggle-aqt530,microgram per cubic meter,W095,core,W095
2026-07-12 18:20:04.633560178+00:00,aqt.particle.pm2.5,0.4,5min,Particulate Matter less than 2.5 microns in diameter,000048b02dd3c6d5.ws-nxcore,waggle-aqt530-5511,-9999.9,000048b02dd3c6d5,registry.sagecontinuum.org/kaludib/waggle-aqt530:1.00,vaisala-aqt530,waggle-aqt530,microgram per cubic meter,W095,core,W095
2026-07-12 18:25:04.827496898+00:00,aqt.particle.pm2.5,0.5,5min,Particulate Matter less than 2.5 microns in diameter,000048b02dd3c6d5.ws-nxcore,waggle-aqt530-5511,-9999.9,000048b02dd3c6d5,registry.sagecontinuum.org/kaludib/waggle-aqt530:1.00,vaisala-aqt530,waggle-aqt530,microgram per cubic meter,W095,core,W095
2026-07-12 18:30:05.040525629+00:00,aqt.particle.pm2.5,0.2,5min,Particulate Matter less than 2.5 microns in diameter,000048b02dd3c6d5.ws-nxcore,waggle-aqt530-5511,-9999.9,000048b02dd3c6d5,registry.sagecontinuum.org/kaludib/waggle-aqt530:1.00,vaisala-aqt530,waggle-aqt530,microgram per cubic meter,W095,core,W095
2026-07-12 18:35:04.248122719+00:00,aqt.particle.pm2.5,3.5,5min,Particulate Matter less than 2.5 microns in diameter,000048b02dd3c6d5.ws-nxcore,waggle-aqt530-5511,-9999.9,000048b02dd3c6d5,registry.sagecontinuum.org/kaludib/waggle-aqt530:1.00,vaisala-aqt530,waggle-aqt530,microgram per cubic meter,W095,core,W095
2026-07-12 18:40:04.465887892+00:00,aqt.particle.pm2.5,1.3,5min,Particulate Matter less than 2.5 microns in diameter,000048b02dd3c6d5.ws-nxcore,waggle-aqt530-5511,-9999.9,000048b02dd3c6d5,registry.sagecontinuum.org/kaludib/waggle-aqt530:1.00,vaisala-aqt530,waggle-aqt530,microgram per cubic meter,W095,core,W095
2026-07-12 18:45:04.683590711+00:00,aqt.particle.pm2.5,4.4,5min,Particulate Matter less than 2.5 microns in diameter,000048b02dd3c6d5.ws-nxcore,waggle-aqt530-5511,-9999.9,000048b02dd3c6d5,registry.sagecontinuum.org/kaludib/waggle-aqt530:1.00,vaisala-aqt530,waggle-aqt530,microgram per cubic meter,W095,core,W095
2026-07-12 18:50:04.892008621+00:00,aqt.particle.pm2.5,4.9,5min,Particulate Matter less than 2.5 microns in diameter,000048b02dd3c6d5.ws-nxcore,waggle-aqt530-5511,-9999.9,000048b02dd3c6d5,registry.sagecontinuum.org/kaludib/waggle-aqt530:1.00,vaisala-aqt530,waggle-aqt530,microgram per cubic meter,W095,core,W095
2026-07-12 18:55:05.112553068+00:00,aqt.particle.pm2.5,7.7,5min,Particulate Matter less than 2.5 microns in diameter,000048b02dd3c6d5.ws-nxcore,waggle-aqt530-5511,-9999.9,000048b02dd3c6d5,registry.sagecontinuum.org/kaludib/waggle-aqt530:1.00,vaisala-aqt530,waggle-aqt530,microgram per cubic meter,W095,core,W095
2026-07-12 19:00:04.325488788+00:00,aqt.particle.pm2.5,1.4,5min,Particulate Matter less than 2.5 microns in diameter,000048b02dd3c6d5.ws-nxcore,waggle-aqt530-5511,-9999.9,000048b02dd3c6d5,registry.sagecontinuum.org/kaludib/waggle-aqt530:1.00,vaisala-aqt530,waggle-aqt530,microgram per cubic meter,W095,core,W095
2026-07-12 19:05:04.546251292+00:00,aqt.particle.pm2.5,3.2,5min,Particulate Matter less than 2.5 microns in diameter,000048b02dd3c6d5.ws-nxcore,waggle-aqt530-5511,-9999.9,000048b02dd3c6d5,registry.sagecontinuum.org/kaludib/waggle-aqt530:1.00,vaisala-aqt530,waggle-aqt530,microgram per cubic meter,W095,core,W095
2026-07-12 19:10:04.750811031+00:00,aqt.particle.pm2.5,5.4,5min,Particulate Matter less than 2.5 microns in diameter,000048b02dd3c6d5.ws-nxcore,waggle-aqt530-5511,-9999.9,000048b02dd3c6d5,registry.sagecontinuum.org/kaludib/waggle-aqt530:1.00,vaisala-aqt530,waggle-aqt530,microgram per cubic meter,W095,core,W095
2026-07-12 19:15:04.972076760+00:00,aqt.particle.pm2.5,2.0,5min,Particulate Matter less than 2.5 microns in diameter,000048b02dd3c6d5.ws-nxcore,waggle-aqt530-5511,-9999.9,000048b02dd3c6d5,registry.sagecontinuum.org/kaludib/waggle-aqt530:1.00,vaisala-aqt530,waggle-aqt530,microgram per cubic meter,W095,core,W095
2026-07-12 19:20:05.193905634+00:00,aqt.particle.pm2.5,3.0,5min,Particulate Matter less than 2.5 microns in diameter,000048b02dd3c6d5.ws-nxcore,waggle-aqt530-5511,-9999.9,000048b02dd3c6d5,registry.sagecontinuum.org/kaludib/waggle-aqt530:1.00,vaisala-aqt530,waggle-aqt530,microgram per cubic meter,W095,core,W095
2026-07-12 19:25:04.417995571+00:00,aqt.particle.pm2.5,3.0,5min,Particulate Matter less than 2.5 microns in diameter,000048b02dd3c6d5.ws-nxcore,waggle-aqt530-5511,-9999.9,000048b02dd3c6d5,registry.sagecontinuum.org/kaludib/waggle-aqt530:1.00,vaisala-aqt530,waggle-aqt530,microgram per cubic meter,W095,core,W095
2026-07-12 19:30:04.628087259+00:00,aqt.particle.pm2.5,1.1,5min,Particulate Matter less than 2.5 microns in diameter,000048b02dd3c6d5.ws-nxcore,waggle-aqt530-5511,-9999.9,000048b02dd3c6d5,registry.sagecontinuum.org/kaludib/waggle-aqt530:1.00,vaisala-aqt530,waggle-aqt530,microgram per cubic meter,W095,core,W095
2026-07-12 19:35:04.852687110+00:00,aqt.particle.pm2.5,0.8,5min,Particulate Matter less than 2.5 microns in diameter,000048b02dd3c6d5.ws-nxcore,waggle-aqt530-5511,-9999.9,000048b02dd3c6d5,registry.sagecontinuum.org/kaludib/waggle-aqt530:1.00,vaisala-aqt530,waggle-aqt530,microgram per cubic meter,W095,core,W095
2026-07-12 19:40:05.060404742+00:00,aqt.particle.pm2.5,0.8,5min,Particulate Matter less than 2.5 microns in diameter,000048b02dd3c6d5.ws-nxcore,waggle-aqt530-5511,-9999.9,000048b02dd3c6d5,registry.sagecontinuum.org/kaludib/waggle-aqt530:1.00,vaisala-aqt530,waggle-aqt530,microgram per cubic meter,W095,core,W095
2026-07-12 19:45:04.289898841+00:00,aqt.particle.pm2.5,0.5,5min,Particulate Matter less than 2.5 microns in diameter,000048b02dd3c6d5.ws-nxcore,waggle-aqt530-5511,-9999.9,000048b02dd3c6d5,registry.sagecontinuum.org/kaludib/waggle-aqt530:1.00,vaisala-aqt530,waggle-aqt530,microgram per cubic meter,W095,core,W095
2026-07-12 19:50:04.497597428+00:00,aqt.particle.pm2.5,1.2,5min,Particulate Matter less than 2.5 microns in diameter,000048b02dd3c6d5.ws-nxcore,waggle-aqt530-5511,-9999.9,000048b02dd3c6d5,registry.sagecontinuum.org/kaludib/waggle-aqt530:1.00,vaisala-aqt530,waggle-aqt530,microgram per cubic meter,W095,core,W095
2026-07-12 19:55:04.718786530+00:00,aqt.particle.pm2.5,1.4,5min,Particulate Matter less than 2.5 microns in diameter,000048b02dd3c6d5.ws-nxcore,waggle-aqt530-5511,-9999.9,000048b02dd3c6d5,registry.sagecontinuum.org/kaludib/waggle-aqt530:1.00,vaisala-aqt530,waggle-aqt530,microgram per cubic meter,W095,core,W095
2026-07-12 20:00:04.934571799+00:00,aqt.particle.pm2.5,1.2,5min,Particulate Matter less than 2.5 microns in diameter,000048b02dd3c6d5.ws-nxcore,waggle-aqt530-5511,-9999.9,000048b02dd3c6d5,registry.sagecontinuum.org/kaludib/waggle-aqt530:1.00,vaisala-aqt530,waggle-aqt530,microgram per cubic meter,W095,core,W095
2026-07-12 20:05:05.139720400+00:00,aqt.particle.pm2.5,1.1,5min,Particulate Matter less than 2.5 microns in diameter,000048b02dd3c6d5.ws-nxcore,waggle-aqt530-5511,-9999.9,000048b02dd3c6d5,registry.sagecontinuum.org/kaludib/waggle-aqt530:1.00,vaisala-aqt530,waggle-aqt530,microgram per cubic meter,W095,core,W095
2026-07-12 20:10:04.353975867+00:00,aqt.particle.pm2.5,1.4,5min,Particulate Matter less than 2.5 microns in diameter,000048b02dd3c6d5.ws-nxcore,waggle-aqt530-5511,-9999.9,000048b02dd3c6d5,registry.sagecontinuum.org/kaludib/waggle-aqt530:1.00,vaisala-aqt530,waggle-aqt530,microgram per cubic meter,W095,core,W095
2026-07-12 20:15:04.572918101+00:00,aqt.particle.pm2.5,1.1,5min,Particulate Matter less than 2.5 microns in diameter,000048b02dd3c6d5.ws-nxcore,waggle-aqt530-5511,-9999.9,000048b02dd3c6d5,registry.sagecontinuum.org/kaludib/waggle-aqt530:1.00,vaisala-aqt530,waggle-aqt530,microgram per cubic meter,W095,core,W095
2026-07-12 20:20:04.793305310+00:00,aqt.particle.pm2.5,0.9,5min,Particulate Matter less than 2.5 microns in diameter,000048b02dd3c6d5.ws-nxcore,waggle-aqt530-5511,-9999.9,000048b02dd3c6d5,registry.sagecontinuum.org/kaludib/waggle-aqt530:1.00,vaisala-aqt530,waggle-aqt530,microgram per cubic meter,W095,core,W095
2026-07-12 20:25:04.999466462+00:00,aqt.particle.pm2.5,0.9,5min,Particulate Matter less than 2.5 microns in diameter,000048b02dd3c6d5.ws-nxcore,waggle-aqt530-5511,-9999.9,000048b02dd3c6d5,registry.sagecontinuum.org/kaludib/waggle-aqt530:1.00,vaisala-aqt530,waggle-aqt530,microgram per cubic meter,W095,core,W095
2026-07-12 20:30:05.220745368+00:00,aqt.particle.pm2.5,0.5,5min,Particulate Matter less than 2.5 microns in diameter,000048b02dd3c6d5.ws-nxcore,waggle-aqt530-5511,-9999.9,000048b02dd3c6d5,registry.sagecontinuum.org/kaludib/waggle-aqt530:1.00,vaisala-aqt530,waggle-aqt530,microgram per cubic meter,W095,core,W095
2026-07-12 20:35:04.433349589+00:00,aqt.particle.pm2.5,0.9,5min,Particulate Matter less than 2.5 microns in diameter,000048b02dd3c6d5.ws-nxcore,waggle-aqt530-5511,-9999.9,000048b02dd3c6d5,registry.sagecontinuum.org/kaludib/waggle-aqt530:1.00,vaisala-aqt530,waggle-aqt530,microgram per cubic meter,W095,core,W095
2026-07-12 20:40:04.658282481+00:00,aqt.particle.pm2.5,0.6,5min,Particulate Matter less than 2.5 microns in diameter,000048b02dd3c6d5.ws-nxcore,waggle-aqt530-5511,-9999.9,000048b02dd3c6d5,registry.sagecontinuum.org/kaludib/waggle-aqt530:1.00,vaisala-aqt530,waggle-aqt530,microgram per cubic meter,W095,core,W095
2026-07-12 20:45:04.860875+00:00,aqt.particle.pm2.5,0.1,5min,Particulate Matter less than 2.5 microns in diameter,000048b02dd3c6d5.ws-nxcore,waggle-aqt530-5511,-9999.9,000048b02dd3c6d5,registry.sagecontinuum.org/kaludib/waggle-aqt530:1.00,vaisala-aqt530,waggle-aqt530,microgram per cubic meter,W095,core,W095
2026-07-12 20:50:05.086056815+00:00,aqt.particle.pm2.5,1.0,5min,Particulate Matter less than 2.5 microns in diameter,000048b02dd3c6d5.ws-nxcore,waggle-aqt530-5511,-9999.9,000048b02dd3c6d5,registry.sagecontinuum.org/kaludib/waggle-aqt530:1.00,vaisala-aqt530,waggle-aqt530,microgram per cubic meter,W095,core,W095
2026-07-12 20:55:04.294125168+00:00,aqt.particle.pm2.5,0.8,5min,Particulate Matter less than 2.5 microns in diameter,000048b02dd3c6d5.ws-nxcore,waggle-aqt530-5511,-9999.9,000048b02dd3c6d5,registry.sagecontinuum.org/kaludib/waggle-aqt530:1.00,vaisala-aqt530,waggle-aqt530,microgram per cubic meter,W095,core,W095
2026-07-12 21:00:04.515793474+00:00,aqt.particle.pm2.5,1.4,5min,Particulate Matter less than 2.5 microns in diameter,000048b02dd3c6d5.ws-nxcore,waggle-aqt530-5511,-9999.9,000048b02dd3c6d5,registry.sagecontinuum.org/kaludib/waggle-aqt530:1.00,vaisala-aqt530,waggle-aqt530,microgram per cubic meter,W095,core,W095
2026-07-12 21:05:04.717751542+00:00,aqt.particle.pm2.5,1.4,5min,Particulate Matter less than 2.5 microns in diameter,000048b02dd3c6d5.ws-nxcore,waggle-aqt530-5511,-9999.9,000048b02dd3c6d5,registry.sagecontinuum.org/kaludib/waggle-aqt530:1.00,vaisala-aqt530,waggle-aqt530,microgram per cubic meter,W095,core,W095
2026-07-12 21:10:04.959862824+00:00,aqt.particle.pm2.5,2.2,5min,Particulate Matter less than 2.5 microns in diameter,000048b02dd3c6d5.ws-nxcore,waggle-aqt530-5511,-9999.9,000048b02dd3c6d5,registry.sagecontinuum.org/kaludib/waggle-aqt530:1.00,vaisala-aqt530,waggle-aqt530,microgram per cubic meter,W095,core,W095
2026-07-12 21:15:05.154710304+00:00,aqt.particle.pm2.5,1.1,5min,Particulate Matter less than 2.5 microns in diameter,000048b02dd3c6d5.ws-nxcore,waggle-aqt530-5511,-9999.9,000048b02dd3c6d5,registry.sagecontinuum.org/kaludib/waggle-aqt530:1.00,vaisala-aqt530,waggle-aqt530,microgram per cubic meter,W095,core,W095
2026-07-12 21:20:04.368830144+00:00,aqt.particle.pm2.5,1.2,5min,Particulate Matter less than 2.5 microns in diameter,000048b02dd3c6d5.ws-nxcore,waggle-aqt530-5511,-9999.9,000048b02dd3c6d5,registry.sagecontinuum.org/kaludib/waggle-aqt530:1.00,vaisala-aqt530,waggle-aqt530,microgram per cubic meter,W095,core,W095
2026-07-12 21:25:04.572929320+00:00,aqt.particle.pm2.5,1.2,5min,Particulate Matter less than 2.5 microns in diameter,000048b02dd3c6d5.ws-nxcore,waggle-aqt530-5511,-9999.9,000048b02dd3c6d5,registry.sagecontinuum.org/kaludib/waggle-aqt530:1.00,vaisala-aqt530,waggle-aqt530,microgram per cubic meter,W095,core,W095
2026-07-12 21:30:04.793583365+00:00,aqt.particle.pm2.5,1.0,5min,Particulate Matter less than 2.5 microns in diameter,000048b02dd3c6d5.ws-nxcore,waggle-aqt530-5511,-9999.9,000048b02dd3c6d5,registry.sagecontinuum.org/kaludib/waggle-aqt530:1.00,vaisala-aqt530,waggle-aqt530,microgram per cubic meter,W095,core,W095
2026-07-12 21:35:05.012226405+00:00,aqt.particle.pm2.5,1.1,5min,Particulate Matter less than 2.5 microns in diameter,000048b02dd3c6d5.ws-nxcore,waggle-aqt530-5511,-9999.9,000048b02dd3c6d5,registry.sagecontinuum.org/kaludib/waggle-aqt530:1.00,vaisala-aqt530,waggle-aqt530,microgram per cubic meter,W095,core,W095
2026-07-12 21:40:04.226862949+00:00,aqt.particle.pm2.5,1.1,5min,Particulate Matter less than 2.5 microns in diameter,000048b02dd3c6d5.ws-nxcore,waggle-aqt530-5511,-9999.9,000048b02dd3c6d5,registry.sagecontinuum.org/kaludib/waggle-aqt530:1.00,vaisala-aqt530,waggle-aqt530,microgram per cubic meter,W095,core,W095
2026-07-12 21:45:04.431632032+00:00,aqt.particle.pm2.5,0.9,5min,Particulate Matter less than 2.5 microns in diameter,000048b02dd3c6d5.ws-nxcore,waggle-aqt530-5511,-9999.9,000048b02dd3c6d5,registry.sagecontinuum.org/kaludib/waggle-aqt530:1.00,vaisala-aqt530,waggle-aqt530,microgram per cubic meter,W095,core,W095
2026-07-12 21:50:04.652922682+00:00,aqt.particle.pm2.5,1.1,5min,Particulate Matter less than 2.5 microns in diameter,000048b02dd3c6d5.ws-nxcore,waggle-aqt530-5511,-9999.9,000048b02dd3c6d5,registry.sagecontinuum.org/kaludib/waggle-aqt530:1.00,vaisala-aqt530,waggle-aqt530,microgram per cubic meter,W095,core,W095
2026-07-12 21:55:04.873440429+00:00,aqt.particle.pm2.5,1.5,5min,Particulate Matter less than 2.5 microns in diameter,000048b02dd3c6d5.ws-nxcore,waggle-aqt530-5511,-9999.9,000048b02dd3c6d5,registry.sagecontinuum.org/kaludib/waggle-aqt530:1.00,vaisala-aqt530,waggle-aqt530,microgram per cubic meter,W095,core,W095
2026-07-12 22:00:05.077706192+00:00,aqt.particle.pm2.5,1.7,5min,Particulate Matter less than 2.5 microns in diameter,000048b02dd3c6d5.ws-nxcore,waggle-aqt530-5511,-9999.9,000048b02dd3c6d5,registry.sagecontinuum.org/kaludib/waggle-aqt530:1.00,vaisala-aqt530,waggle-aqt530,microgram per cubic meter,W095,core,W095
2026-07-12 22:05:04.290723499+00:00,aqt.particle.pm2.5,1.1,5min,Particulate Matter less than 2.5 microns in diameter,000048b02dd3c6d5.ws-nxcore,waggle-aqt530-5511,-9999.9,000048b02dd3c6d5,registry.sagecontinuum.org/kaludib/waggle-aqt530:1.00,vaisala-aqt530,waggle-aqt530,microgram per cubic meter,W095,core,W095
2026-07-12 22:10:04.568524182+00:00,aqt.particle.pm2.5,1.3,5min,Particulate Matter less than 2.5 microns in diameter,000048b02dd3c6d5.ws-nxcore,waggle-aqt530-5511,-9999.9,000048b02dd3c6d5,registry.sagecontinuum.org/kaludib/waggle-aqt530:1.00,vaisala-aqt530,waggle-aqt530,microgram per cubic meter,W095,core,W095
2026-07-12 22:15:04.733513456+00:00,aqt.particle.pm2.5,1.4,5min,Particulate Matter less than 2.5 microns in diameter,000048b02dd3c6d5.ws-nxcore,waggle-aqt530-5511,-9999.9,000048b02dd3c6d5,registry.sagecontinuum.org/kaludib/waggle-aqt530:1.00,vaisala-aqt530,waggle-aqt530,microgram per cubic meter,W095,core,W095
2026-07-12 22:20:04.941138921+00:00,aqt.particle.pm2.5,1.5,5min,Particulate Matter less than 2.5 microns in diameter,000048b02dd3c6d5.ws-nxcore,waggle-aqt530-5511,-9999.9,000048b02dd3c6d5,registry.sagecontinuum.org/kaludib/waggle-aqt530:1.00,vaisala-aqt530,waggle-aqt530,microgram per cubic meter,W095,core,W095
2026-07-12 22:25:05.161459108+00:00,aqt.particle.pm2.5,1.4,5min,Particulate Matter less than 2.5 microns in diameter,000048b02dd3c6d5.ws-nxcore,waggle-aqt530-5511,-9999.9,000048b02dd3c6d5,registry.sagecontinuum.org/kaludib/waggle-aqt530:1.00,vaisala-aqt530,waggle-aqt530,microgram per cubic meter,W095,core,W095
2026-07-12 22:30:04.375457582+00:00,aqt.particle.pm2.5,1.3,5min,Particulate Matter less than 2.5 microns in diameter,000048b02dd3c6d5.ws-nxcore,waggle-aqt530-5511,-9999.9,000048b02dd3c6d5,registry.sagecontinuum.org/kaludib/waggle-aqt530:1.00,vaisala-aqt530,waggle-aqt530,microgram per cubic meter,W095,core,W095
2026-07-12 22:35:04.595357365+00:00,aqt.particle.pm2.5,1.6,5min,Particulate Matter less than 2.5 microns in diameter,000048b02dd3c6d5.ws-nxcore,waggle-aqt530-5511,-9999.9,000048b02dd3c6d5,registry.sagecontinuum.org/kaludib/waggle-aqt530:1.00,vaisala-aqt530,waggle-aqt530,microgram per cubic meter,W095,core,W095
2026-07-12 22:40:04.801631725+00:00,aqt.particle.pm2.5,1.3,5min,Particulate Matter less than 2.5 microns in diameter,000048b02dd3c6d5.ws-nxcore,waggle-aqt530-5511,-9999.9,000048b02dd3c6d5,registry.sagecontinuum.org/kaludib/waggle-aqt530:1.00,vaisala-aqt530,waggle-aqt530,microgram per cubic meter,W095,core,W095
2026-07-12 22:45:05.036825540+00:00,aqt.particle.pm2.5,1.7,5min,Particulate Matter less than 2.5 microns in diameter,000048b02dd3c6d5.ws-nxcore,waggle-aqt530-5511,-9999.9,000048b02dd3c6d5,registry.sagecontinuum.org/kaludib/waggle-aqt530:1.00,vaisala-aqt530,waggle-aqt530,microgram per cubic meter,W095,core,W095
2026-07-12 22:50:04.273465871+00:00,aqt.particle.pm2.5,0.8,5min,Particulate Matter less than 2.5 microns in diameter,000048b02dd3c6d5.ws-nxcore,waggle-aqt530-5511,-9999.9,000048b02dd3c6d5,registry.sagecontinuum.org/kaludib/waggle-aqt530:1.00,vaisala-aqt530,waggle-aqt530,microgram per cubic meter,W095,core,W095
2026-07-12 22:55:04.503134368+00:00,aqt.particle.pm2.5,0.6,5min,Particulate Matter less than 2.5 microns in diameter,000048b02dd3c6d5.ws-nxcore,waggle-aqt530-5511,-9999.9,000048b02dd3c6d5,registry.sagecontinuum.org/kaludib/waggle-aqt530:1.00,vaisala-aqt530,waggle-aqt530,microgram per cubic meter,W095,core,W095
2026-07-12 23:00:04.768330229+00:00,aqt.particle.pm2.5,0.9,5min,Particulate Matter less than 2.5 microns in diameter,000048b02dd3c6d5.ws-nxcore,waggle-aqt530-5511,-9999.9,000048b02dd3c6d5,registry.sagecontinuum.org/kaludib/waggle-aqt530:1.00,vaisala-aqt530,waggle-aqt530,microgram per cubic meter,W095,core,W095
2026-07-12 23:05:04.943951737+00:00,aqt.particle.pm2.5,1.0,5min,Particulate Matter less than 2.5 microns in diameter,000048b02dd3c6d5.ws-nxcore,waggle-aqt530-5511,-9999.9,000048b02dd3c6d5,registry.sagecontinuum.org/kaludib/waggle-aqt530:1.00,vaisala-aqt530,waggle-aqt530,microgram per cubic meter,W095,core,W095
2026-07-12 23:10:05.169435731+00:00,aqt.particle.pm2.5,1.9,5min,Particulate Matter less than 2.5 microns in diameter,000048b02dd3c6d5.ws-nxcore,waggle-aqt530-5511,-9999.9,000048b02dd3c6d5,registry.sagecontinuum.org/kaludib/waggle-aqt530:1.00,vaisala-aqt530,waggle-aqt530,microgram per cubic meter,W095,core,W095
2026-07-12 23:15:04.387157625+00:00,aqt.particle.pm2.5,0.9,5min,Particulate Matter less than 2.5 microns in diameter,000048b02dd3c6d5.ws-nxcore,waggle-aqt530-5511,-9999.9,000048b02dd3c6d5,registry.sagecontinuum.org/kaludib/waggle-aqt530:1.00,vaisala-aqt530,waggle-aqt530,microgram per cubic meter,W095,core,W095
2026-07-12 23:20:04.599861265+00:00,aqt.particle.pm2.5,1.0,5min,Particulate Matter less than 2.5 microns in diameter,000048b02dd3c6d5.ws-nxcore,waggle-aqt530-5511,-9999.9,000048b02dd3c6d5,registry.sagecontinuum.org/kaludib/waggle-aqt530:1.00,vaisala-aqt530,waggle-aqt530,microgram per cubic meter,W095,core,W095
2026-07-12 23:25:04.821977367+00:00,aqt.particle.pm2.5,0.8,5min,Particulate Matter less than 2.5 microns in diameter,000048b02dd3c6d5.ws-nxcore,waggle-aqt530-5511,-9999.9,000048b02dd3c6d5,registry.sagecontinuum.org/kaludib/waggle-aqt530:1.00,vaisala-aqt530,waggle-aqt530,microgram per cubic meter,W095,core,W095
2026-07-12 23:30:05.046282482+00:00,aqt.particle.pm2.5,1.7,5min,Particulate Matter less than 2.5 microns in diameter,000048b02dd3c6d5.ws-nxcore,waggle-aqt530-5511,-9999.9,000048b02dd3c6d5,registry.sagecontinuum.org/kaludib/waggle-aqt530:1.00,vaisala-aqt530,waggle-aqt530,microgram per cubic meter,W095,core,W095
2026-07-12 23:35:04.262822665+00:00,aqt.particle.pm2.5,1.9,5min,Particulate Matter less than 2.5 microns in diameter,000048b02dd3c6d5.ws-nxcore,waggle-aqt530-5511,-9999.9,000048b02dd3c6d5,registry.sagecontinuum.org/kaludib/waggle-aqt530:1.00,vaisala-aqt530,waggle-aqt530,microgram per cubic meter,W095,core,W095
2026-07-12 23:40:04.473605062+00:00,aqt.particle.pm2.5,1.9,5min,Particulate Matter less than 2.5 microns in diameter,000048b02dd3c6d5.ws-nxcore,waggle-aqt530-5511,-9999.9,000048b02dd3c6d5,registry.sagecontinuum.org/kaludib/waggle-aqt530:1.00,vaisala-aqt530,waggle-aqt530,microgram per cubic meter,W095,core,W095
2026-07-12 23:45:04.696708824+00:00,aqt.particle.pm2.5,0.7,5min,Particulate Matter less than 2.5 microns in diameter,000048b02dd3c6d5.ws-nxcore,waggle-aqt530-5511,-9999.9,000048b02dd3c6d5,registry.sagecontinuum.org/kaludib/waggle-aqt530:1.00,vaisala-aqt530,waggle-aqt530,microgram per cubic meter,W095,core,W095
2026-07-12 23:50:04.920864460+00:00,aqt.particle.pm2.5,0.5,5min,Particulate Matter less than 2.5 microns in diameter,000048b02dd3c6d5.ws-nxcore,waggle-aqt530-5511,-9999.9,000048b02dd3c6d5,registry.sagecontinuum.org/kaludib/waggle-aqt530:1.00,vaisala-aqt530,waggle-aqt530,microgram per cubic meter,W095,core,W095
2026-07-12 23:55:05.631802877+00:00,aqt.particle.pm2.5,0.5,5min,Particulate Matter less than 2.5 microns in diameter,000048b02dd3c6d5.ws-nxcore,waggle-aqt530-5511,-9999.9,000048b02dd3c6d5,registry.sagecontinuum.org/kaludib/waggle-aqt530:1.00,vaisala-aqt530,waggle-aqt530,microgram per cubic meter,W095,core,W095
2026-07-13 00:00:04.378458018+00:00,aqt.particle.pm2.5,0.4,5min,Particulate Matter less than 2.5 microns in diameter,000048b02dd3c6d5.ws-nxcore,waggle-aqt530-5511,-9999.9,000048b02dd3c6d5,registry.sagecontinuum.org/kaludib/waggle-aqt530:1.00,vaisala-aqt530,waggle-aqt530,microgram per cubic meter,W095,core,W095
2026-07-13 00:05:04.587222273+00:00,aqt.particle.pm2.5,0.5,5min,Particulate Matter less than 2.5 microns in diameter,000048b02dd3c6d5.ws-nxcore,waggle-aqt530-5511,-9999.9,000048b02dd3c6d5,registry.sagecontinuum.org/kaludib/waggle-aqt530:1.00,vaisala-aqt530,waggle-aqt530,microgram per cubic meter,W095,core,W095
2026-07-13 00:10:04.813989560+00:00,aqt.particle.pm2.5,0.4,5min,Particulate Matter less than 2.5 microns in diameter,000048b02dd3c6d5.ws-nxcore,waggle-aqt530-5511,-9999.9,000048b02dd3c6d5,registry.sagecontinuum.org/kaludib/waggle-aqt530:1.00,vaisala-aqt530,waggle-aqt530,microgram per cubic meter,W095,core,W095
2026-07-13 00:15:05.026182141+00:00,aqt.particle.pm2.5,0.5,5min,Particulate Matter less than 2.5 microns in diameter,000048b02dd3c6d5.ws-nxcore,waggle-aqt530-5511,-9999.9,000048b02dd3c6d5,registry.sagecontinuum.org/kaludib/waggle-aqt530:1.00,vaisala-aqt530,waggle-aqt530,microgram per cubic meter,W095,core,W095
2026-07-13 00:20:04.244202180+00:00,aqt.particle.pm2.5,0.5,5min,Particulate Matter less than 2.5 microns in diameter,000048b02dd3c6d5.ws-nxcore,waggle-aqt530-5511,-9999.9,000048b02dd3c6d5,registry.sagecontinuum.org/kaludib/waggle-aqt530:1.00,vaisala-aqt530,waggle-aqt530,microgram per cubic meter,W095,core,W095
2026-07-13 00:25:04.468635180+00:00,aqt.particle.pm2.5,0.5,5min,Particulate Matter less than 2.5 microns in diameter,000048b02dd3c6d5.ws-nxcore,waggle-aqt530-5511,-9999.9,000048b02dd3c6d5,registry.sagecontinuum.org/kaludib/waggle-aqt530:1.00,vaisala-aqt530,waggle-aqt530,microgram per cubic meter,W095,core,W095
2026-07-13 00:30:04.620051576+00:00,aqt.particle.pm2.5,0.6,5min,Particulate Matter less than 2.5 microns in diameter,000048b02dd3c6d5.ws-nxcore,waggle-aqt530-5511,-9999.9,000048b02dd3c6d5,registry.sagecontinuum.org/kaludib/waggle-aqt530:1.00,vaisala-aqt530,waggle-aqt530,microgram per cubic meter,W095,core,W095
2026-07-13 00:35:04.784157976+00:00,aqt.particle.pm2.5,1.1,5min,Particulate Matter less than 2.5 microns in diameter,000048b02dd3c6d5.ws-nxcore,waggle-aqt530-5511,-9999.9,000048b02dd3c6d5,registry.sagecontinuum.org/kaludib/waggle-aqt530:1.00,vaisala-aqt530,waggle-aqt530,microgram per cubic meter,W095,core,W095
2026-07-13 00:40:04.977592926+00:00,aqt.particle.pm2.5,1.1,5min,Particulate Matter less than 2.5 microns in diameter,000048b02dd3c6d5.ws-nxcore,waggle-aqt530-5511,-9999.9,000048b02dd3c6d5,registry.sagecontinuum.org/kaludib/waggle-aqt530:1.00,vaisala-aqt530,waggle-aqt530,microgram per cubic meter,W095,core,W095
2026-07-13 00:45:04.173557608+00:00,aqt.particle.pm2.5,1.1,5min,Particulate Matter less than 2.5 microns in diameter,000048b02dd3c6d5.ws-nxcore,waggle-aqt530-5511,-9999.9,000048b02dd3c6d5,registry.sagecontinuum.org/kaludib/waggle-aqt530:1.00,vaisala-aqt530,waggle-aqt530,microgram per cubic meter,W095,core,W095
2026-07-13 00:50:04.381931783+00:00,aqt.particle.pm2.5,1.1,5min,Particulate Matter less than 2.5 microns in diameter,000048b02dd3c6d5.ws-nxcore,waggle-aqt530-5511,-9999.9,000048b02dd3c6d5,registry.sagecontinuum.org/kaludib/waggle-aqt530:1.00,vaisala-aqt530,waggle-aqt530,microgram per cubic meter,W095,core,W095
2026-07-13 00:55:04.578712557+00:00,aqt.particle.pm2.5,1.1,5min,Particulate Matter less than 2.5 microns in diameter,000048b02dd3c6d5.ws-nxcore,waggle-aqt530-5511,-9999.9,000048b02dd3c6d5,registry.sagecontinuum.org/kaludib/waggle-aqt530:1.00,vaisala-aqt530,waggle-aqt530,microgram per cubic meter,W095,core,W095
2026-07-13 01:00:04.792019912+00:00,aqt.particle.pm2.5,1.0,5min,Particulate Matter less than 2.5 microns in diameter,000048b02dd3c6d5.ws-nxcore,waggle-aqt530-5511,-9999.9,000048b02dd3c6d5,registry.sagecontinuum.org/kaludib/waggle-aqt530:1.00,vaisala-aqt530,waggle-aqt530,microgram per cubic meter,W095,core,W095
2026-07-13 01:05:05.004647738+00:00,aqt.particle.pm2.5,0.7,5min,Particulate Matter less than 2.5 microns in diameter,000048b02dd3c6d5.ws-nxcore,waggle-aqt530-5511,-9999.9,000048b02dd3c6d5,registry.sagecontinuum.org/kaludib/waggle-aqt530:1.00,vaisala-aqt530,waggle-aqt530,microgram per cubic meter,W095,core,W095
2026-07-13 01:10:04.211342948+00:00,aqt.particle.pm2.5,1.2,5min,Particulate Matter less than 2.5 microns in diameter,000048b02dd3c6d5.ws-nxcore,waggle-aqt530-5511,-9999.9,000048b02dd3c6d5,registry.sagecontinuum.org/kaludib/waggle-aqt530:1.00,vaisala-aqt530,waggle-aqt530,microgram per cubic meter,W095,core,W095
2026-07-13 01:15:04.411531077+00:00,aqt.particle.pm2.5,0.8,5min,Particulate Matter less than 2.5 microns in diameter,000048b02dd3c6d5.ws-nxcore,waggle-aqt530-5511,-9999.9,000048b02dd3c6d5,registry.sagecontinuum.org/kaludib/waggle-aqt530:1.00,vaisala-aqt530,waggle-aqt530,microgram per cubic meter,W095,core,W095
2026-07-13 01:20:04.673934355+00:00,aqt.particle.pm2.5,0.8,5min,Particulate Matter less than 2.5 microns in diameter,000048b02dd3c6d5.ws-nxcore,waggle-aqt530-5511,-9999.9,000048b02dd3c6d5,registry.sagecontinuum.org/kaludib/waggle-aqt530:1.00,vaisala-aqt530,waggle-aqt530,microgram per cubic meter,W095,core,W095
2026-07-13 01:25:04.919303398+00:00,aqt.particle.pm2.5,1.2,5min,Particulate Matter less than 2.5 microns in diameter,000048b02dd3c6d5.ws-nxcore,waggle-aqt530-5511,-9999.9,000048b02dd3c6d5,registry.sagecontinuum.org/kaludib/waggle-aqt530:1.00,vaisala-aqt530,waggle-aqt530,microgram per cubic meter,W095,core,W095
2026-07-13 01:30:04.144197586+00:00,aqt.particle.pm2.5,1.2,5min,Particulate Matter less than 2.5 microns in diameter,000048b02dd3c6d5.ws-nxcore,waggle-aqt530-5511,-9999.9,000048b02dd3c6d5,registry.sagecontinuum.org/kaludib/waggle-aqt530:1.00,vaisala-aqt530,waggle-aqt530,microgram per cubic meter,W095,core,W095
2026-07-13 01:35:04.352957256+00:00,aqt.particle.pm2.5,1.9,5min,Particulate Matter less than 2.5 microns in diameter,000048b02dd3c6d5.ws-nxcore,waggle-aqt530-5511,-9999.9,000048b02dd3c6d5,registry.sagecontinuum.org/kaludib/waggle-aqt530:1.00,vaisala-aqt530,waggle-aqt530,microgram per cubic meter,W095,core,W095
2026-07-13 01:40:04.570250968+00:00,aqt.particle.pm2.5,4.1,5min,Particulate Matter less than 2.5 microns in diameter,000048b02dd3c6d5.ws-nxcore,waggle-aqt530-5511,-9999.9,000048b02dd3c6d5,registry.sagecontinuum.org/kaludib/waggle-aqt530:1.00,vaisala-aqt530,waggle-aqt530,microgram per cubic meter,W095,core,W095
2026-07-13 01:45:04.789870652+00:00,aqt.particle.pm2.5,1.9,5min,Particulate Matter less than 2.5 microns in diameter,000048b02dd3c6d5.ws-nxcore,waggle-aqt530-5511,-9999.9,000048b02dd3c6d5,registry.sagecontinuum.org/kaludib/waggle-aqt530:1.00,vaisala-aqt530,waggle-aqt530,microgram per cubic meter,W095,core,W095
2026-07-13 01:50:05.001470009+00:00,aqt.particle.pm2.5,3.6,5min,Particulate Matter less than 2.5 microns in diameter,000048b02dd3c6d5.ws-nxcore,waggle-aqt530-5511,-9999.9,000048b02dd3c6d5,registry.sagecontinuum.org/kaludib/waggle-aqt530:1.00,vaisala-aqt530,waggle-aqt530,microgram per cubic meter,W095,core,W095
2026-07-13 01:55:04.212547633+00:00,aqt.particle.pm2.5,3.9,5min,Particulate Matter less than 2.5 microns in diameter,000048b02dd3c6d5.ws-nxcore,waggle-aqt530-5511,-9999.9,000048b02dd3c6d5,registry.sagecontinuum.org/kaludib/waggle-aqt530:1.00,vaisala-aqt530,waggle-aqt530,microgram per cubic meter,W095,core,W095
2026-07-13 02:00:04.467320876+00:00,aqt.particle.pm2.5,1.5,5min,Particulate Matter less than 2.5 microns in diameter,000048b02dd3c6d5.ws-nxcore,waggle-aqt530-5511,-9999.9,000048b02dd3c6d5,registry.sagecontinuum.org/kaludib/waggle-aqt530:1.00,vaisala-aqt530,waggle-aqt530,microgram per cubic meter,W095,core,W095
2026-07-13 02:05:04.659822212+00:00,aqt.particle.pm2.5,2.3,5min,Particulate Matter less than 2.5 microns in diameter,000048b02dd3c6d5.ws-nxcore,waggle-aqt530-5511,-9999.9,000048b02dd3c6d5,registry.sagecontinuum.org/kaludib/waggle-aqt530:1.00,vaisala-aqt530,waggle-aqt530,microgram per cubic meter,W095,core,W095
2026-07-13 02:10:04.864937889+00:00,aqt.particle.pm2.5,1.7,5min,Particulate Matter less than 2.5 microns in diameter,000048b02dd3c6d5.ws-nxcore,waggle-aqt530-5511,-9999.9,000048b02dd3c6d5,registry.sagecontinuum.org/kaludib/waggle-aqt530:1.00,vaisala-aqt530,waggle-aqt530,microgram per cubic meter,W095,core,W095
2026-07-13 02:15:04.085403209+00:00,aqt.particle.pm2.5,6.6,5min,Particulate Matter less than 2.5 microns in diameter,000048b02dd3c6d5.ws-nxcore,waggle-aqt530-5511,-9999.9,000048b02dd3c6d5,registry.sagecontinuum.org/kaludib/waggle-aqt530:1.00,vaisala-aqt530,waggle-aqt530,microgram per cubic meter,W095,core,W095
2026-07-13 02:20:04.290416248+00:00,aqt.particle.pm2.5,2.8,5min,Particulate Matter less than 2.5 microns in diameter,000048b02dd3c6d5.ws-nxcore,waggle-aqt530-5511,-9999.9,000048b02dd3c6d5,registry.sagecontinuum.org/kaludib/waggle-aqt530:1.00,vaisala-aqt530,waggle-aqt530,microgram per cubic meter,W095,core,W095
2026-07-13 02:25:04.509909641+00:00,aqt.particle.pm2.5,3.6,5min,Particulate Matter less than 2.5 microns in diameter,000048b02dd3c6d5.ws-nxcore,waggle-aqt530-5511,-9999.9,000048b02dd3c6d5,registry.sagecontinuum.org/kaludib/waggle-aqt530:1.00,vaisala-aqt530,waggle-aqt530,microgram per cubic meter,W095,core,W095
2026-07-13 02:30:04.717120137+00:00,aqt.particle.pm2.5,6.6,5min,Particulate Matter less than 2.5 microns in diameter,000048b02dd3c6d5.ws-nxcore,waggle-aqt530-5511,-9999.9,000048b02dd3c6d5,registry.sagecontinuum.org/kaludib/waggle-aqt530:1.00,vaisala-aqt530,waggle-aqt530,microgram per cubic meter,W095,core,W095
2026-07-13 02:35:04.938786742+00:00,aqt.particle.pm2.5,4.0,5min,Particulate Matter less than 2.5 microns in diameter,000048b02dd3c6d5.ws-nxcore,waggle-aqt530-5511,-9999.9,000048b02dd3c6d5,registry.sagecontinuum.org/kaludib/waggle-aqt530:1.00,vaisala-aqt530,waggle-aqt530,microgram per cubic meter,W095,core,W095
2026-07-13 02:40:04.155904695+00:00,aqt.particle.pm2.5,2.9,5min,Particulate Matter less than 2.5 microns in diameter,000048b02dd3c6d5.ws-nxcore,waggle-aqt530-5511,-9999.9,000048b02dd3c6d5,registry.sagecontinuum.org/kaludib/waggle-aqt530:1.00,vaisala-aqt530,waggle-aqt530,microgram per cubic meter,W095,core,W095
2026-07-13 02:45:04.368131379+00:00,aqt.particle.pm2.5,0.8,5min,Particulate Matter less than 2.5 microns in diameter,000048b02dd3c6d5.ws-nxcore,waggle-aqt530-5511,-9999.9,000048b02dd3c6d5,registry.sagecontinuum.org/kaludib/waggle-aqt530:1.00,vaisala-aqt530,waggle-aqt530,microgram per cubic meter,W095,core,W095
2026-07-13 02:50:04.582521637+00:00,aqt.particle.pm2.5,0.6,5min,Particulate Matter less than 2.5 microns in diameter,000048b02dd3c6d5.ws-nxcore,waggle-aqt530-5511,-9999.9,000048b02dd3c6d5,registry.sagecontinuum.org/kaludib/waggle-aqt530:1.00,vaisala-aqt530,waggle-aqt530,microgram per cubic meter,W095,core,W095
2026-07-13 02:55:04.785731930+00:00,aqt.particle.pm2.5,0.5,5min,Particulate Matter less than 2.5 microns in diameter,000048b02dd3c6d5.ws-nxcore,waggle-aqt530-5511,-9999.9,000048b02dd3c6d5,registry.sagecontinuum.org/kaludib/waggle-aqt530:1.00,vaisala-aqt530,waggle-aqt530,microgram per cubic meter,W095,core,W095
2026-07-13 03:00:05.005163503+00:00,aqt.particle.pm2.5,0.5,5min,Particulate Matter less than 2.5 microns in diameter,000048b02dd3c6d5.ws-nxcore,waggle-aqt530-5511,-9999.9,000048b02dd3c6d5,registry.sagecontinuum.org/kaludib/waggle-aqt530:1.00,vaisala-aqt530,waggle-aqt530,microgram per cubic meter,W095,core,W095
2026-07-13 03:05:04.218017040+00:00,aqt.particle.pm2.5,0.5,5min,Particulate Matter less than 2.5 microns in diameter,000048b02dd3c6d5.ws-nxcore,waggle-aqt530-5511,-9999.9,000048b02dd3c6d5,registry.sagecontinuum.org/kaludib/waggle-aqt530:1.00,vaisala-aqt530,waggle-aqt530,microgram per cubic meter,W095,core,W095
2026-07-13 03:10:04.437747805+00:00,aqt.particle.pm2.5,0.3,5min,Particulate Matter less than 2.5 microns in diameter,000048b02dd3c6d5.ws-nxcore,waggle-aqt530-5511,-9999.9,000048b02dd3c6d5,registry.sagecontinuum.org/kaludib/waggle-aqt530:1.00,vaisala-aqt530,waggle-aqt530,microgram per cubic meter,W095,core,W095
2026-07-13 03:15:04.644062581+00:00,aqt.particle.pm2.5,4.3,5min,Particulate Matter less than 2.5 microns in diameter,000048b02dd3c6d5.ws-nxcore,waggle-aqt530-5511,-9999.9,000048b02dd3c6d5,registry.sagecontinuum.org/kaludib/waggle-aqt530:1.00,vaisala-aqt530,waggle-aqt530,microgram per cubic meter,W095,core,W095
2026-07-13 03:20:04.854102600+00:00,aqt.particle.pm2.5,2.0,5min,Particulate Matter less than 2.5 microns in diameter,000048b02dd3c6d5.ws-nxcore,waggle-aqt530-5511,-9999.9,000048b02dd3c6d5,registry.sagecontinuum.org/kaludib/waggle-aqt530:1.00,vaisala-aqt530,waggle-aqt530,microgram per cubic meter,W095,core,W095
2026-07-13 03:25:04.062972177+00:00,aqt.particle.pm2.5,2.4,5min,Particulate Matter less than 2.5 microns in diameter,000048b02dd3c6d5.ws-nxcore,waggle-aqt530-5511,-9999.9,000048b02dd3c6d5,registry.sagecontinuum.org/kaludib/waggle-aqt530:1.00,vaisala-aqt530,waggle-aqt530,microgram per cubic meter,W095,core,W095
2026-07-13 03:30:04.276610907+00:00,aqt.particle.pm2.5,2.6,5min,Particulate Matter less than 2.5 microns in diameter,000048b02dd3c6d5.ws-nxcore,waggle-aqt530-5511,-9999.9,000048b02dd3c6d5,registry.sagecontinuum.org/kaludib/waggle-aqt530:1.00,vaisala-aqt530,waggle-aqt530,microgram per cubic meter,W095,core,W095
2026-07-13 03:35:04.476947248+00:00,aqt.particle.pm2.5,4.4,5min,Particulate Matter less than 2.5 microns in diameter,000048b02dd3c6d5.ws-nxcore,waggle-aqt530-5511,-9999.9,000048b02dd3c6d5,registry.sagecontinuum.org/kaludib/waggle-aqt530:1.00,vaisala-aqt530,waggle-aqt530,microgram per cubic meter,W095,core,W095
2026-07-13 03:40:04.694030438+00:00,aqt.particle.pm2.5,7.7,5min,Particulate Matter less than 2.5 microns in diameter,000048b02dd3c6d5.ws-nxcore,waggle-aqt530-5511,-9999.9,000048b02dd3c6d5,registry.sagecontinuum.org/kaludib/waggle-aqt530:1.00,vaisala-aqt530,waggle-aqt530,microgram per cubic meter,W095,core,W095
2026-07-13 03:45:04.911930078+00:00,aqt.particle.pm2.5,3.2,5min,Particulate Matter less than 2.5 microns in diameter,000048b02dd3c6d5.ws-nxcore,waggle-aqt530-5511,-9999.9,000048b02dd3c6d5,registry.sagecontinuum.org/kaludib/waggle-aqt530:1.00,vaisala-aqt530,waggle-aqt530,microgram per cubic meter,W095,core,W095
2026-07-13 03:50:04.125501238+00:00,aqt.particle.pm2.5,1.0,5min,Particulate Matter less than 2.5 microns in diameter,000048b02dd3c6d5.ws-nxcore,waggle-aqt530-5511,-9999.9,000048b02dd3c6d5,registry.sagecontinuum.org/kaludib/waggle-aqt530:1.00,vaisala-aqt530,waggle-aqt530,microgram per cubic meter,W095,core,W095
2026-07-13 03:55:04.358726400+00:00,aqt.particle.pm2.5,0.3,5min,Particulate Matter less than 2.5 microns in diameter,000048b02dd3c6d5.ws-nxcore,waggle-aqt530-5511,-9999.9,000048b02dd3c6d5,registry.sagecontinuum.org/kaludib/waggle-aqt530:1.00,vaisala-aqt530,waggle-aqt530,microgram per cubic meter,W095,core,W095
2026-07-13 04:00:04.581307503+00:00,aqt.particle.pm2.5,1.0,5min,Particulate Matter less than 2.5 microns in diameter,000048b02dd3c6d5.ws-nxcore,waggle-aqt530-5511,-9999.9,000048b02dd3c6d5,registry.sagecontinuum.org/kaludib/waggle-aqt530:1.00,vaisala-aqt530,waggle-aqt530,microgram per cubic meter,W095,core,W095
2026-07-13 04:05:04.798773378+00:00,aqt.particle.pm2.5,3.4,5min,Particulate Matter less than 2.5 microns in diameter,000048b02dd3c6d5.ws-nxcore,waggle-aqt530-5511,-9999.9,000048b02dd3c6d5,registry.sagecontinuum.org/kaludib/waggle-aqt530:1.00,vaisala-aqt530,waggle-aqt530,microgram per cubic meter,W095,core,W095
2026-07-13 04:10:04.016638632+00:00,aqt.particle.pm2.5,4.0,5min,Particulate Matter less than 2.5 microns in diameter,000048b02dd3c6d5.ws-nxcore,waggle-aqt530-5511,-9999.9,000048b02dd3c6d5,registry.sagecontinuum.org/kaludib/waggle-aqt530:1.00,vaisala-aqt530,waggle-aqt530,microgram per cubic meter,W095,core,W095
2026-07-13 04:15:04.237759110+00:00,aqt.particle.pm2.5,0.9,5min,Particulate Matter less than 2.5 microns in diameter,000048b02dd3c6d5.ws-nxcore,waggle-aqt530-5511,-9999.9,000048b02dd3c6d5,registry.sagecontinuum.org/kaludib/waggle-aqt530:1.00,vaisala-aqt530,waggle-aqt530,microgram per cubic meter,W095,core,W095
2026-07-13 04:20:04.443918948+00:00,aqt.particle.pm2.5,2.7,5min,Particulate Matter less than 2.5 microns in diameter,000048b02dd3c6d5.ws-nxcore,waggle-aqt530-5511,-9999.9,000048b02dd3c6d5,registry.sagecontinuum.org/kaludib/waggle-aqt530:1.00,vaisala-aqt530,waggle-aqt530,microgram per cubic meter,W095,core,W095
2026-07-13 04:25:04.667587029+00:00,aqt.particle.pm2.5,4.1,5min,Particulate Matter less than 2.5 microns in diameter,000048b02dd3c6d5.ws-nxcore,waggle-aqt530-5511,-9999.9,000048b02dd3c6d5,registry.sagecontinuum.org/kaludib/waggle-aqt530:1.00,vaisala-aqt530,waggle-aqt530,microgram per cubic meter,W095,core,W095
2026-07-13 04:30:04.899680716+00:00,aqt.particle.pm2.5,4.1,5min,Particulate Matter less than 2.5 microns in diameter,000048b02dd3c6d5.ws-nxcore,waggle-aqt530-5511,-9999.9,000048b02dd3c6d5,registry.sagecontinuum.org/kaludib/waggle-aqt530:1.00,vaisala-aqt530,waggle-aqt530,microgram per cubic meter,W095,core,W095
2026-07-13 04:35:04.118510999+00:00,aqt.particle.pm2.5,5.2,5min,Particulate Matter less than 2.5 microns in diameter,000048b02dd3c6d5.ws-nxcore,waggle-aqt530-5511,-9999.9,000048b02dd3c6d5,registry.sagecontinuum.org/kaludib/waggle-aqt530:1.00,vaisala-aqt530,waggle-aqt530,microgram per cubic meter,W095,core,W095
2026-07-13 04:40:04.331129046+00:00,aqt.particle.pm2.5,4.9,5min,Particulate Matter less than 2.5 microns in diameter,000048b02dd3c6d5.ws-nxcore,waggle-aqt530-5511,-9999.9,000048b02dd3c6d5,registry.sagecontinuum.org/kaludib/waggle-aqt530:1.00,vaisala-aqt530,waggle-aqt530,microgram per cubic meter,W095,core,W095
2026-07-13 04:45:04.553069465+00:00,aqt.particle.pm2.5,2.0,5min,Particulate Matter less than 2.5 microns in diameter,000048b02dd3c6d5.ws-nxcore,waggle-aqt530-5511,-9999.9,000048b02dd3c6d5,registry.sagecontinuum.org/kaludib/waggle-aqt530:1.00,vaisala-aqt530,waggle-aqt530,microgram per cubic meter,W095,core,W095
2026-07-13 04:50:04.776300757+00:00,aqt.particle.pm2.5,1.2,5min,Particulate Matter less than 2.5 microns in diameter,000048b02dd3c6d5.ws-nxcore,waggle-aqt530-5511,-9999.9,000048b02dd3c6d5,registry.sagecontinuum.org/kaludib/waggle-aqt530:1.00,vaisala-aqt530,waggle-aqt530,microgram per cubic meter,W095,core,W095
2026-07-13 04:55:03.991192049+00:00,aqt.particle.pm2.5,2.7,5min,Particulate Matter less than 2.5 microns in diameter,000048b02dd3c6d5.ws-nxcore,waggle-aqt530-5511,-9999.9,000048b02dd3c6d5,registry.sagecontinuum.org/kaludib/waggle-aqt530:1.00,vaisala-aqt530,waggle-aqt530,microgram per cubic meter,W095,core,W095
2026-07-13 05:00:04.215789723+00:00,aqt.particle.pm2.5,2.0,5min,Particulate Matter less than 2.5 microns in diameter,000048b02dd3c6d5.ws-nxcore,waggle-aqt530-5511,-9999.9,000048b02dd3c6d5,registry.sagecontinuum.org/kaludib/waggle-aqt530:1.00,vaisala-aqt530,waggle-aqt530,microgram per cubic meter,W095,core,W095
2026-07-13 05:05:04.375382804+00:00,aqt.particle.pm2.5,3.6,5min,Particulate Matter less than 2.5 microns in diameter,000048b02dd3c6d5.ws-nxcore,waggle-aqt530-5511,-9999.9,000048b02dd3c6d5,registry.sagecontinuum.org/kaludib/waggle-aqt530:1.00,vaisala-aqt530,waggle-aqt530,microgram per cubic meter,W095,core,W095
2026-07-13 05:10:04.590776495+00:00,aqt.particle.pm2.5,0.8,5min,Particulate Matter less than 2.5 microns in diameter,000048b02dd3c6d5.ws-nxcore,waggle-aqt530-5511,-9999.9,000048b02dd3c6d5,registry.sagecontinuum.org/kaludib/waggle-aqt530:1.00,vaisala-aqt530,waggle-aqt530,microgram per cubic meter,W095,core,W095
2026-07-13 05:15:04.787080611+00:00,aqt.particle.pm2.5,0.3,5min,Particulate Matter less than 2.5 microns in diameter,000048b02dd3c6d5.ws-nxcore,waggle-aqt530-5511,-9999.9,000048b02dd3c6d5,registry.sagecontinuum.org/kaludib/waggle-aqt530:1.00,vaisala-aqt530,waggle-aqt530,microgram per cubic meter,W095,core,W095
2026-07-13 05:20:04.036043423+00:00,aqt.particle.pm2.5,0.1,5min,Particulate Matter less than 2.5 microns in diameter,000048b02dd3c6d5.ws-nxcore,waggle-aqt530-5511,-9999.9,000048b02dd3c6d5,registry.sagecontinuum.org/kaludib/waggle-aqt530:1.00,vaisala-aqt530,waggle-aqt530,microgram per cubic meter,W095,core,W095
2026-07-13 05:25:04.193371090+00:00,aqt.particle.pm2.5,0.1,5min,Particulate Matter less than 2.5 microns in diameter,000048b02dd3c6d5.ws-nxcore,waggle-aqt530-5511,-9999.9,000048b02dd3c6d5,registry.sagecontinuum.org/kaludib/waggle-aqt530:1.00,vaisala-aqt530,waggle-aqt530,microgram per cubic meter,W095,core,W095
2026-07-13 05:30:04.408629374+00:00,aqt.particle.pm2.5,0.2,5min,Particulate Matter less than 2.5 microns in diameter,000048b02dd3c6d5.ws-nxcore,waggle-aqt530-5511,-9999.9,000048b02dd3c6d5,registry.sagecontinuum.org/kaludib/waggle-aqt530:1.00,vaisala-aqt530,waggle-aqt530,microgram per cubic meter,W095,core,W095
2026-07-13 05:35:04.624461332+00:00,aqt.particle.pm2.5,1.1,5min,Particulate Matter less than 2.5 microns in diameter,000048b02dd3c6d5.ws-nxcore,waggle-aqt530-5511,-9999.9,000048b02dd3c6d5,registry.sagecontinuum.org/kaludib/waggle-aqt530:1.00,vaisala-aqt530,waggle-aqt530,microgram per cubic meter,W095,core,W095
2026-07-13 05:40:04.826252863+00:00,aqt.particle.pm2.5,2.2,5min,Particulate Matter less than 2.5 microns in diameter,000048b02dd3c6d5.ws-nxcore,waggle-aqt530-5511,-9999.9,000048b02dd3c6d5,registry.sagecontinuum.org/kaludib/waggle-aqt530:1.00,vaisala-aqt530,waggle-aqt530,microgram per cubic meter,W095,core,W095
2026-07-13 05:45:04.051377997+00:00,aqt.particle.pm2.5,2.7,5min,Particulate Matter less than 2.5 microns in diameter,000048b02dd3c6d5.ws-nxcore,waggle-aqt530-5511,-9999.9,000048b02dd3c6d5,registry.sagecontinuum.org/kaludib/waggle-aqt530:1.00,vaisala-aqt530,waggle-aqt530,microgram per cubic meter,W095,core,W095
2026-07-13 05:50:04.270508553+00:00,aqt.particle.pm2.5,4.4,5min,Particulate Matter less than 2.5 microns in diameter,000048b02dd3c6d5.ws-nxcore,waggle-aqt530-5511,-9999.9,000048b02dd3c6d5,registry.sagecontinuum.org/kaludib/waggle-aqt530:1.00,vaisala-aqt530,waggle-aqt530,microgram per cubic meter,W095,core,W095
2026-07-13 05:55:04.555780996+00:00,aqt.particle.pm2.5,6.1,5min,Particulate Matter less than 2.5 microns in diameter,000048b02dd3c6d5.ws-nxcore,waggle-aqt530-5511,-9999.9,000048b02dd3c6d5,registry.sagecontinuum.org/kaludib/waggle-aqt530:1.00,vaisala-aqt530,waggle-aqt530,microgram per cubic meter,W095,core,W095
2026-07-13 06:00:04.805661693+00:00,aqt.particle.pm2.5,6.8,5min,Particulate Matter less than 2.5 microns in diameter,000048b02dd3c6d5.ws-nxcore,waggle-aqt530-5511,-9999.9,000048b02dd3c6d5,registry.sagecontinuum.org/kaludib/waggle-aqt530:1.00,vaisala-aqt530,waggle-aqt530,microgram per cubic meter,W095,core,W095
2026-07-13 06:05:04.036308304+00:00,aqt.particle.pm2.5,6.7,5min,Particulate Matter less than 2.5 microns in diameter,000048b02dd3c6d5.ws-nxcore,waggle-aqt530-5511,-9999.9,000048b02dd3c6d5,registry.sagecontinuum.org/kaludib/waggle-aqt530:1.00,vaisala-aqt530,waggle-aqt530,microgram per cubic meter,W095,core,W095
2026-07-13 06:10:04.177328599+00:00,aqt.particle.pm2.5,4.9,5min,Particulate Matter less than 2.5 microns in diameter,000048b02dd3c6d5.ws-nxcore,waggle-aqt530-5511,-9999.9,000048b02dd3c6d5,registry.sagecontinuum.org/kaludib/waggle-aqt530:1.00,vaisala-aqt530,waggle-aqt530,microgram per cubic meter,W095,core,W095
2026-07-13 06:15:04.357639934+00:00,aqt.particle.pm2.5,5.1,5min,Particulate Matter less than 2.5 microns in diameter,000048b02dd3c6d5.ws-nxcore,waggle-aqt530-5511,-9999.9,000048b02dd3c6d5,registry.sagecontinuum.org/kaludib/waggle-aqt530:1.00,vaisala-aqt530,waggle-aqt530,microgram per cubic meter,W095,core,W095
2026-07-13 06:20:04.562752581+00:00,aqt.particle.pm2.5,0.4,5min,Particulate Matter less than 2.5 microns in diameter,000048b02dd3c6d5.ws-nxcore,waggle-aqt530-5511,-9999.9,000048b02dd3c6d5,registry.sagecontinuum.org/kaludib/waggle-aqt530:1.00,vaisala-aqt530,waggle-aqt530,microgram per cubic meter,W095,core,W095
2026-07-13 06:25:04.764548579+00:00,aqt.particle.pm2.5,0.7,5min,Particulate Matter less than 2.5 microns in diameter,000048b02dd3c6d5.ws-nxcore,waggle-aqt530-5511,-9999.9,000048b02dd3c6d5,registry.sagecontinuum.org/kaludib/waggle-aqt530:1.00,vaisala-aqt530,waggle-aqt530,microgram per cubic meter,W095,core,W095
2026-07-13 06:30:03.993745210+00:00,aqt.particle.pm2.5,1.0,5min,Particulate Matter less than 2.5 microns in diameter,000048b02dd3c6d5.ws-nxcore,waggle-aqt530-5511,-9999.9,000048b02dd3c6d5,registry.sagecontinuum.org/kaludib/waggle-aqt530:1.00,vaisala-aqt530,waggle-aqt530,microgram per cubic meter,W095,core,W095
2026-07-13 06:35:04.199457835+00:00,aqt.particle.pm2.5,2.5,5min,Particulate Matter less than 2.5 microns in diameter,000048b02dd3c6d5.ws-nxcore,waggle-aqt530-5511,-9999.9,000048b02dd3c6d5,registry.sagecontinuum.org/kaludib/waggle-aqt530:1.00,vaisala-aqt530,waggle-aqt530,microgram per cubic meter,W095,core,W095
2026-07-13 06:40:04.417820790+00:00,aqt.particle.pm2.5,6.1,5min,Particulate Matter less than 2.5 microns in diameter,000048b02dd3c6d5.ws-nxcore,waggle-aqt530-5511,-9999.9,000048b02dd3c6d5,registry.sagecontinuum.org/kaludib/waggle-aqt530:1.00,vaisala-aqt530,waggle-aqt530,microgram per cubic meter,W095,core,W095
2026-07-13 06:45:04.635499298+00:00,aqt.particle.pm2.5,7.6,5min,Particulate Matter less than 2.5 microns in diameter,000048b02dd3c6d5.ws-nxcore,waggle-aqt530-5511,-9999.9,000048b02dd3c6d5,registry.sagecontinuum.org/kaludib/waggle-aqt530:1.00,vaisala-aqt530,waggle-aqt530,microgram per cubic meter,W095,core,W095
2026-07-13 06:50:03.845331174+00:00,aqt.particle.pm2.5,3.5,5min,Particulate Matter less than 2.5 microns in diameter,000048b02dd3c6d5.ws-nxcore,waggle-aqt530-5511,-9999.9,000048b02dd3c6d5,registry.sagecontinuum.org/kaludib/waggle-aqt530:1.00,vaisala-aqt530,waggle-aqt530,microgram per cubic meter,W095,core,W095
2026-07-13 06:55:04.049843145+00:00,aqt.particle.pm2.5,2.6,5min,Particulate Matter less than 2.5 microns in diameter,000048b02dd3c6d5.ws-nxcore,waggle-aqt530-5511,-9999.9,000048b02dd3c6d5,registry.sagecontinuum.org/kaludib/waggle-aqt530:1.00,vaisala-aqt530,waggle-aqt530,microgram per cubic meter,W095,core,W095
2026-07-13 07:00:04.275518884+00:00,aqt.particle.pm2.5,4.1,5min,Particulate Matter less than 2.5 microns in diameter,000048b02dd3c6d5.ws-nxcore,waggle-aqt530-5511,-9999.9,000048b02dd3c6d5,registry.sagecontinuum.org/kaludib/waggle-aqt530:1.00,vaisala-aqt530,waggle-aqt530,microgram per cubic meter,W095,core,W095
2026-07-13 07:05:04.507636991+00:00,aqt.particle.pm2.5,2.2,5min,Particulate Matter less than 2.5 microns in diameter,000048b02dd3c6d5.ws-nxcore,waggle-aqt530-5511,-9999.9,000048b02dd3c6d5,registry.sagecontinuum.org/kaludib/waggle-aqt530:1.00,vaisala-aqt530,waggle-aqt530,microgram per cubic meter,W095,core,W095
2026-07-13 07:10:04.720540259+00:00,aqt.particle.pm2.5,1.3,5min,Particulate Matter less than 2.5 microns in diameter,000048b02dd3c6d5.ws-nxcore,waggle-aqt530-5511,-9999.9,000048b02dd3c6d5,registry.sagecontinuum.org/kaludib/waggle-aqt530:1.00,vaisala-aqt530,waggle-aqt530,microgram per cubic meter,W095,core,W095
2026-07-13 07:15:03.936407845+00:00,aqt.particle.pm2.5,0.8,5min,Particulate Matter less than 2.5 microns in diameter,000048b02dd3c6d5.ws-nxcore,waggle-aqt530-5511,-9999.9,000048b02dd3c6d5,registry.sagecontinuum.org/kaludib/waggle-aqt530:1.00,vaisala-aqt530,waggle-aqt530,microgram per cubic meter,W095,core,W095
2026-07-13 07:20:04.157622826+00:00,aqt.particle.pm2.5,0.4,5min,Particulate Matter less than 2.5 microns in diameter,000048b02dd3c6d5.ws-nxcore,waggle-aqt530-5511,-9999.9,000048b02dd3c6d5,registry.sagecontinuum.org/kaludib/waggle-aqt530:1.00,vaisala-aqt530,waggle-aqt530,microgram per cubic meter,W095,core,W095
2026-07-13 07:25:04.377941118+00:00,aqt.particle.pm2.5,0.1,5min,Particulate Matter less than 2.5 microns in diameter,000048b02dd3c6d5.ws-nxcore,waggle-aqt530-5511,-9999.9,000048b02dd3c6d5,registry.sagecontinuum.org/kaludib/waggle-aqt530:1.00,vaisala-aqt530,waggle-aqt530,microgram per cubic meter,W095,core,W095
2026-07-13 07:30:04.583907918+00:00,aqt.particle.pm2.5,0.1,5min,Particulate Matter less than 2.5 microns in diameter,000048b02dd3c6d5.ws-nxcore,waggle-aqt530-5511,-9999.9,000048b02dd3c6d5,registry.sagecontinuum.org/kaludib/waggle-aqt530:1.00,vaisala-aqt530,waggle-aqt530,microgram per cubic meter,W095,core,W095
2026-07-13 07:35:04.824213690+00:00,aqt.particle.pm2.5,0.0,5min,Particulate Matter less than 2.5 microns in diameter,000048b02dd3c6d5.ws-nxcore,waggle-aqt530-5511,-9999.9,000048b02dd3c6d5,registry.sagecontinuum.org/kaludib/waggle-aqt530:1.00,vaisala-aqt530,waggle-aqt530,microgram per cubic meter,W095,core,W095
2026-07-13 07:40:04.058056637+00:00,aqt.particle.pm2.5,0.1,5min,Particulate Matter less than 2.5 microns in diameter,000048b02dd3c6d5.ws-nxcore,waggle-aqt530-5511,-9999.9,000048b02dd3c6d5,registry.sagecontinuum.org/kaludib/waggle-aqt530:1.00,vaisala-aqt530,waggle-aqt530,microgram per cubic meter,W095,core,W095
2026-07-13 07:45:04.292112768+00:00,aqt.particle.pm2.5,0.1,5min,Particulate Matter less than 2.5 microns in diameter,000048b02dd3c6d5.ws-nxcore,waggle-aqt530-5511,-9999.9,000048b02dd3c6d5,registry.sagecontinuum.org/kaludib/waggle-aqt530:1.00,vaisala-aqt530,waggle-aqt530,microgram per cubic meter,W095,core,W095
2026-07-13 07:50:04.520309986+00:00,aqt.particle.pm2.5,0.0,5min,Particulate Matter less than 2.5 microns in diameter,000048b02dd3c6d5.ws-nxcore,waggle-aqt530-5511,-9999.9,000048b02dd3c6d5,registry.sagecontinuum.org/kaludib/waggle-aqt530:1.00,vaisala-aqt530,waggle-aqt530,microgram per cubic meter,W095,core,W095
2026-07-13 07:55:04.732363498+00:00,aqt.particle.pm2.5,0.1,5min,Particulate Matter less than 2.5 microns in diameter,000048b02dd3c6d5.ws-nxcore,waggle-aqt530-5511,-9999.9,000048b02dd3c6d5,registry.sagecontinuum.org/kaludib/waggle-aqt530:1.00,vaisala-aqt530,waggle-aqt530,microgram per cubic meter,W095,core,W095
2026-07-13 08:00:03.950470425+00:00,aqt.particle.pm2.5,0.1,5min,Particulate Matter less than 2.5 microns in diameter,000048b02dd3c6d5.ws-nxcore,waggle-aqt530-5511,-9999.9,000048b02dd3c6d5,registry.sagecontinuum.org/kaludib/waggle-aqt530:1.00,vaisala-aqt530,waggle-aqt530,microgram per cubic meter,W095,core,W095
2026-07-13 08:05:04.175135762+00:00,aqt.particle.pm2.5,0.1,5min,Particulate Matter less than 2.5 microns in diameter,000048b02dd3c6d5.ws-nxcore,waggle-aqt530-5511,-9999.9,000048b02dd3c6d5,registry.sagecontinuum.org/kaludib/waggle-aqt530:1.00,vaisala-aqt530,waggle-aqt530,microgram per cubic meter,W095,core,W095
2026-07-13 08:10:04.367114612+00:00,aqt.particle.pm2.5,0.1,5min,Particulate Matter less than 2.5 microns in diameter,000048b02dd3c6d5.ws-nxcore,waggle-aqt530-5511,-9999.9,000048b02dd3c6d5,registry.sagecontinuum.org/kaludib/waggle-aqt530:1.00,vaisala-aqt530,waggle-aqt530,microgram per cubic meter,W095,core,W095
2026-07-13 08:15:04.547899287+00:00,aqt.particle.pm2.5,0.4,5min,Particulate Matter less than 2.5 microns in diameter,000048b02dd3c6d5.ws-nxcore,waggle-aqt530-5511,-9999.9,000048b02dd3c6d5,registry.sagecontinuum.org/kaludib/waggle-aqt530:1.00,vaisala-aqt530,waggle-aqt530,microgram per cubic meter,W095,core,W095
2026-07-13 08:20:04.754130500+00:00,aqt.particle.pm2.5,0.4,5min,Particulate Matter less than 2.5 microns in diameter,000048b02dd3c6d5.ws-nxcore,waggle-aqt530-5511,-9999.9,000048b02dd3c6d5,registry.sagecontinuum.org/kaludib/waggle-aqt530:1.00,vaisala-aqt530,waggle-aqt530,microgram per cubic meter,W095,core,W095
2026-07-13 08:25:03.955295178+00:00,aqt.particle.pm2.5,0.4,5min,Particulate Matter less than 2.5 microns in diameter,000048b02dd3c6d5.ws-nxcore,waggle-aqt530-5511,-9999.9,000048b02dd3c6d5,registry.sagecontinuum.org/kaludib/waggle-aqt530:1.00,vaisala-aqt530,waggle-aqt530,microgram per cubic meter,W095,core,W095
2026-07-13 08:30:04.168247219+00:00,aqt.particle.pm2.5,0.4,5min,Particulate Matter less than 2.5 microns in diameter,000048b02dd3c6d5.ws-nxcore,waggle-aqt530-5511,-9999.9,000048b02dd3c6d5,registry.sagecontinuum.org/kaludib/waggle-aqt530:1.00,vaisala-aqt530,waggle-aqt530,microgram per cubic meter,W095,core,W095
2026-07-13 08:35:04.381603703+00:00,aqt.particle.pm2.5,3.3,5min,Particulate Matter less than 2.5 microns in diameter,000048b02dd3c6d5.ws-nxcore,waggle-aqt530-5511,-9999.9,000048b02dd3c6d5,registry.sagecontinuum.org/kaludib/waggle-aqt530:1.00,vaisala-aqt530,waggle-aqt530,microgram per cubic meter,W095,core,W095
2026-07-13 08:40:04.581975524+00:00,aqt.particle.pm2.5,4.5,5min,Particulate Matter less than 2.5 microns in diameter,000048b02dd3c6d5.ws-nxcore,waggle-aqt530-5511,-9999.9,000048b02dd3c6d5,registry.sagecontinuum.org/kaludib/waggle-aqt530:1.00,vaisala-aqt530,waggle-aqt530,microgram per cubic meter,W095,core,W095
2026-07-13 08:45:03.776930755+00:00,aqt.particle.pm2.5,4.9,5min,Particulate Matter less than 2.5 microns in diameter,000048b02dd3c6d5.ws-nxcore,waggle-aqt530-5511,-9999.9,000048b02dd3c6d5,registry.sagecontinuum.org/kaludib/waggle-aqt530:1.00,vaisala-aqt530,waggle-aqt530,microgram per cubic meter,W095,core,W095
2026-07-13 08:50:03.986073983+00:00,aqt.particle.pm2.5,4.9,5min,Particulate Matter less than 2.5 microns in diameter,000048b02dd3c6d5.ws-nxcore,waggle-aqt530-5511,-9999.9,000048b02dd3c6d5,registry.sagecontinuum.org/kaludib/waggle-aqt530:1.00,vaisala-aqt530,waggle-aqt530,microgram per cubic meter,W095,core,W095
2026-07-13 08:55:04.194358936+00:00,aqt.particle.pm2.5,3.9,5min,Particulate Matter less than 2.5 microns in diameter,000048b02dd3c6d5.ws-nxcore,waggle-aqt530-5511,-9999.9,000048b02dd3c6d5,registry.sagecontinuum.org/kaludib/waggle-aqt530:1.00,vaisala-aqt530,waggle-aqt530,microgram per cubic meter,W095,core,W095
2026-07-13 09:00:04.393248537+00:00,aqt.particle.pm2.5,3.6,5min,Particulate Matter less than 2.5 microns in diameter,000048b02dd3c6d5.ws-nxcore,waggle-aqt530-5511,-9999.9,000048b02dd3c6d5,registry.sagecontinuum.org/kaludib/waggle-aqt530:1.00,vaisala-aqt530,waggle-aqt530,microgram per cubic meter,W095,core,W095
2026-07-13 09:05:04.605558270+00:00,aqt.particle.pm2.5,3.7,5min,Particulate Matter less than 2.5 microns in diameter,000048b02dd3c6d5.ws-nxcore,waggle-aqt530-5511,-9999.9,000048b02dd3c6d5,registry.sagecontinuum.org/kaludib/waggle-aqt530:1.00,vaisala-aqt530,waggle-aqt530,microgram per cubic meter,W095,core,W095
2026-07-13 09:10:03.960363849+00:00,aqt.particle.pm2.5,5.7,5min,Particulate Matter less than 2.5 microns in diameter,000048b02dd3c6d5.ws-nxcore,waggle-aqt530-5511,-9999.9,000048b02dd3c6d5,registry.sagecontinuum.org/kaludib/waggle-aqt530:1.00,vaisala-aqt530,waggle-aqt530,microgram per cubic meter,W095,core,W095
2026-07-13 09:15:04.028060803+00:00,aqt.particle.pm2.5,6.2,5min,Particulate Matter less than 2.5 microns in diameter,000048b02dd3c6d5.ws-nxcore,waggle-aqt530-5511,-9999.9,000048b02dd3c6d5,registry.sagecontinuum.org/kaludib/waggle-aqt530:1.00,vaisala-aqt530,waggle-aqt530,microgram per cubic meter,W095,core,W095
2026-07-13 09:20:04.245303168+00:00,aqt.particle.pm2.5,4.8,5min,Particulate Matter less than 2.5 microns in diameter,000048b02dd3c6d5.ws-nxcore,waggle-aqt530-5511,-9999.9,000048b02dd3c6d5,registry.sagecontinuum.org/kaludib/waggle-aqt530:1.00,vaisala-aqt530,waggle-aqt530,microgram per cubic meter,W095,core,W095
2026-07-13 09:25:04.470531034+00:00,aqt.particle.pm2.5,4.1,5min,Particulate Matter less than 2.5 microns in diameter,000048b02dd3c6d5.ws-nxcore,waggle-aqt530-5511,-9999.9,000048b02dd3c6d5,registry.sagecontinuum.org/kaludib/waggle-aqt530:1.00,vaisala-aqt530,waggle-aqt530,microgram per cubic meter,W095,core,W095
2026-07-13 09:30:03.684285305+00:00,aqt.particle.pm2.5,3.1,5min,Particulate Matter less than 2.5 microns in diameter,000048b02dd3c6d5.ws-nxcore,waggle-aqt530-5511,-9999.9,000048b02dd3c6d5,registry.sagecontinuum.org/kaludib/waggle-aqt530:1.00,vaisala-aqt530,waggle-aqt530,microgram per cubic meter,W095,core,W095
2026-07-13 09:35:03.903901792+00:00,aqt.particle.pm2.5,2.5,5min,Particulate Matter less than 2.5 microns in diameter,000048b02dd3c6d5.ws-nxcore,waggle-aqt530-5511,-9999.9,000048b02dd3c6d5,registry.sagecontinuum.org/kaludib/waggle-aqt530:1.00,vaisala-aqt530,waggle-aqt530,microgram per cubic meter,W095,core,W095
2026-07-13 09:40:04.122779925+00:00,aqt.particle.pm2.5,2.4,5min,Particulate Matter less than 2.5 microns in diameter,000048b02dd3c6d5.ws-nxcore,waggle-aqt530-5511,-9999.9,000048b02dd3c6d5,registry.sagecontinuum.org/kaludib/waggle-aqt530:1.00,vaisala-aqt530,waggle-aqt530,microgram per cubic meter,W095,core,W095
2026-07-13 09:45:04.325179817+00:00,aqt.particle.pm2.5,2.3,5min,Particulate Matter less than 2.5 microns in diameter,000048b02dd3c6d5.ws-nxcore,waggle-aqt530-5511,-9999.9,000048b02dd3c6d5,registry.sagecontinuum.org/kaludib/waggle-aqt530:1.00,vaisala-aqt530,waggle-aqt530,microgram per cubic meter,W095,core,W095
2026-07-13 09:50:04.546692654+00:00,aqt.particle.pm2.5,2.2,5min,Particulate Matter less than 2.5 microns in diameter,000048b02dd3c6d5.ws-nxcore,waggle-aqt530-5511,-9999.9,000048b02dd3c6d5,registry.sagecontinuum.org/kaludib/waggle-aqt530:1.00,vaisala-aqt530,waggle-aqt530,microgram per cubic meter,W095,core,W095
2026-07-13 09:55:03.768382239+00:00,aqt.particle.pm2.5,2.4,5min,Particulate Matter less than 2.5 microns in diameter,000048b02dd3c6d5.ws-nxcore,waggle-aqt530-5511,-9999.9,000048b02dd3c6d5,registry.sagecontinuum.org/kaludib/waggle-aqt530:1.00,vaisala-aqt530,waggle-aqt530,microgram per cubic meter,W095,core,W095
2026-07-13 10:00:03.993105175+00:00,aqt.particle.pm2.5,1.9,5min,Particulate Matter less than 2.5 microns in diameter,000048b02dd3c6d5.ws-nxcore,waggle-aqt530-5511,-9999.9,000048b02dd3c6d5,registry.sagecontinuum.org/kaludib/waggle-aqt530:1.00,vaisala-aqt530,waggle-aqt530,microgram per cubic meter,W095,core,W095
2026-07-13 10:05:04.201963282+00:00,aqt.particle.pm2.5,2.2,5min,Particulate Matter less than 2.5 microns in diameter,000048b02dd3c6d5.ws-nxcore,waggle-aqt530-5511,-9999.9,000048b02dd3c6d5,registry.sagecontinuum.org/kaludib/waggle-aqt530:1.00,vaisala-aqt530,waggle-aqt530,microgram per cubic meter,W095,core,W095
2026-07-13 10:10:04.419906818+00:00,aqt.particle.pm2.5,2.2,5min,Particulate Matter less than 2.5 microns in diameter,000048b02dd3c6d5.ws-nxcore,waggle-aqt530-5511,-9999.9,000048b02dd3c6d5,registry.sagecontinuum.org/kaludib/waggle-aqt530:1.00,vaisala-aqt530,waggle-aqt530,microgram per cubic meter,W095,core,W095
2026-07-13 10:15:04.642432219+00:00,aqt.particle.pm2.5,2.6,5min,Particulate Matter less than 2.5 microns in diameter,000048b02dd3c6d5.ws-nxcore,waggle-aqt530-5511,-9999.9,000048b02dd3c6d5,registry.sagecontinuum.org/kaludib/waggle-aqt530:1.00,vaisala-aqt530,waggle-aqt530,microgram per cubic meter,W095,core,W095
2026-07-13 10:20:03.852203376+00:00,aqt.particle.pm2.5,2.5,5min,Particulate Matter less than 2.5 microns in diameter,000048b02dd3c6d5.ws-nxcore,waggle-aqt530-5511,-9999.9,000048b02dd3c6d5,registry.sagecontinuum.org/kaludib/waggle-aqt530:1.00,vaisala-aqt530,waggle-aqt530,microgram per cubic meter,W095,core,W095
2026-07-13 10:25:04.057546498+00:00,aqt.particle.pm2.5,2.4,5min,Particulate Matter less than 2.5 microns in diameter,000048b02dd3c6d5.ws-nxcore,waggle-aqt530-5511,-9999.9,000048b02dd3c6d5,registry.sagecontinuum.org/kaludib/waggle-aqt530:1.00,vaisala-aqt530,waggle-aqt530,microgram per cubic meter,W095,core,W095
2026-07-13 10:30:04.279068559+00:00,aqt.particle.pm2.5,2.4,5min,Particulate Matter less than 2.5 microns in diameter,000048b02dd3c6d5.ws-nxcore,waggle-aqt530-5511,-9999.9,000048b02dd3c6d5,registry.sagecontinuum.org/kaludib/waggle-aqt530:1.00,vaisala-aqt530,waggle-aqt530,microgram per cubic meter,W095,core,W095
2026-07-13 10:35:04.498981533+00:00,aqt.particle.pm2.5,2.4,5min,Particulate Matter less than 2.5 microns in diameter,000048b02dd3c6d5.ws-nxcore,waggle-aqt530-5511,-9999.9,000048b02dd3c6d5,registry.sagecontinuum.org/kaludib/waggle-aqt530:1.00,vaisala-aqt530,waggle-aqt530,microgram per cubic meter,W095,core,W095
2026-07-13 10:40:03.713869514+00:00,aqt.particle.pm2.5,2.3,5min,Particulate Matter less than 2.5 microns in diameter,000048b02dd3c6d5.ws-nxcore,waggle-aqt530-5511,-9999.9,000048b02dd3c6d5,registry.sagecontinuum.org/kaludib/waggle-aqt530:1.00,vaisala-aqt530,waggle-aqt530,microgram per cubic meter,W095,core,W095
2026-07-13 10:45:03.931409910+00:00,aqt.particle.pm2.5,2.0,5min,Particulate Matter less than 2.5 microns in diameter,000048b02dd3c6d5.ws-nxcore,waggle-aqt530-5511,-9999.9,000048b02dd3c6d5,registry.sagecontinuum.org/kaludib/waggle-aqt530:1.00,vaisala-aqt530,waggle-aqt530,microgram per cubic meter,W095,core,W095
2026-07-13 10:50:04.136483385+00:00,aqt.particle.pm2.5,2.1,5min,Particulate Matter less than 2.5 microns in diameter,000048b02dd3c6d5.ws-nxcore,waggle-aqt530-5511,-9999.9,000048b02dd3c6d5,registry.sagecontinuum.org/kaludib/waggle-aqt530:1.00,vaisala-aqt530,waggle-aqt530,microgram per cubic meter,W095,core,W095
2026-07-13 10:55:04.356281133+00:00,aqt.particle.pm2.5,2.0,5min,Particulate Matter less than 2.5 microns in diameter,000048b02dd3c6d5.ws-nxcore,waggle-aqt530-5511,-9999.9,000048b02dd3c6d5,registry.sagecontinuum.org/kaludib/waggle-aqt530:1.00,vaisala-aqt530,waggle-aqt530,microgram per cubic meter,W095,core,W095
2026-07-13 11:00:04.578286094+00:00,aqt.particle.pm2.5,2.0,5min,Particulate Matter less than 2.5 microns in diameter,000048b02dd3c6d5.ws-nxcore,waggle-aqt530-5511,-9999.9,000048b02dd3c6d5,registry.sagecontinuum.org/kaludib/waggle-aqt530:1.00,vaisala-aqt530,waggle-aqt530,microgram per cubic meter,W095,core,W095
2026-07-13 11:05:03.793353290+00:00,aqt.particle.pm2.5,2.2,5min,Particulate Matter less than 2.5 microns in diameter,000048b02dd3c6d5.ws-nxcore,waggle-aqt530-5511,-9999.9,000048b02dd3c6d5,registry.sagecontinuum.org/kaludib/waggle-aqt530:1.00,vaisala-aqt530,waggle-aqt530,microgram per cubic meter,W095,core,W095
2026-07-13 11:10:04.000731760+00:00,aqt.particle.pm2.5,2.3,5min,Particulate Matter less than 2.5 microns in diameter,000048b02dd3c6d5.ws-nxcore,waggle-aqt530-5511,-9999.9,000048b02dd3c6d5,registry.sagecontinuum.org/kaludib/waggle-aqt530:1.00,vaisala-aqt530,waggle-aqt530,microgram per cubic meter,W095,core,W095
2026-07-13 11:15:04.221309120+00:00,aqt.particle.pm2.5,2.6,5min,Particulate Matter less than 2.5 microns in diameter,000048b02dd3c6d5.ws-nxcore,waggle-aqt530-5511,-9999.9,000048b02dd3c6d5,registry.sagecontinuum.org/kaludib/waggle-aqt530:1.00,vaisala-aqt530,waggle-aqt530,microgram per cubic meter,W095,core,W095
2026-07-13 11:20:04.441975011+00:00,aqt.particle.pm2.5,2.7,5min,Particulate Matter less than 2.5 microns in diameter,000048b02dd3c6d5.ws-nxcore,waggle-aqt530-5511,-9999.9,000048b02dd3c6d5,registry.sagecontinuum.org/kaludib/waggle-aqt530:1.00,vaisala-aqt530,waggle-aqt530,microgram per cubic meter,W095,core,W095
2026-07-13 11:25:03.654881381+00:00,aqt.particle.pm2.5,4.2,5min,Particulate Matter less than 2.5 microns in diameter,000048b02dd3c6d5.ws-nxcore,waggle-aqt530-5511,-9999.9,000048b02dd3c6d5,registry.sagecontinuum.org/kaludib/waggle-aqt530:1.00,vaisala-aqt530,waggle-aqt530,microgram per cubic meter,W095,core,W095
2026-07-13 11:30:03.875481403+00:00,aqt.particle.pm2.5,0.6,5min,Particulate Matter less than 2.5 microns in diameter,000048b02dd3c6d5.ws-nxcore,waggle-aqt530-5511,-9999.9,000048b02dd3c6d5,registry.sagecontinuum.org/kaludib/waggle-aqt530:1.00,vaisala-aqt530,waggle-aqt530,microgram per cubic meter,W095,core,W095
2026-07-13 11:35:04.097721033+00:00,aqt.particle.pm2.5,0.2,5min,Particulate Matter less than 2.5 microns in diameter,000048b02dd3c6d5.ws-nxcore,waggle-aqt530-5511,-9999.9,000048b02dd3c6d5,registry.sagecontinuum.org/kaludib/waggle-aqt530:1.00,vaisala-aqt530,waggle-aqt530,microgram per cubic meter,W095,core,W095
2026-07-13 11:40:04.333437827+00:00,aqt.particle.pm2.5,0.0,5min,Particulate Matter less than 2.5 microns in diameter,000048b02dd3c6d5.ws-nxcore,waggle-aqt530-5511,-9999.9,000048b02dd3c6d5,registry.sagecontinuum.org/kaludib/waggle-aqt530:1.00,vaisala-aqt530,waggle-aqt530,microgram per cubic meter,W095,core,W095
2026-07-13 11:45:04.545508098+00:00,aqt.particle.pm2.5,0.0,5min,Particulate Matter less than 2.5 microns in diameter,000048b02dd3c6d5.ws-nxcore,waggle-aqt530-5511,-9999.9,000048b02dd3c6d5,registry.sagecontinuum.org/kaludib/waggle-aqt530:1.00,vaisala-aqt530,waggle-aqt530,microgram per cubic meter,W095,core,W095
2026-07-13 11:50:03.778579102+00:00,aqt.particle.pm2.5,0.1,5min,Particulate Matter less than 2.5 microns in diameter,000048b02dd3c6d5.ws-nxcore,waggle-aqt530-5511,-9999.9,000048b02dd3c6d5,registry.sagecontinuum.org/kaludib/waggle-aqt530:1.00,vaisala-aqt530,waggle-aqt530,microgram per cubic meter,W095,core,W095
2026-07-13 11:55:03.991686280+00:00,aqt.particle.pm2.5,5.9,5min,Particulate Matter less than 2.5 microns in diameter,000048b02dd3c6d5.ws-nxcore,waggle-aqt530-5511,-9999.9,000048b02dd3c6d5,registry.sagecontinuum.org/kaludib/waggle-aqt530:1.00,vaisala-aqt530,waggle-aqt530,microgram per cubic meter,W095,core,W095
2026-07-13 12:00:04.213289218+00:00,aqt.particle.pm2.5,4.6,5min,Particulate Matter less than 2.5 microns in diameter,000048b02dd3c6d5.ws-nxcore,waggle-aqt530-5511,-9999.9,000048b02dd3c6d5,registry.sagecontinuum.org/kaludib/waggle-aqt530:1.00,vaisala-aqt530,waggle-aqt530,microgram per cubic meter,W095,core,W095
2026-07-13 12:05:04.422074332+00:00,aqt.particle.pm2.5,3.7,5min,Particulate Matter less than 2.5 microns in diameter,000048b02dd3c6d5.ws-nxcore,waggle-aqt530-5511,-9999.9,000048b02dd3c6d5,registry.sagecontinuum.org/kaludib/waggle-aqt530:1.00,vaisala-aqt530,waggle-aqt530,microgram per cubic meter,W095,core,W095
2026-07-13 12:10:04.602367665+00:00,aqt.particle.pm2.5,6.5,5min,Particulate Matter less than 2.5 microns in diameter,000048b02dd3c6d5.ws-nxcore,waggle-aqt530-5511,-9999.9,000048b02dd3c6d5,registry.sagecontinuum.org/kaludib/waggle-aqt530:1.00,vaisala-aqt530,waggle-aqt530,microgram per cubic meter,W095,core,W095
2026-07-13 12:15:03.792511631+00:00,aqt.particle.pm2.5,3.7,5min,Particulate Matter less than 2.5 microns in diameter,000048b02dd3c6d5.ws-nxcore,waggle-aqt530-5511,-9999.9,000048b02dd3c6d5,registry.sagecontinuum.org/kaludib/waggle-aqt530:1.00,vaisala-aqt530,waggle-aqt530,microgram per cubic meter,W095,core,W095
2026-07-13 12:20:04.000284315+00:00,aqt.particle.pm2.5,0.5,5min,Particulate Matter less than 2.5 microns in diameter,000048b02dd3c6d5.ws-nxcore,waggle-aqt530-5511,-9999.9,000048b02dd3c6d5,registry.sagecontinuum.org/kaludib/waggle-aqt530:1.00,vaisala-aqt530,waggle-aqt530,microgram per cubic meter,W095,core,W095
2026-07-13 12:25:04.209115006+00:00,aqt.particle.pm2.5,5.0,5min,Particulate Matter less than 2.5 microns in diameter,000048b02dd3c6d5.ws-nxcore,waggle-aqt530-5511,-9999.9,000048b02dd3c6d5,registry.sagecontinuum.org/kaludib/waggle-aqt530:1.00,vaisala-aqt530,waggle-aqt530,microgram per cubic meter,W095,core,W095
2026-07-13 12:30:04.409270621+00:00,aqt.particle.pm2.5,13.7,5min,Particulate Matter less than 2.5 microns in diameter,000048b02dd3c6d5.ws-nxcore,waggle-aqt530-5511,-9999.9,000048b02dd3c6d5,registry.sagecontinuum.org/kaludib/waggle-aqt530:1.00,vaisala-aqt530,waggle-aqt530,microgram per cubic meter,W095,core,W095
2026-07-13 12:35:03.617263798+00:00,aqt.particle.pm2.5,4.1,5min,Particulate Matter less than 2.5 microns in diameter,000048b02dd3c6d5.ws-nxcore,waggle-aqt530-5511,-9999.9,000048b02dd3c6d5,registry.sagecontinuum.org/kaludib/waggle-aqt530:1.00,vaisala-aqt530,waggle-aqt530,microgram per cubic meter,W095,core,W095
2026-07-13 12:40:03.836618771+00:00,aqt.particle.pm2.5,2.5,5min,Particulate Matter less than 2.5 microns in diameter,000048b02dd3c6d5.ws-nxcore,waggle-aqt530-5511,-9999.9,000048b02dd3c6d5,registry.sagecontinuum.org/kaludib/waggle-aqt530:1.00,vaisala-aqt530,waggle-aqt530,microgram per cubic meter,W095,core,W095
2026-07-13 12:45:04.066083141+00:00,aqt.particle.pm2.5,0.8,5min,Particulate Matter less than 2.5 microns in diameter,000048b02dd3c6d5.ws-nxcore,waggle-aqt530-5511,-9999.9,000048b02dd3c6d5,registry.sagecontinuum.org/kaludib/waggle-aqt530:1.00,vaisala-aqt530,waggle-aqt530,microgram per cubic meter,W095,core,W095
2026-07-13 12:50:04.274614895+00:00,aqt.particle.pm2.5,0.4,5min,Particulate Matter less than 2.5 microns in diameter,000048b02dd3c6d5.ws-nxcore,waggle-aqt530-5511,-9999.9,000048b02dd3c6d5,registry.sagecontinuum.org/kaludib/waggle-aqt530:1.00,vaisala-aqt530,waggle-aqt530,microgram per cubic meter,W095,core,W095
2026-07-13 12:55:04.497194135+00:00,aqt.particle.pm2.5,0.4,5min,Particulate Matter less than 2.5 microns in diameter,000048b02dd3c6d5.ws-nxcore,waggle-aqt530-5511,-9999.9,000048b02dd3c6d5,registry.sagecontinuum.org/kaludib/waggle-aqt530:1.00,vaisala-aqt530,waggle-aqt530,microgram per cubic meter,W095,core,W095
2026-07-13 13:00:03.711356608+00:00,aqt.particle.pm2.5,6.5,5min,Particulate Matter less than 2.5 microns in diameter,000048b02dd3c6d5.ws-nxcore,waggle-aqt530-5511,-9999.9,000048b02dd3c6d5,registry.sagecontinuum.org/kaludib/waggle-aqt530:1.00,vaisala-aqt530,waggle-aqt530,microgram per cubic meter,W095,core,W095
2026-07-13 13:05:03.931757496+00:00,aqt.particle.pm2.5,7.7,5min,Particulate Matter less than 2.5 microns in diameter,000048b02dd3c6d5.ws-nxcore,waggle-aqt530-5511,-9999.9,000048b02dd3c6d5,registry.sagecontinuum.org/kaludib/waggle-aqt530:1.00,vaisala-aqt530,waggle-aqt530,microgram per cubic meter,W095,core,W095
2026-07-13 13:10:04.141455778+00:00,aqt.particle.pm2.5,4.6,5min,Particulate Matter less than 2.5 microns in diameter,000048b02dd3c6d5.ws-nxcore,waggle-aqt530-5511,-9999.9,000048b02dd3c6d5,registry.sagecontinuum.org/kaludib/waggle-aqt530:1.00,vaisala-aqt530,waggle-aqt530,microgram per cubic meter,W095,core,W095
2026-07-13 13:15:04.439770461+00:00,aqt.particle.pm2.5,6.9,5min,Particulate Matter less than 2.5 microns in diameter,000048b02dd3c6d5.ws-nxcore,waggle-aqt530-5511,-9999.9,000048b02dd3c6d5,registry.sagecontinuum.org/kaludib/waggle-aqt530:1.00,vaisala-aqt530,waggle-aqt530,microgram per cubic meter,W095,core,W095
2026-07-13 13:20:03.576661896+00:00,aqt.particle.pm2.5,0.6,5min,Particulate Matter less than 2.5 microns in diameter,000048b02dd3c6d5.ws-nxcore,waggle-aqt530-5511,-9999.9,000048b02dd3c6d5,registry.sagecontinuum.org/kaludib/waggle-aqt530:1.00,vaisala-aqt530,waggle-aqt530,microgram per cubic meter,W095,core,W095
2026-07-13 13:25:03.796122503+00:00,aqt.particle.pm2.5,0.4,5min,Particulate Matter less than 2.5 microns in diameter,000048b02dd3c6d5.ws-nxcore,waggle-aqt530-5511,-9999.9,000048b02dd3c6d5,registry.sagecontinuum.org/kaludib/waggle-aqt530:1.00,vaisala-aqt530,waggle-aqt530,microgram per cubic meter,W095,core,W095
2026-07-13 13:30:04.005160633+00:00,aqt.particle.pm2.5,2.0,5min,Particulate Matter less than 2.5 microns in diameter,000048b02dd3c6d5.ws-nxcore,waggle-aqt530-5511,-9999.9,000048b02dd3c6d5,registry.sagecontinuum.org/kaludib/waggle-aqt530:1.00,vaisala-aqt530,waggle-aqt530,microgram per cubic meter,W095,core,W095
2026-07-13 13:35:04.223505651+00:00,aqt.particle.pm2.5,4.7,5min,Particulate Matter less than 2.5 microns in diameter,000048b02dd3c6d5.ws-nxcore,waggle-aqt530-5511,-9999.9,000048b02dd3c6d5,registry.sagecontinuum.org/kaludib/waggle-aqt530:1.00,vaisala-aqt530,waggle-aqt530,microgram per cubic meter,W095,core,W095
2026-07-13 13:40:04.431211339+00:00,aqt.particle.pm2.5,1.9,5min,Particulate Matter less than 2.5 microns in diameter,000048b02dd3c6d5.ws-nxcore,waggle-aqt530-5511,-9999.9,000048b02dd3c6d5,registry.sagecontinuum.org/kaludib/waggle-aqt530:1.00,vaisala-aqt530,waggle-aqt530,microgram per cubic meter,W095,core,W095
2026-07-13 13:45:03.657116209+00:00,aqt.particle.pm2.5,1.6,5min,Particulate Matter less than 2.5 microns in diameter,000048b02dd3c6d5.ws-nxcore,waggle-aqt530-5511,-9999.9,000048b02dd3c6d5,registry.sagecontinuum.org/kaludib/waggle-aqt530:1.00,vaisala-aqt530,waggle-aqt530,microgram per cubic meter,W095,core,W095
2026-07-13 13:50:03.880623488+00:00,aqt.particle.pm2.5,1.5,5min,Particulate Matter less than 2.5 microns in diameter,000048b02dd3c6d5.ws-nxcore,waggle-aqt530-5511,-9999.9,000048b02dd3c6d5,registry.sagecontinuum.org/kaludib/waggle-aqt530:1.00,vaisala-aqt530,waggle-aqt530,microgram per cubic meter,W095,core,W095
2026-07-13 13:55:04.119386122+00:00,aqt.particle.pm2.5,2.5,5min,Particulate Matter less than 2.5 microns in diameter,000048b02dd3c6d5.ws-nxcore,waggle-aqt530-5511,-9999.9,000048b02dd3c6d5,registry.sagecontinuum.org/kaludib/waggle-aqt530:1.00,vaisala-aqt530,waggle-aqt530,microgram per cubic meter,W095,core,W095
2026-07-13 14:00:04.347960037+00:00,aqt.particle.pm2.5,0.9,5min,Particulate Matter less than 2.5 microns in diameter,000048b02dd3c6d5.ws-nxcore,waggle-aqt530-5511,-9999.9,000048b02dd3c6d5,registry.sagecontinuum.org/kaludib/waggle-aqt530:1.00,vaisala-aqt530,waggle-aqt530,microgram per cubic meter,W095,core,W095
2026-07-13 14:05:03.560174075+00:00,aqt.particle.pm2.5,5.2,5min,Particulate Matter less than 2.5 microns in diameter,000048b02dd3c6d5.ws-nxcore,waggle-aqt530-5511,-9999.9,000048b02dd3c6d5,registry.sagecontinuum.org/kaludib/waggle-aqt530:1.00,vaisala-aqt530,waggle-aqt530,microgram per cubic meter,W095,core,W095
2026-07-13 14:10:03.786509157+00:00,aqt.particle.pm2.5,3.4,5min,Particulate Matter less than 2.5 microns in diameter,000048b02dd3c6d5.ws-nxcore,waggle-aqt530-5511,-9999.9,000048b02dd3c6d5,registry.sagecontinuum.org/kaludib/waggle-aqt530:1.00,vaisala-aqt530,waggle-aqt530,microgram per cubic meter,W095,core,W095
2026-07-13 14:15:04.012179371+00:00,aqt.particle.pm2.5,7.2,5min,Particulate Matter less than 2.5 microns in diameter,000048b02dd3c6d5.ws-nxcore,waggle-aqt530-5511,-9999.9,000048b02dd3c6d5,registry.sagecontinuum.org/kaludib/waggle-aqt530:1.00,vaisala-aqt530,waggle-aqt530,microgram per cubic meter,W095,core,W095
2026-07-13 14:20:04.223762810+00:00,aqt.particle.pm2.5,0.9,5min,Particulate Matter less than 2.5 microns in diameter,000048b02dd3c6d5.ws-nxcore,waggle-aqt530-5511,-9999.9,000048b02dd3c6d5,registry.sagecontinuum.org/kaludib/waggle-aqt530:1.00,vaisala-aqt530,waggle-aqt530,microgram per cubic meter,W095,core,W095
2026-07-13 14:25:04.419959595+00:00,aqt.particle.pm2.5,0.6,5min,Particulate Matter less than 2.5 microns in diameter,000048b02dd3c6d5.ws-nxcore,waggle-aqt530-5511,-9999.9,000048b02dd3c6d5,registry.sagecontinuum.org/kaludib/waggle-aqt530:1.00,vaisala-aqt530,waggle-aqt530,microgram per cubic meter,W095,core,W095
2026-07-13 14:30:03.613087684+00:00,aqt.particle.pm2.5,0.3,5min,Particulate Matter less than 2.5 microns in diameter,000048b02dd3c6d5.ws-nxcore,waggle-aqt530-5511,-9999.9,000048b02dd3c6d5,registry.sagecontinuum.org/kaludib/waggle-aqt530:1.00,vaisala-aqt530,waggle-aqt530,microgram per cubic meter,W095,core,W095
2026-07-13 14:35:03.819726472+00:00,aqt.particle.pm2.5,0.3,5min,Particulate Matter less than 2.5 microns in diameter,000048b02dd3c6d5.ws-nxcore,waggle-aqt530-5511,-9999.9,000048b02dd3c6d5,registry.sagecontinuum.org/kaludib/waggle-aqt530:1.00,vaisala-aqt530,waggle-aqt530,microgram per cubic meter,W095,core,W095
2026-07-13 14:40:04.019422233+00:00,aqt.particle.pm2.5,1.3,5min,Particulate Matter less than 2.5 microns in diameter,000048b02dd3c6d5.ws-nxcore,waggle-aqt530-5511,-9999.9,000048b02dd3c6d5,registry.sagecontinuum.org/kaludib/waggle-aqt530:1.00,vaisala-aqt530,waggle-aqt530,microgram per cubic meter,W095,core,W095
2026-07-13 14:45:04.233936782+00:00,aqt.particle.pm2.5,0.7,5min,Particulate Matter less than 2.5 microns in diameter,000048b02dd3c6d5.ws-nxcore,waggle-aqt530-5511,-9999.9,000048b02dd3c6d5,registry.sagecontinuum.org/kaludib/waggle-aqt530:1.00,vaisala-aqt530,waggle-aqt530,microgram per cubic meter,W095,core,W095
2026-07-13 14:50:04.451481787+00:00,aqt.particle.pm2.5,5.2,5min,Particulate Matter less than 2.5 microns in diameter,000048b02dd3c6d5.ws-nxcore,waggle-aqt530-5511,-9999.9,000048b02dd3c6d5,registry.sagecontinuum.org/kaludib/waggle-aqt530:1.00,vaisala-aqt530,waggle-aqt530,microgram per cubic meter,W095,core,W095
2026-07-13 14:55:03.662505494+00:00,aqt.particle.pm2.5,0.4,5min,Particulate Matter less than 2.5 microns in diameter,000048b02dd3c6d5.ws-nxcore,waggle-aqt530-5511,-9999.9,000048b02dd3c6d5,registry.sagecontinuum.org/kaludib/waggle-aqt530:1.00,vaisala-aqt530,waggle-aqt530,microgram per cubic meter,W095,core,W095
2026-07-13 15:00:03.875927842+00:00,aqt.particle.pm2.5,2.0,5min,Particulate Matter less than 2.5 microns in diameter,000048b02dd3c6d5.ws-nxcore,waggle-aqt530-5511,-9999.9,000048b02dd3c6d5,registry.sagecontinuum.org/kaludib/waggle-aqt530:1.00,vaisala-aqt530,waggle-aqt530,microgram per cubic meter,W095,core,W095
2026-07-13 15:05:04.102749086+00:00,aqt.particle.pm2.5,2.2,5min,Particulate Matter less than 2.5 microns in diameter,000048b02dd3c6d5.ws-nxcore,waggle-aqt530-5511,-9999.9,000048b02dd3c6d5,registry.sagecontinuum.org/kaludib/waggle-aqt530:1.00,vaisala-aqt530,waggle-aqt530,microgram per cubic meter,W095,core,W095
2026-07-13 15:10:04.323612069+00:00,aqt.particle.pm2.5,2.5,5min,Particulate Matter less than 2.5 microns in diameter,000048b02dd3c6d5.ws-nxcore,waggle-aqt530-5511,-9999.9,000048b02dd3c6d5,registry.sagecontinuum.org/kaludib/waggle-aqt530:1.00,vaisala-aqt530,waggle-aqt530,microgram per cubic meter,W095,core,W095
2026-07-13 15:15:03.538119908+00:00,aqt.particle.pm2.5,0.3,5min,Particulate Matter less than 2.5 microns in diameter,000048b02dd3c6d5.ws-nxcore,waggle-aqt530-5511,-9999.9,000048b02dd3c6d5,registry.sagecontinuum.org/kaludib/waggle-aqt530:1.00,vaisala-aqt530,waggle-aqt530,microgram per cubic meter,W095,core,W095
2026-07-13 15:20:03.746827032+00:00,aqt.particle.pm2.5,0.9,5min,Particulate Matter less than 2.5 microns in diameter,000048b02dd3c6d5.ws-nxcore,waggle-aqt530-5511,-9999.9,000048b02dd3c6d5,registry.sagecontinuum.org/kaludib/waggle-aqt530:1.00,vaisala-aqt530,waggle-aqt530,microgram per cubic meter,W095,core,W095
2026-07-13 15:25:03.967078050+00:00,aqt.particle.pm2.5,5.7,5min,Particulate Matter less than 2.5 microns in diameter,000048b02dd3c6d5.ws-nxcore,waggle-aqt530-5511,-9999.9,000048b02dd3c6d5,registry.sagecontinuum.org/kaludib/waggle-aqt530:1.00,vaisala-aqt530,waggle-aqt530,microgram per cubic meter,W095,core,W095
2026-07-13 15:30:04.187966800+00:00,aqt.particle.pm2.5,7.2,5min,Particulate Matter less than 2.5 microns in diameter,000048b02dd3c6d5.ws-nxcore,waggle-aqt530-5511,-9999.9,000048b02dd3c6d5,registry.sagecontinuum.org/kaludib/waggle-aqt530:1.00,vaisala-aqt530,waggle-aqt530,microgram per cubic meter,W095,core,W095
2026-07-13 15:35:04.381507343+00:00,aqt.particle.pm2.5,3.6,5min,Particulate Matter less than 2.5 microns in diameter,000048b02dd3c6d5.ws-nxcore,waggle-aqt530-5511,-9999.9,000048b02dd3c6d5,registry.sagecontinuum.org/kaludib/waggle-aqt530:1.00,vaisala-aqt530,waggle-aqt530,microgram per cubic meter,W095,core,W095
2026-07-13 15:40:03.585364898+00:00,aqt.particle.pm2.5,2.7,5min,Particulate Matter less than 2.5 microns in diameter,000048b02dd3c6d5.ws-nxcore,waggle-aqt530-5511,-9999.9,000048b02dd3c6d5,registry.sagecontinuum.org/kaludib/waggle-aqt530:1.00,vaisala-aqt530,waggle-aqt530,microgram per cubic meter,W095,core,W095
2026-07-13 15:45:03.800339585+00:00,aqt.particle.pm2.5,3.0,5min,Particulate Matter less than 2.5 microns in diameter,000048b02dd3c6d5.ws-nxcore,waggle-aqt530-5511,-9999.9,000048b02dd3c6d5,registry.sagecontinuum.org/kaludib/waggle-aqt530:1.00,vaisala-aqt530,waggle-aqt530,microgram per cubic meter,W095,core,W095
2026-07-13 15:50:04.027042817+00:00,aqt.particle.pm2.5,3.7,5min,Particulate Matter less than 2.5 microns in diameter,000048b02dd3c6d5.ws-nxcore,waggle-aqt530-5511,-9999.9,000048b02dd3c6d5,registry.sagecontinuum.org/kaludib/waggle-aqt530:1.00,vaisala-aqt530,waggle-aqt530,microgram per cubic meter,W095,core,W095
2026-07-13 15:55:04.221003059+00:00,aqt.particle.pm2.5,3.6,5min,Particulate Matter less than 2.5 microns in diameter,000048b02dd3c6d5.ws-nxcore,waggle-aqt530-5511,-9999.9,000048b02dd3c6d5,registry.sagecontinuum.org/kaludib/waggle-aqt530:1.00,vaisala-aqt530,waggle-aqt530,microgram per cubic meter,W095,core,W095
2026-07-13 16:00:03.439525569+00:00,aqt.particle.pm2.5,3.3,5min,Particulate Matter less than 2.5 microns in diameter,000048b02dd3c6d5.ws-nxcore,waggle-aqt530-5511,-9999.9,000048b02dd3c6d5,registry.sagecontinuum.org/kaludib/waggle-aqt530:1.00,vaisala-aqt530,waggle-aqt530,microgram per cubic meter,W095,core,W095
2026-07-13 16:05:03.654091767+00:00,aqt.particle.pm2.5,4.5,5min,Particulate Matter less than 2.5 microns in diameter,000048b02dd3c6d5.ws-nxcore,waggle-aqt530-5511,-9999.9,000048b02dd3c6d5,registry.sagecontinuum.org/kaludib/waggle-aqt530:1.00,vaisala-aqt530,waggle-aqt530,microgram per cubic meter,W095,core,W095
2026-07-13 16:10:03.878992023+00:00,aqt.particle.pm2.5,0.7,5min,Particulate Matter less than 2.5 microns in diameter,000048b02dd3c6d5.ws-nxcore,waggle-aqt530-5511,-9999.9,000048b02dd3c6d5,registry.sagecontinuum.org/kaludib/waggle-aqt530:1.00,vaisala-aqt530,waggle-aqt530,microgram per cubic meter,W095,core,W095
2026-07-13 16:15:04.088203492+00:00,aqt.particle.pm2.5,0.6,5min,Particulate Matter less than 2.5 microns in diameter,000048b02dd3c6d5.ws-nxcore,waggle-aqt530-5511,-9999.9,000048b02dd3c6d5,registry.sagecontinuum.org/kaludib/waggle-aqt530:1.00,vaisala-aqt530,waggle-aqt530,microgram per cubic meter,W095,core,W095
2026-07-13 16:20:04.313132079+00:00,aqt.particle.pm2.5,0.4,5min,Particulate Matter less than 2.5 microns in diameter,000048b02dd3c6d5.ws-nxcore,waggle-aqt530-5511,-9999.9,000048b02dd3c6d5,registry.sagecontinuum.org/kaludib/waggle-aqt530:1.00,vaisala-aqt530,waggle-aqt530,microgram per cubic meter,W095,core,W095
2026-07-13 16:25:03.524412380+00:00,aqt.particle.pm2.5,0.9,5min,Particulate Matter less than 2.5 microns in diameter,000048b02dd3c6d5.ws-nxcore,waggle-aqt530-5511,-9999.9,000048b02dd3c6d5,registry.sagecontinuum.org/kaludib/waggle-aqt530:1.00,vaisala-aqt530,waggle-aqt530,microgram per cubic meter,W095,core,W095
2026-07-13 16:30:03.751374821+00:00,aqt.particle.pm2.5,8.2,5min,Particulate Matter less than 2.5 microns in diameter,000048b02dd3c6d5.ws-nxcore,waggle-aqt530-5511,-9999.9,000048b02dd3c6d5,registry.sagecontinuum.org/kaludib/waggle-aqt530:1.00,vaisala-aqt530,waggle-aqt530,microgram per cubic meter,W095,core,W095
2026-07-13 16:35:03.952562039+00:00,aqt.particle.pm2.5,8.0,5min,Particulate Matter less than 2.5 microns in diameter,000048b02dd3c6d5.ws-nxcore,waggle-aqt530-5511,-9999.9,000048b02dd3c6d5,registry.sagecontinuum.org/kaludib/waggle-aqt530:1.00,vaisala-aqt530,waggle-aqt530,microgram per cubic meter,W095,core,W095
2026-07-13 16:40:04.178275891+00:00,aqt.particle.pm2.5,13.7,5min,Particulate Matter less than 2.5 microns in diameter,000048b02dd3c6d5.ws-nxcore,waggle-aqt530-5511,-9999.9,000048b02dd3c6d5,registry.sagecontinuum.org/kaludib/waggle-aqt530:1.00,vaisala-aqt530,waggle-aqt530,microgram per cubic meter,W095,core,W095
2026-07-13 16:45:04.407172862+00:00,aqt.particle.pm2.5,13.2,5min,Particulate Matter less than 2.5 microns in diameter,000048b02dd3c6d5.ws-nxcore,waggle-aqt530-5511,-9999.9,000048b02dd3c6d5,registry.sagecontinuum.org/kaludib/waggle-aqt530:1.00,vaisala-aqt530,waggle-aqt530,microgram per cubic meter,W095,core,W095
2026-07-13 16:50:03.626568839+00:00,aqt.particle.pm2.5,10.5,5min,Particulate Matter less than 2.5 microns in diameter,000048b02dd3c6d5.ws-nxcore,waggle-aqt530-5511,-9999.9,000048b02dd3c6d5,registry.sagecontinuum.org/kaludib/waggle-aqt530:1.00,vaisala-aqt530,waggle-aqt530,microgram per cubic meter,W095,core,W095
2026-07-13 16:55:03.836483702+00:00,aqt.particle.pm2.5,5.0,5min,Particulate Matter less than 2.5 microns in diameter,000048b02dd3c6d5.ws-nxcore,waggle-aqt530-5511,-9999.9,000048b02dd3c6d5,registry.sagecontinuum.org/kaludib/waggle-aqt530:1.00,vaisala-aqt530,waggle-aqt530,microgram per cubic meter,W095,core,W095
2026-07-13 17:00:04.059550560+00:00,aqt.particle.pm2.5,11.6,5min,Particulate Matter less than 2.5 microns in diameter,000048b02dd3c6d5.ws-nxcore,waggle-aqt530-5511,-9999.9,000048b02dd3c6d5,registry.sagecontinuum.org/kaludib/waggle-aqt530:1.00,vaisala-aqt530,waggle-aqt530,microgram per cubic meter,W095,core,W095
2026-07-13 17:05:04.283904847+00:00,aqt.particle.pm2.5,3.9,5min,Particulate Matter less than 2.5 microns in diameter,000048b02dd3c6d5.ws-nxcore,waggle-aqt530-5511,-9999.9,000048b02dd3c6d5,registry.sagecontinuum.org/kaludib/waggle-aqt530:1.00,vaisala-aqt530,waggle-aqt530,microgram per cubic meter,W095,core,W095
2026-07-13 17:10:03.497610144+00:00,aqt.particle.pm2.5,4.1,5min,Particulate Matter less than 2.5 microns in diameter,000048b02dd3c6d5.ws-nxcore,waggle-aqt530-5511,-9999.9,000048b02dd3c6d5,registry.sagecontinuum.org/kaludib/waggle-aqt530:1.00,vaisala-aqt530,waggle-aqt530,microgram per cubic meter,W095,core,W095
2026-07-13 17:15:03.695396795+00:00,aqt.particle.pm2.5,2.9,5min,Particulate Matter less than 2.5 microns in diameter,000048b02dd3c6d5.ws-nxcore,waggle-aqt530-5511,-9999.9,000048b02dd3c6d5,registry.sagecontinuum.org/kaludib/waggle-aqt530:1.00,vaisala-aqt530,waggle-aqt530,microgram per cubic meter,W095,core,W095
2026-07-13 17:20:03.908315282+00:00,aqt.particle.pm2.5,3.8,5min,Particulate Matter less than 2.5 microns in diameter,000048b02dd3c6d5.ws-nxcore,waggle-aqt530-5511,-9999.9,000048b02dd3c6d5,registry.sagecontinuum.org/kaludib/waggle-aqt530:1.00,vaisala-aqt530,waggle-aqt530,microgram per cubic meter,W095,core,W095
2026-07-13 17:25:04.120519799+00:00,aqt.particle.pm2.5,0.8,5min,Particulate Matter less than 2.5 microns in diameter,000048b02dd3c6d5.ws-nxcore,waggle-aqt530-5511,-9999.9,000048b02dd3c6d5,registry.sagecontinuum.org/kaludib/waggle-aqt530:1.00,vaisala-aqt530,waggle-aqt530,microgram per cubic meter,W095,core,W095
2026-07-13 17:30:04.321769336+00:00,aqt.particle.pm2.5,2.0,5min,Particulate Matter less than 2.5 microns in diameter,000048b02dd3c6d5.ws-nxcore,waggle-aqt530-5511,-9999.9,000048b02dd3c6d5,registry.sagecontinuum.org/kaludib/waggle-aqt530:1.00,vaisala-aqt530,waggle-aqt530,microgram per cubic meter,W095,core,W095
2026-07-13 17:35:03.533523+00:00,aqt.particle.pm2.5,0.5,5min,Particulate Matter less than 2.5 microns in diameter,000048b02dd3c6d5.ws-nxcore,waggle-aqt530-5511,-9999.9,000048b02dd3c6d5,registry.sagecontinuum.org/kaludib/waggle-aqt530:1.00,vaisala-aqt530,waggle-aqt530,microgram per cubic meter,W095,core,W095
2026-07-13 17:40:03.751474403+00:00,aqt.particle.pm2.5,0.2,5min,Particulate Matter less than 2.5 microns in diameter,000048b02dd3c6d5.ws-nxcore,waggle-aqt530-5511,-9999.9,000048b02dd3c6d5,registry.sagecontinuum.org/kaludib/waggle-aqt530:1.00,vaisala-aqt530,waggle-aqt530,microgram per cubic meter,W095,core,W095
2026-07-13 17:45:03.969845886+00:00,aqt.particle.pm2.5,0.3,5min,Particulate Matter less than 2.5 microns in diameter,000048b02dd3c6d5.ws-nxcore,waggle-aqt530-5511,-9999.9,000048b02dd3c6d5,registry.sagecontinuum.org/kaludib/waggle-aqt530:1.00,vaisala-aqt530,waggle-aqt530,microgram per cubic meter,W095,core,W095
2026-07-13 17:50:04.182022705+00:00,aqt.particle.pm2.5,0.5,5min,Particulate Matter less than 2.5 microns in diameter,000048b02dd3c6d5.ws-nxcore,waggle-aqt530-5511,-9999.9,000048b02dd3c6d5,registry.sagecontinuum.org/kaludib/waggle-aqt530:1.00,vaisala-aqt530,waggle-aqt530,microgram per cubic meter,W095,core,W095
2026-07-13 17:55:03.393757743+00:00,aqt.particle.pm2.5,0.3,5min,Particulate Matter less than 2.5 microns in diameter,000048b02dd3c6d5.ws-nxcore,waggle-aqt530-5511,-9999.9,000048b02dd3c6d5,registry.sagecontinuum.org/kaludib/waggle-aqt530:1.00,vaisala-aqt530,waggle-aqt530,microgram per cubic meter,W095,core,W095
2026-07-13 18:00:03.615560553+00:00,aqt.particle.pm2.5,0.3,5min,Particulate Matter less than 2.5 microns in diameter,000048b02dd3c6d5.ws-nxcore,waggle-aqt530-5511,-9999.9,000048b02dd3c6d5,registry.sagecontinuum.org/kaludib/waggle-aqt530:1.00,vaisala-aqt530,waggle-aqt530,microgram per cubic meter,W095,core,W095
2026-07-13 18:05:03.836148285+00:00,aqt.particle.pm2.5,0.7,5min,Particulate Matter less than 2.5 microns in diameter,000048b02dd3c6d5.ws-nxcore,waggle-aqt530-5511,-9999.9,000048b02dd3c6d5,registry.sagecontinuum.org/kaludib/waggle-aqt530:1.00,vaisala-aqt530,waggle-aqt530,microgram per cubic meter,W095,core,W095
2026-07-13 18:10:04.043503378+00:00,aqt.particle.pm2.5,0.7,5min,Particulate Matter less than 2.5 microns in diameter,000048b02dd3c6d5.ws-nxcore,waggle-aqt530-5511,-9999.9,000048b02dd3c6d5,registry.sagecontinuum.org/kaludib/waggle-aqt530:1.00,vaisala-aqt530,waggle-aqt530,microgram per cubic meter,W095,core,W095
2026-07-13 18:15:04.264106020+00:00,aqt.particle.pm2.5,1.2,5min,Particulate Matter less than 2.5 microns in diameter,000048b02dd3c6d5.ws-nxcore,waggle-aqt530-5511,-9999.9,000048b02dd3c6d5,registry.sagecontinuum.org/kaludib/waggle-aqt530:1.00,vaisala-aqt530,waggle-aqt530,microgram per cubic meter,W095,core,W095
2026-07-13 18:20:03.476558319+00:00,aqt.particle.pm2.5,2.1,5min,Particulate Matter less than 2.5 microns in diameter,000048b02dd3c6d5.ws-nxcore,waggle-aqt530-5511,-9999.9,000048b02dd3c6d5,registry.sagecontinuum.org/kaludib/waggle-aqt530:1.00,vaisala-aqt530,waggle-aqt530,microgram per cubic meter,W095,core,W095
2026-07-13 18:25:03.681943913+00:00,aqt.particle.pm2.5,1.7,5min,Particulate Matter less than 2.5 microns in diameter,000048b02dd3c6d5.ws-nxcore,waggle-aqt530-5511,-9999.9,000048b02dd3c6d5,registry.sagecontinuum.org/kaludib/waggle-aqt530:1.00,vaisala-aqt530,waggle-aqt530,microgram per cubic meter,W095,core,W095
2026-07-13 18:30:03.903156794+00:00,aqt.particle.pm2.5,1.1,5min,Particulate Matter less than 2.5 microns in diameter,000048b02dd3c6d5.ws-nxcore,waggle-aqt530-5511,-9999.9,000048b02dd3c6d5,registry.sagecontinuum.org/kaludib/waggle-aqt530:1.00,vaisala-aqt530,waggle-aqt530,microgram per cubic meter,W095,core,W095
2026-07-13 18:35:04.123323681+00:00,aqt.particle.pm2.5,1.9,5min,Particulate Matter less than 2.5 microns in diameter,000048b02dd3c6d5.ws-nxcore,waggle-aqt530-5511,-9999.9,000048b02dd3c6d5,registry.sagecontinuum.org/kaludib/waggle-aqt530:1.00,vaisala-aqt530,waggle-aqt530,microgram per cubic meter,W095,core,W095
2026-07-13 18:40:04.329553589+00:00,aqt.particle.pm2.5,2.1,5min,Particulate Matter less than 2.5 microns in diameter,000048b02dd3c6d5.ws-nxcore,waggle-aqt530-5511,-9999.9,000048b02dd3c6d5,registry.sagecontinuum.org/kaludib/waggle-aqt530:1.00,vaisala-aqt530,waggle-aqt530,microgram per cubic meter,W095,core,W095
2026-07-13 18:45:03.556370911+00:00,aqt.particle.pm2.5,2.8,5min,Particulate Matter less than 2.5 microns in diameter,000048b02dd3c6d5.ws-nxcore,waggle-aqt530-5511,-9999.9,000048b02dd3c6d5,registry.sagecontinuum.org/kaludib/waggle-aqt530:1.00,vaisala-aqt530,waggle-aqt530,microgram per cubic meter,W095,core,W095
2026-07-13 18:50:03.763784720+00:00,aqt.particle.pm2.5,2.7,5min,Particulate Matter less than 2.5 microns in diameter,000048b02dd3c6d5.ws-nxcore,waggle-aqt530-5511,-9999.9,000048b02dd3c6d5,registry.sagecontinuum.org/kaludib/waggle-aqt530:1.00,vaisala-aqt530,waggle-aqt530,microgram per cubic meter,W095,core,W095
2026-07-13 18:55:03.984851272+00:00,aqt.particle.pm2.5,2.0,5min,Particulate Matter less than 2.5 microns in diameter,000048b02dd3c6d5.ws-nxcore,waggle-aqt530-5511,-9999.9,000048b02dd3c6d5,registry.sagecontinuum.org/kaludib/waggle-aqt530:1.00,vaisala-aqt530,waggle-aqt530,microgram per cubic meter,W095,core,W095
2026-07-13 19:00:04.222428034+00:00,aqt.particle.pm2.5,2.1,5min,Particulate Matter less than 2.5 microns in diameter,000048b02dd3c6d5.ws-nxcore,waggle-aqt530-5511,-9999.9,000048b02dd3c6d5,registry.sagecontinuum.org/kaludib/waggle-aqt530:1.00,vaisala-aqt530,waggle-aqt530,microgram per cubic meter,W095,core,W095
2026-07-13 19:05:03.446114273+00:00,aqt.particle.pm2.5,1.9,5min,Particulate Matter less than 2.5 microns in diameter,000048b02dd3c6d5.ws-nxcore,waggle-aqt530-5511,-9999.9,000048b02dd3c6d5,registry.sagecontinuum.org/kaludib/waggle-aqt530:1.00,vaisala-aqt530,waggle-aqt530,microgram per cubic meter,W095,core,W095
2026-07-13 19:10:03.660448126+00:00,aqt.particle.pm2.5,0.8,5min,Particulate Matter less than 2.5 microns in diameter,000048b02dd3c6d5.ws-nxcore,waggle-aqt530-5511,-9999.9,000048b02dd3c6d5,registry.sagecontinuum.org/kaludib/waggle-aqt530:1.00,vaisala-aqt530,waggle-aqt530,microgram per cubic meter,W095,core,W095
2026-07-13 19:15:03.884756537+00:00,aqt.particle.pm2.5,0.9,5min,Particulate Matter less than 2.5 microns in diameter,000048b02dd3c6d5.ws-nxcore,waggle-aqt530-5511,-9999.9,000048b02dd3c6d5,registry.sagecontinuum.org/kaludib/waggle-aqt530:1.00,vaisala-aqt530,waggle-aqt530,microgram per cubic meter,W095,core,W095
2026-07-13 19:20:04.102989558+00:00,aqt.particle.pm2.5,0.8,5min,Particulate Matter less than 2.5 microns in diameter,000048b02dd3c6d5.ws-nxcore,waggle-aqt530-5511,-9999.9,000048b02dd3c6d5,registry.sagecontinuum.org/kaludib/waggle-aqt530:1.00,vaisala-aqt530,waggle-aqt530,microgram per cubic meter,W095,core,W095
2026-07-13 19:25:04.320556680+00:00,aqt.particle.pm2.5,0.6,5min,Particulate Matter less than 2.5 microns in diameter,000048b02dd3c6d5.ws-nxcore,waggle-aqt530-5511,-9999.9,000048b02dd3c6d5,registry.sagecontinuum.org/kaludib/waggle-aqt530:1.00,vaisala-aqt530,waggle-aqt530,microgram per cubic meter,W095,core,W095
2026-07-13 19:30:03.534483636+00:00,aqt.particle.pm2.5,0.8,5min,Particulate Matter less than 2.5 microns in diameter,000048b02dd3c6d5.ws-nxcore,waggle-aqt530-5511,-9999.9,000048b02dd3c6d5,registry.sagecontinuum.org/kaludib/waggle-aqt530:1.00,vaisala-aqt530,waggle-aqt530,microgram per cubic meter,W095,core,W095
2026-07-13 19:35:03.757475837+00:00,aqt.particle.pm2.5,1.8,5min,Particulate Matter less than 2.5 microns in diameter,000048b02dd3c6d5.ws-nxcore,waggle-aqt530-5511,-9999.9,000048b02dd3c6d5,registry.sagecontinuum.org/kaludib/waggle-aqt530:1.00,vaisala-aqt530,waggle-aqt530,microgram per cubic meter,W095,core,W095
2026-07-13 19:40:03.969365126+00:00,aqt.particle.pm2.5,1.1,5min,Particulate Matter less than 2.5 microns in diameter,000048b02dd3c6d5.ws-nxcore,waggle-aqt530-5511,-9999.9,000048b02dd3c6d5,registry.sagecontinuum.org/kaludib/waggle-aqt530:1.00,vaisala-aqt530,waggle-aqt530,microgram per cubic meter,W095,core,W095
2026-07-13 19:45:04.188967314+00:00,aqt.particle.pm2.5,0.9,5min,Particulate Matter less than 2.5 microns in diameter,000048b02dd3c6d5.ws-nxcore,waggle-aqt530-5511,-9999.9,000048b02dd3c6d5,registry.sagecontinuum.org/kaludib/waggle-aqt530:1.00,vaisala-aqt530,waggle-aqt530,microgram per cubic meter,W095,core,W095
2026-07-13 19:50:03.404838701+00:00,aqt.particle.pm2.5,1.0,5min,Particulate Matter less than 2.5 microns in diameter,000048b02dd3c6d5.ws-nxcore,waggle-aqt530-5511,-9999.9,000048b02dd3c6d5,registry.sagecontinuum.org/kaludib/waggle-aqt530:1.00,vaisala-aqt530,waggle-aqt530,microgram per cubic meter,W095,core,W095
2026-07-13 19:55:03.627545808+00:00,aqt.particle.pm2.5,1.0,5min,Particulate Matter less than 2.5 microns in diameter,000048b02dd3c6d5.ws-nxcore,waggle-aqt530-5511,-9999.9,000048b02dd3c6d5,registry.sagecontinuum.org/kaludib/waggle-aqt530:1.00,vaisala-aqt530,waggle-aqt530,microgram per cubic meter,W095,core,W095
2026-07-13 20:00:03.836954065+00:00,aqt.particle.pm2.5,1.0,5min,Particulate Matter less than 2.5 microns in diameter,000048b02dd3c6d5.ws-nxcore,waggle-aqt530-5511,-9999.9,000048b02dd3c6d5,registry.sagecontinuum.org/kaludib/waggle-aqt530:1.00,vaisala-aqt530,waggle-aqt530,microgram per cubic meter,W095,core,W095
2026-07-13 20:05:04.056209785+00:00,aqt.particle.pm2.5,1.1,5min,Particulate Matter less than 2.5 microns in diameter,000048b02dd3c6d5.ws-nxcore,waggle-aqt530-5511,-9999.9,000048b02dd3c6d5,registry.sagecontinuum.org/kaludib/waggle-aqt530:1.00,vaisala-aqt530,waggle-aqt530,microgram per cubic meter,W095,core,W095
2026-07-13 20:10:04.280667109+00:00,aqt.particle.pm2.5,1.6,5min,Particulate Matter less than 2.5 microns in diameter,000048b02dd3c6d5.ws-nxcore,waggle-aqt530-5511,-9999.9,000048b02dd3c6d5,registry.sagecontinuum.org/kaludib/waggle-aqt530:1.00,vaisala-aqt530,waggle-aqt530,microgram per cubic meter,W095,core,W095
2026-07-13 20:15:03.482376189+00:00,aqt.particle.pm2.5,1.7,5min,Particulate Matter less than 2.5 microns in diameter,000048b02dd3c6d5.ws-nxcore,waggle-aqt530-5511,-9999.9,000048b02dd3c6d5,registry.sagecontinuum.org/kaludib/waggle-aqt530:1.00,vaisala-aqt530,waggle-aqt530,microgram per cubic meter,W095,core,W095
2026-07-13 20:20:03.703352457+00:00,aqt.particle.pm2.5,0.6,5min,Particulate Matter less than 2.5 microns in diameter,000048b02dd3c6d5.ws-nxcore,waggle-aqt530-5511,-9999.9,000048b02dd3c6d5,registry.sagecontinuum.org/kaludib/waggle-aqt530:1.00,vaisala-aqt530,waggle-aqt530,microgram per cubic meter,W095,core,W095
2026-07-13 20:25:03.909219481+00:00,aqt.particle.pm2.5,1.1,5min,Particulate Matter less than 2.5 microns in diameter,000048b02dd3c6d5.ws-nxcore,waggle-aqt530-5511,-9999.9,000048b02dd3c6d5,registry.sagecontinuum.org/kaludib/waggle-aqt530:1.00,vaisala-aqt530,waggle-aqt530,microgram per cubic meter,W095,core,W095
2026-07-13 20:30:04.129188290+00:00,aqt.particle.pm2.5,1.2,5min,Particulate Matter less than 2.5 microns in diameter,000048b02dd3c6d5.ws-nxcore,waggle-aqt530-5511,-9999.9,000048b02dd3c6d5,registry.sagecontinuum.org/kaludib/waggle-aqt530:1.00,vaisala-aqt530,waggle-aqt530,microgram per cubic meter,W095,core,W095
2026-07-13 20:35:04.336238209+00:00,aqt.particle.pm2.5,1.4,5min,Particulate Matter less than 2.5 microns in diameter,000048b02dd3c6d5.ws-nxcore,waggle-aqt530-5511,-9999.9,000048b02dd3c6d5,registry.sagecontinuum.org/kaludib/waggle-aqt530:1.00,vaisala-aqt530,waggle-aqt530,microgram per cubic meter,W095,core,W095
2026-07-13 20:40:03.540018657+00:00,aqt.particle.pm2.5,1.4,5min,Particulate Matter less than 2.5 microns in diameter,000048b02dd3c6d5.ws-nxcore,waggle-aqt530-5511,-9999.9,000048b02dd3c6d5,registry.sagecontinuum.org/kaludib/waggle-aqt530:1.00,vaisala-aqt530,waggle-aqt530,microgram per cubic meter,W095,core,W095
2026-07-13 20:45:03.747434434+00:00,aqt.particle.pm2.5,0.6,5min,Particulate Matter less than 2.5 microns in diameter,000048b02dd3c6d5.ws-nxcore,waggle-aqt530-5511,-9999.9,000048b02dd3c6d5,registry.sagecontinuum.org/kaludib/waggle-aqt530:1.00,vaisala-aqt530,waggle-aqt530,microgram per cubic meter,W095,core,W095
2026-07-13 20:50:03.959134672+00:00,aqt.particle.pm2.5,0.7,5min,Particulate Matter less than 2.5 microns in diameter,000048b02dd3c6d5.ws-nxcore,waggle-aqt530-5511,-9999.9,000048b02dd3c6d5,registry.sagecontinuum.org/kaludib/waggle-aqt530:1.00,vaisala-aqt530,waggle-aqt530,microgram per cubic meter,W095,core,W095
2026-07-13 20:55:04.159899678+00:00,aqt.particle.pm2.5,0.6,5min,Particulate Matter less than 2.5 microns in diameter,000048b02dd3c6d5.ws-nxcore,waggle-aqt530-5511,-9999.9,000048b02dd3c6d5,registry.sagecontinuum.org/kaludib/waggle-aqt530:1.00,vaisala-aqt530,waggle-aqt530,microgram per cubic meter,W095,core,W095
2026-07-13 21:00:03.371685774+00:00,aqt.particle.pm2.5,0.7,5min,Particulate Matter less than 2.5 microns in diameter,000048b02dd3c6d5.ws-nxcore,waggle-aqt530-5511,-9999.9,000048b02dd3c6d5,registry.sagecontinuum.org/kaludib/waggle-aqt530:1.00,vaisala-aqt530,waggle-aqt530,microgram per cubic meter,W095,core,W095
2026-07-13 21:05:03.589319254+00:00,aqt.particle.pm2.5,1.1,5min,Particulate Matter less than 2.5 microns in diameter,000048b02dd3c6d5.ws-nxcore,waggle-aqt530-5511,-9999.9,000048b02dd3c6d5,registry.sagecontinuum.org/kaludib/waggle-aqt530:1.00,vaisala-aqt530,waggle-aqt530,microgram per cubic meter,W095,core,W095
2026-07-13 21:10:03.806961647+00:00,aqt.particle.pm2.5,0.9,5min,Particulate Matter less than 2.5 microns in diameter,000048b02dd3c6d5.ws-nxcore,waggle-aqt530-5511,-9999.9,000048b02dd3c6d5,registry.sagecontinuum.org/kaludib/waggle-aqt530:1.00,vaisala-aqt530,waggle-aqt530,microgram per cubic meter,W095,core,W095
2026-07-13 21:15:04.010101081+00:00,aqt.particle.pm2.5,0.9,5min,Particulate Matter less than 2.5 microns in diameter,000048b02dd3c6d5.ws-nxcore,waggle-aqt530-5511,-9999.9,000048b02dd3c6d5,registry.sagecontinuum.org/kaludib/waggle-aqt530:1.00,vaisala-aqt530,waggle-aqt530,microgram per cubic meter,W095,core,W095
2026-07-13 21:20:04.228754918+00:00,aqt.particle.pm2.5,1.0,5min,Particulate Matter less than 2.5 microns in diameter,000048b02dd3c6d5.ws-nxcore,waggle-aqt530-5511,-9999.9,000048b02dd3c6d5,registry.sagecontinuum.org/kaludib/waggle-aqt530:1.00,vaisala-aqt530,waggle-aqt530,microgram per cubic meter,W095,core,W095
2026-07-13 21:25:03.440489051+00:00,aqt.particle.pm2.5,0.8,5min,Particulate Matter less than 2.5 microns in diameter,000048b02dd3c6d5.ws-nxcore,waggle-aqt530-5511,-9999.9,000048b02dd3c6d5,registry.sagecontinuum.org/kaludib/waggle-aqt530:1.00,vaisala-aqt530,waggle-aqt530,microgram per cubic meter,W095,core,W095
2026-07-13 21:30:03.699260180+00:00,aqt.particle.pm2.5,0.6,5min,Particulate Matter less than 2.5 microns in diameter,000048b02dd3c6d5.ws-nxcore,waggle-aqt530-5511,-9999.9,000048b02dd3c6d5,registry.sagecontinuum.org/kaludib/waggle-aqt530:1.00,vaisala-aqt530,waggle-aqt530,microgram per cubic meter,W095,core,W095
2026-07-13 21:35:03.964195536+00:00,aqt.particle.pm2.5,0.6,5min,Particulate Matter less than 2.5 microns in diameter,000048b02dd3c6d5.ws-nxcore,waggle-aqt530-5511,-9999.9,000048b02dd3c6d5,registry.sagecontinuum.org/kaludib/waggle-aqt530:1.00,vaisala-aqt530,waggle-aqt530,microgram per cubic meter,W095,core,W095
2026-07-13 21:40:04.229567333+00:00,aqt.particle.pm2.5,0.9,5min,Particulate Matter less than 2.5 microns in diameter,000048b02dd3c6d5.ws-nxcore,waggle-aqt530-5511,-9999.9,000048b02dd3c6d5,registry.sagecontinuum.org/kaludib/waggle-aqt530:1.00,vaisala-aqt530,waggle-aqt530,microgram per cubic meter,W095,core,W095
2026-07-13 21:45:04.452991191+00:00,aqt.particle.pm2.5,0.7,5min,Particulate Matter less than 2.5 microns in diameter,000048b02dd3c6d5.ws-nxcore,waggle-aqt530-5511,-9999.9,000048b02dd3c6d5,registry.sagecontinuum.org/kaludib/waggle-aqt530:1.00,vaisala-aqt530,waggle-aqt530,microgram per cubic meter,W095,core,W095
2026-07-13 21:50:03.682820671+00:00,aqt.particle.pm2.5,3.2,5min,Particulate Matter less than 2.5 microns in diameter,000048b02dd3c6d5.ws-nxcore,waggle-aqt530-5511,-9999.9,000048b02dd3c6d5,registry.sagecontinuum.org/kaludib/waggle-aqt530:1.00,vaisala-aqt530,waggle-aqt530,microgram per cubic meter,W095,core,W095
2026-07-13 21:55:03.903562751+00:00,aqt.particle.pm2.5,0.7,5min,Particulate Matter less than 2.5 microns in diameter,000048b02dd3c6d5.ws-nxcore,waggle-aqt530-5511,-9999.9,000048b02dd3c6d5,registry.sagecontinuum.org/kaludib/waggle-aqt530:1.00,vaisala-aqt530,waggle-aqt530,microgram per cubic meter,W095,core,W095
2026-07-13 22:00:03.924692610+00:00,aqt.particle.pm2.5,0.9,5min,Particulate Matter less than 2.5 microns in diameter,000048b02dd3c6d5.ws-nxcore,waggle-aqt530-5511,-9999.9,000048b02dd3c6d5,registry.sagecontinuum.org/kaludib/waggle-aqt530:1.00,vaisala-aqt530,waggle-aqt530,microgram per cubic meter,W095,core,W095
2026-07-13 22:05:04.115892786+00:00,aqt.particle.pm2.5,0.6,5min,Particulate Matter less than 2.5 microns in diameter,000048b02dd3c6d5.ws-nxcore,waggle-aqt530-5511,-9999.9,000048b02dd3c6d5,registry.sagecontinuum.org/kaludib/waggle-aqt530:1.00,vaisala-aqt530,waggle-aqt530,microgram per cubic meter,W095,core,W095
2026-07-13 22:10:03.388569170+00:00,aqt.particle.pm2.5,1.0,5min,Particulate Matter less than 2.5 microns in diameter,000048b02dd3c6d5.ws-nxcore,waggle-aqt530-5511,-9999.9,000048b02dd3c6d5,registry.sagecontinuum.org/kaludib/waggle-aqt530:1.00,vaisala-aqt530,waggle-aqt530,microgram per cubic meter,W095,core,W095
2026-07-13 22:15:03.631540435+00:00,aqt.particle.pm2.5,0.9,5min,Particulate Matter less than 2.5 microns in diameter,000048b02dd3c6d5.ws-nxcore,waggle-aqt530-5511,-9999.9,000048b02dd3c6d5,registry.sagecontinuum.org/kaludib/waggle-aqt530:1.00,vaisala-aqt530,waggle-aqt530,microgram per cubic meter,W095,core,W095
2026-07-13 22:20:03.865447493+00:00,aqt.particle.pm2.5,0.7,5min,Particulate Matter less than 2.5 microns in diameter,000048b02dd3c6d5.ws-nxcore,waggle-aqt530-5511,-9999.9,000048b02dd3c6d5,registry.sagecontinuum.org/kaludib/waggle-aqt530:1.00,vaisala-aqt530,waggle-aqt530,microgram per cubic meter,W095,core,W095
2026-07-13 22:25:04.097508711+00:00,aqt.particle.pm2.5,0.6,5min,Particulate Matter less than 2.5 microns in diameter,000048b02dd3c6d5.ws-nxcore,waggle-aqt530-5511,-9999.9,000048b02dd3c6d5,registry.sagecontinuum.org/kaludib/waggle-aqt530:1.00,vaisala-aqt530,waggle-aqt530,microgram per cubic meter,W095,core,W095
2026-07-13 22:30:04.307206237+00:00,aqt.particle.pm2.5,0.6,5min,Particulate Matter less than 2.5 microns in diameter,000048b02dd3c6d5.ws-nxcore,waggle-aqt530-5511,-9999.9,000048b02dd3c6d5,registry.sagecontinuum.org/kaludib/waggle-aqt530:1.00,vaisala-aqt530,waggle-aqt530,microgram per cubic meter,W095,core,W095
2026-07-13 22:35:03.521874595+00:00,aqt.particle.pm2.5,1.2,5min,Particulate Matter less than 2.5 microns in diameter,000048b02dd3c6d5.ws-nxcore,waggle-aqt530-5511,-9999.9,000048b02dd3c6d5,registry.sagecontinuum.org/kaludib/waggle-aqt530:1.00,vaisala-aqt530,waggle-aqt530,microgram per cubic meter,W095,core,W095
2026-07-13 22:40:03.743171343+00:00,aqt.particle.pm2.5,1.0,5min,Particulate Matter less than 2.5 microns in diameter,000048b02dd3c6d5.ws-nxcore,waggle-aqt530-5511,-9999.9,000048b02dd3c6d5,registry.sagecontinuum.org/kaludib/waggle-aqt530:1.00,vaisala-aqt530,waggle-aqt530,microgram per cubic meter,W095,core,W095
2026-07-13 22:45:03.966818745+00:00,aqt.particle.pm2.5,0.8,5min,Particulate Matter less than 2.5 microns in diameter,000048b02dd3c6d5.ws-nxcore,waggle-aqt530-5511,-9999.9,000048b02dd3c6d5,registry.sagecontinuum.org/kaludib/waggle-aqt530:1.00,vaisala-aqt530,waggle-aqt530,microgram per cubic meter,W095,core,W095
2026-07-13 22:50:04.177564329+00:00,aqt.particle.pm2.5,0.8,5min,Particulate Matter less than 2.5 microns in diameter,000048b02dd3c6d5.ws-nxcore,waggle-aqt530-5511,-9999.9,000048b02dd3c6d5,registry.sagecontinuum.org/kaludib/waggle-aqt530:1.00,vaisala-aqt530,waggle-aqt530,microgram per cubic meter,W095,core,W095
2026-07-13 22:55:03.388774344+00:00,aqt.particle.pm2.5,0.7,5min,Particulate Matter less than 2.5 microns in diameter,000048b02dd3c6d5.ws-nxcore,waggle-aqt530-5511,-9999.9,000048b02dd3c6d5,registry.sagecontinuum.org/kaludib/waggle-aqt530:1.00,vaisala-aqt530,waggle-aqt530,microgram per cubic meter,W095,core,W095
2026-07-13 23:00:03.609710759+00:00,aqt.particle.pm2.5,1.0,5min,Particulate Matter less than 2.5 microns in diameter,000048b02dd3c6d5.ws-nxcore,waggle-aqt530-5511,-9999.9,000048b02dd3c6d5,registry.sagecontinuum.org/kaludib/waggle-aqt530:1.00,vaisala-aqt530,waggle-aqt530,microgram per cubic meter,W095,core,W095
2026-07-13 23:05:03.829688678+00:00,aqt.particle.pm2.5,1.5,5min,Particulate Matter less than 2.5 microns in diameter,000048b02dd3c6d5.ws-nxcore,waggle-aqt530-5511,-9999.9,000048b02dd3c6d5,registry.sagecontinuum.org/kaludib/waggle-aqt530:1.00,vaisala-aqt530,waggle-aqt530,microgram per cubic meter,W095,core,W095
2026-07-13 23:10:04.035654095+00:00,aqt.particle.pm2.5,0.6,5min,Particulate Matter less than 2.5 microns in diameter,000048b02dd3c6d5.ws-nxcore,waggle-aqt530-5511,-9999.9,000048b02dd3c6d5,registry.sagecontinuum.org/kaludib/waggle-aqt530:1.00,vaisala-aqt530,waggle-aqt530,microgram per cubic meter,W095,core,W095
2026-07-13 23:15:04.252441469+00:00,aqt.particle.pm2.5,0.3,5min,Particulate Matter less than 2.5 microns in diameter,000048b02dd3c6d5.ws-nxcore,waggle-aqt530-5511,-9999.9,000048b02dd3c6d5,registry.sagecontinuum.org/kaludib/waggle-aqt530:1.00,vaisala-aqt530,waggle-aqt530,microgram per cubic meter,W095,core,W095
2026-07-13 23:20:03.458563548+00:00,aqt.particle.pm2.5,0.5,5min,Particulate Matter less than 2.5 microns in diameter,000048b02dd3c6d5.ws-nxcore,waggle-aqt530-5511,-9999.9,000048b02dd3c6d5,registry.sagecontinuum.org/kaludib/waggle-aqt530:1.00,vaisala-aqt530,waggle-aqt530,microgram per cubic meter,W095,core,W095
2026-07-13 23:25:03.673986450+00:00,aqt.particle.pm2.5,0.8,5min,Particulate Matter less than 2.5 microns in diameter,000048b02dd3c6d5.ws-nxcore,waggle-aqt530-5511,-9999.9,000048b02dd3c6d5,registry.sagecontinuum.org/kaludib/waggle-aqt530:1.00,vaisala-aqt530,waggle-aqt530,microgram per cubic meter,W095,core,W095
2026-07-13 23:30:03.876916774+00:00,aqt.particle.pm2.5,0.6,5min,Particulate Matter less than 2.5 microns in diameter,000048b02dd3c6d5.ws-nxcore,waggle-aqt530-5511,-9999.9,000048b02dd3c6d5,registry.sagecontinuum.org/kaludib/waggle-aqt530:1.00,vaisala-aqt530,waggle-aqt530,microgram per cubic meter,W095,core,W095
2026-07-13 23:35:04.094440892+00:00,aqt.particle.pm2.5,0.6,5min,Particulate Matter less than 2.5 microns in diameter,000048b02dd3c6d5.ws-nxcore,waggle-aqt530-5511,-9999.9,000048b02dd3c6d5,registry.sagecontinuum.org/kaludib/waggle-aqt530:1.00,vaisala-aqt530,waggle-aqt530,microgram per cubic meter,W095,core,W095
2026-07-13 23:40:04.312518148+00:00,aqt.particle.pm2.5,2.0,5min,Particulate Matter less than 2.5 microns in diameter,000048b02dd3c6d5.ws-nxcore,waggle-aqt530-5511,-9999.9,000048b02dd3c6d5,registry.sagecontinuum.org/kaludib/waggle-aqt530:1.00,vaisala-aqt530,waggle-aqt530,microgram per cubic meter,W095,core,W095
2026-07-13 23:45:03.523675944+00:00,aqt.particle.pm2.5,0.5,5min,Particulate Matter less than 2.5 microns in diameter,000048b02dd3c6d5.ws-nxcore,waggle-aqt530-5511,-9999.9,000048b02dd3c6d5,registry.sagecontinuum.org/kaludib/waggle-aqt530:1.00,vaisala-aqt530,waggle-aqt530,microgram per cubic meter,W095,core,W095
2026-07-13 23:50:03.752337825+00:00,aqt.particle.pm2.5,0.9,5min,Particulate Matter less than 2.5 microns in diameter,000048b02dd3c6d5.ws-nxcore,waggle-aqt530-5511,-9999.9,000048b02dd3c6d5,registry.sagecontinuum.org/kaludib/waggle-aqt530:1.00,vaisala-aqt530,waggle-aqt530,microgram per cubic meter,W095,core,W095
2026-07-13 23:55:04.487276530+00:00,aqt.particle.pm2.5,2.3,5min,Particulate Matter less than 2.5 microns in diameter,000048b02dd3c6d5.ws-nxcore,waggle-aqt530-5511,-9999.9,000048b02dd3c6d5,registry.sagecontinuum.org/kaludib/waggle-aqt530:1.00,vaisala-aqt530,waggle-aqt530,microgram per cubic meter,W095,core,W095
2026-07-14 00:00:04.225453978+00:00,aqt.particle.pm2.5,2.3,5min,Particulate Matter less than 2.5 microns in diameter,000048b02dd3c6d5.ws-nxcore,waggle-aqt530-5511,-9999.9,000048b02dd3c6d5,registry.sagecontinuum.org/kaludib/waggle-aqt530:1.00,vaisala-aqt530,waggle-aqt530,microgram per cubic meter,W095,core,W095
2026-07-14 00:05:03.446350+00:00,aqt.particle.pm2.5,2.9,5min,Particulate Matter less than 2.5 microns in diameter,000048b02dd3c6d5.ws-nxcore,waggle-aqt530-5511,-9999.9,000048b02dd3c6d5,registry.sagecontinuum.org/kaludib/waggle-aqt530:1.00,vaisala-aqt530,waggle-aqt530,microgram per cubic meter,W095,core,W095
2026-07-14 00:10:03.672525047+00:00,aqt.particle.pm2.5,5.2,5min,Particulate Matter less than 2.5 microns in diameter,000048b02dd3c6d5.ws-nxcore,waggle-aqt530-5511,-9999.9,000048b02dd3c6d5,registry.sagecontinuum.org/kaludib/waggle-aqt530:1.00,vaisala-aqt530,waggle-aqt530,microgram per cubic meter,W095,core,W095
2026-07-14 00:15:03.882803771+00:00,aqt.particle.pm2.5,6.0,5min,Particulate Matter less than 2.5 microns in diameter,000048b02dd3c6d5.ws-nxcore,waggle-aqt530-5511,-9999.9,000048b02dd3c6d5,registry.sagecontinuum.org/kaludib/waggle-aqt530:1.00,vaisala-aqt530,waggle-aqt530,microgram per cubic meter,W095,core,W095
2026-07-14 00:20:04.106311772+00:00,aqt.particle.pm2.5,3.7,5min,Particulate Matter less than 2.5 microns in diameter,000048b02dd3c6d5.ws-nxcore,waggle-aqt530-5511,-9999.9,000048b02dd3c6d5,registry.sagecontinuum.org/kaludib/waggle-aqt530:1.00,vaisala-aqt530,waggle-aqt530,microgram per cubic meter,W095,core,W095
2026-07-14 00:25:04.329649979+00:00,aqt.particle.pm2.5,3.6,5min,Particulate Matter less than 2.5 microns in diameter,000048b02dd3c6d5.ws-nxcore,waggle-aqt530-5511,-9999.9,000048b02dd3c6d5,registry.sagecontinuum.org/kaludib/waggle-aqt530:1.00,vaisala-aqt530,waggle-aqt530,microgram per cubic meter,W095,core,W095
2026-07-14 00:30:03.549431186+00:00,aqt.particle.pm2.5,3.0,5min,Particulate Matter less than 2.5 microns in diameter,000048b02dd3c6d5.ws-nxcore,waggle-aqt530-5511,-9999.9,000048b02dd3c6d5,registry.sagecontinuum.org/kaludib/waggle-aqt530:1.00,vaisala-aqt530,waggle-aqt530,microgram per cubic meter,W095,core,W095
2026-07-14 00:35:03.754115864+00:00,aqt.particle.pm2.5,2.9,5min,Particulate Matter less than 2.5 microns in diameter,000048b02dd3c6d5.ws-nxcore,waggle-aqt530-5511,-9999.9,000048b02dd3c6d5,registry.sagecontinuum.org/kaludib/waggle-aqt530:1.00,vaisala-aqt530,waggle-aqt530,microgram per cubic meter,W095,core,W095
2026-07-14 00:40:03.952084661+00:00,aqt.particle.pm2.5,2.9,5min,Particulate Matter less than 2.5 microns in diameter,000048b02dd3c6d5.ws-nxcore,waggle-aqt530-5511,-9999.9,000048b02dd3c6d5,registry.sagecontinuum.org/kaludib/waggle-aqt530:1.00,vaisala-aqt530,waggle-aqt530,microgram per cubic meter,W095,core,W095
2026-07-14 00:45:04.137633322+00:00,aqt.particle.pm2.5,2.1,5min,Particulate Matter less than 2.5 microns in diameter,000048b02dd3c6d5.ws-nxcore,waggle-aqt530-5511,-9999.9,000048b02dd3c6d5,registry.sagecontinuum.org/kaludib/waggle-aqt530:1.00,vaisala-aqt530,waggle-aqt530,microgram per cubic meter,W095,core,W095
2026-07-14 00:50:03.335349614+00:00,aqt.particle.pm2.5,2.4,5min,Particulate Matter less than 2.5 microns in diameter,000048b02dd3c6d5.ws-nxcore,waggle-aqt530-5511,-9999.9,000048b02dd3c6d5,registry.sagecontinuum.org/kaludib/waggle-aqt530:1.00,vaisala-aqt530,waggle-aqt530,microgram per cubic meter,W095,core,W095
2026-07-14 00:55:03.530279627+00:00,aqt.particle.pm2.5,1.9,5min,Particulate Matter less than 2.5 microns in diameter,000048b02dd3c6d5.ws-nxcore,waggle-aqt530-5511,-9999.9,000048b02dd3c6d5,registry.sagecontinuum.org/kaludib/waggle-aqt530:1.00,vaisala-aqt530,waggle-aqt530,microgram per cubic meter,W095,core,W095
2026-07-14 01:00:03.725496318+00:00,aqt.particle.pm2.5,1.9,5min,Particulate Matter less than 2.5 microns in diameter,000048b02dd3c6d5.ws-nxcore,waggle-aqt530-5511,-9999.9,000048b02dd3c6d5,registry.sagecontinuum.org/kaludib/waggle-aqt530:1.00,vaisala-aqt530,waggle-aqt530,microgram per cubic meter,W095,core,W095
2026-07-14 01:05:03.930370172+00:00,aqt.particle.pm2.5,3.1,5min,Particulate Matter less than 2.5 microns in diameter,000048b02dd3c6d5.ws-nxcore,waggle-aqt530-5511,-9999.9,000048b02dd3c6d5,registry.sagecontinuum.org/kaludib/waggle-aqt530:1.00,vaisala-aqt530,waggle-aqt530,microgram per cubic meter,W095,core,W095
2026-07-14 01:10:04.119074108+00:00,aqt.particle.pm2.5,0.7,5min,Particulate Matter less than 2.5 microns in diameter,000048b02dd3c6d5.ws-nxcore,waggle-aqt530-5511,-9999.9,000048b02dd3c6d5,registry.sagecontinuum.org/kaludib/waggle-aqt530:1.00,vaisala-aqt530,waggle-aqt530,microgram per cubic meter,W095,core,W095
2026-07-14 01:15:03.319806264+00:00,aqt.particle.pm2.5,4.7,5min,Particulate Matter less than 2.5 microns in diameter,000048b02dd3c6d5.ws-nxcore,waggle-aqt530-5511,-9999.9,000048b02dd3c6d5,registry.sagecontinuum.org/kaludib/waggle-aqt530:1.00,vaisala-aqt530,waggle-aqt530,microgram per cubic meter,W095,core,W095
2026-07-14 01:20:03.529863779+00:00,aqt.particle.pm2.5,0.7,5min,Particulate Matter less than 2.5 microns in diameter,000048b02dd3c6d5.ws-nxcore,waggle-aqt530-5511,-9999.9,000048b02dd3c6d5,registry.sagecontinuum.org/kaludib/waggle-aqt530:1.00,vaisala-aqt530,waggle-aqt530,microgram per cubic meter,W095,core,W095
2026-07-14 01:25:03.736261944+00:00,aqt.particle.pm2.5,2.8,5min,Particulate Matter less than 2.5 microns in diameter,000048b02dd3c6d5.ws-nxcore,waggle-aqt530-5511,-9999.9,000048b02dd3c6d5,registry.sagecontinuum.org/kaludib/waggle-aqt530:1.00,vaisala-aqt530,waggle-aqt530,microgram per cubic meter,W095,core,W095
2026-07-14 01:30:03.937963644+00:00,aqt.particle.pm2.5,3.1,5min,Particulate Matter less than 2.5 microns in diameter,000048b02dd3c6d5.ws-nxcore,waggle-aqt530-5511,-9999.9,000048b02dd3c6d5,registry.sagecontinuum.org/kaludib/waggle-aqt530:1.00,vaisala-aqt530,waggle-aqt530,microgram per cubic meter,W095,core,W095
2026-07-14 01:35:04.195133276+00:00,aqt.particle.pm2.5,2.4,5min,Particulate Matter less than 2.5 microns in diameter,000048b02dd3c6d5.ws-nxcore,waggle-aqt530-5511,-9999.9,000048b02dd3c6d5,registry.sagecontinuum.org/kaludib/waggle-aqt530:1.00,vaisala-aqt530,waggle-aqt530,microgram per cubic meter,W095,core,W095
2026-07-14 01:40:03.403209073+00:00,aqt.particle.pm2.5,2.1,5min,Particulate Matter less than 2.5 microns in diameter,000048b02dd3c6d5.ws-nxcore,waggle-aqt530-5511,-9999.9,000048b02dd3c6d5,registry.sagecontinuum.org/kaludib/waggle-aqt530:1.00,vaisala-aqt530,waggle-aqt530,microgram per cubic meter,W095,core,W095
2026-07-14 01:45:03.626076887+00:00,aqt.particle.pm2.5,1.0,5min,Particulate Matter less than 2.5 microns in diameter,000048b02dd3c6d5.ws-nxcore,waggle-aqt530-5511,-9999.9,000048b02dd3c6d5,registry.sagecontinuum.org/kaludib/waggle-aqt530:1.00,vaisala-aqt530,waggle-aqt530,microgram per cubic meter,W095,core,W095
2026-07-14 01:50:03.831441562+00:00,aqt.particle.pm2.5,0.3,5min,Particulate Matter less than 2.5 microns in diameter,000048b02dd3c6d5.ws-nxcore,waggle-aqt530-5511,-9999.9,000048b02dd3c6d5,registry.sagecontinuum.org/kaludib/waggle-aqt530:1.00,vaisala-aqt530,waggle-aqt530,microgram per cubic meter,W095,core,W095
2026-07-14 01:55:04.048849687+00:00,aqt.particle.pm2.5,0.2,5min,Particulate Matter less than 2.5 microns in diameter,000048b02dd3c6d5.ws-nxcore,waggle-aqt530-5511,-9999.9,000048b02dd3c6d5,registry.sagecontinuum.org/kaludib/waggle-aqt530:1.00,vaisala-aqt530,waggle-aqt530,microgram per cubic meter,W095,core,W095
2026-07-14 02:00:03.258034965+00:00,aqt.particle.pm2.5,2.7,5min,Particulate Matter less than 2.5 microns in diameter,000048b02dd3c6d5.ws-nxcore,waggle-aqt530-5511,-9999.9,000048b02dd3c6d5,registry.sagecontinuum.org/kaludib/waggle-aqt530:1.00,vaisala-aqt530,waggle-aqt530,microgram per cubic meter,W095,core,W095
2026-07-14 02:05:03.481610960+00:00,aqt.particle.pm2.5,0.7,5min,Particulate Matter less than 2.5 microns in diameter,000048b02dd3c6d5.ws-nxcore,waggle-aqt530-5511,-9999.9,000048b02dd3c6d5,registry.sagecontinuum.org/kaludib/waggle-aqt530:1.00,vaisala-aqt530,waggle-aqt530,microgram per cubic meter,W095,core,W095
2026-07-14 02:10:03.715862124+00:00,aqt.particle.pm2.5,0.4,5min,Particulate Matter less than 2.5 microns in diameter,000048b02dd3c6d5.ws-nxcore,waggle-aqt530-5511,-9999.9,000048b02dd3c6d5,registry.sagecontinuum.org/kaludib/waggle-aqt530:1.00,vaisala-aqt530,waggle-aqt530,microgram per cubic meter,W095,core,W095
2026-07-14 02:15:03.931950544+00:00,aqt.particle.pm2.5,3.8,5min,Particulate Matter less than 2.5 microns in diameter,000048b02dd3c6d5.ws-nxcore,waggle-aqt530-5511,-9999.9,000048b02dd3c6d5,registry.sagecontinuum.org/kaludib/waggle-aqt530:1.00,vaisala-aqt530,waggle-aqt530,microgram per cubic meter,W095,core,W095
2026-07-14 02:20:04.151632846+00:00,aqt.particle.pm2.5,1.1,5min,Particulate Matter less than 2.5 microns in diameter,000048b02dd3c6d5.ws-nxcore,waggle-aqt530-5511,-9999.9,000048b02dd3c6d5,registry.sagecontinuum.org/kaludib/waggle-aqt530:1.00,vaisala-aqt530,waggle-aqt530,microgram per cubic meter,W095,core,W095
2026-07-14 02:25:03.364672998+00:00,aqt.particle.pm2.5,0.4,5min,Particulate Matter less than 2.5 microns in diameter,000048b02dd3c6d5.ws-nxcore,waggle-aqt530-5511,-9999.9,000048b02dd3c6d5,registry.sagecontinuum.org/kaludib/waggle-aqt530:1.00,vaisala-aqt530,waggle-aqt530,microgram per cubic meter,W095,core,W095
2026-07-14 02:30:03.583980899+00:00,aqt.particle.pm2.5,0.8,5min,Particulate Matter less than 2.5 microns in diameter,000048b02dd3c6d5.ws-nxcore,waggle-aqt530-5511,-9999.9,000048b02dd3c6d5,registry.sagecontinuum.org/kaludib/waggle-aqt530:1.00,vaisala-aqt530,waggle-aqt530,microgram per cubic meter,W095,core,W095
2026-07-14 02:35:03.788738533+00:00,aqt.particle.pm2.5,3.2,5min,Particulate Matter less than 2.5 microns in diameter,000048b02dd3c6d5.ws-nxcore,waggle-aqt530-5511,-9999.9,000048b02dd3c6d5,registry.sagecontinuum.org/kaludib/waggle-aqt530:1.00,vaisala-aqt530,waggle-aqt530,microgram per cubic meter,W095,core,W095
2026-07-14 02:40:04.014329885+00:00,aqt.particle.pm2.5,1.2,5min,Particulate Matter less than 2.5 microns in diameter,000048b02dd3c6d5.ws-nxcore,waggle-aqt530-5511,-9999.9,000048b02dd3c6d5,registry.sagecontinuum.org/kaludib/waggle-aqt530:1.00,vaisala-aqt530,waggle-aqt530,microgram per cubic meter,W095,core,W095
2026-07-14 02:45:03.221442188+00:00,aqt.particle.pm2.5,0.7,5min,Particulate Matter less than 2.5 microns in diameter,000048b02dd3c6d5.ws-nxcore,waggle-aqt530-5511,-9999.9,000048b02dd3c6d5,registry.sagecontinuum.org/kaludib/waggle-aqt530:1.00,vaisala-aqt530,waggle-aqt530,microgram per cubic meter,W095,core,W095
2026-07-14 02:50:03.439867731+00:00,aqt.particle.pm2.5,0.5,5min,Particulate Matter less than 2.5 microns in diameter,000048b02dd3c6d5.ws-nxcore,waggle-aqt530-5511,-9999.9,000048b02dd3c6d5,registry.sagecontinuum.org/kaludib/waggle-aqt530:1.00,vaisala-aqt530,waggle-aqt530,microgram per cubic meter,W095,core,W095
2026-07-14 02:55:03.644753057+00:00,aqt.particle.pm2.5,1.3,5min,Particulate Matter less than 2.5 microns in diameter,000048b02dd3c6d5.ws-nxcore,waggle-aqt530-5511,-9999.9,000048b02dd3c6d5,registry.sagecontinuum.org/kaludib/waggle-aqt530:1.00,vaisala-aqt530,waggle-aqt530,microgram per cubic meter,W095,core,W095
2026-07-14 03:00:03.862460050+00:00,aqt.particle.pm2.5,6.0,5min,Particulate Matter less than 2.5 microns in diameter,000048b02dd3c6d5.ws-nxcore,waggle-aqt530-5511,-9999.9,000048b02dd3c6d5,registry.sagecontinuum.org/kaludib/waggle-aqt530:1.00,vaisala-aqt530,waggle-aqt530,microgram per cubic meter,W095,core,W095
2026-07-14 03:05:04.081062118+00:00,aqt.particle.pm2.5,3.7,5min,Particulate Matter less than 2.5 microns in diameter,000048b02dd3c6d5.ws-nxcore,waggle-aqt530-5511,-9999.9,000048b02dd3c6d5,registry.sagecontinuum.org/kaludib/waggle-aqt530:1.00,vaisala-aqt530,waggle-aqt530,microgram per cubic meter,W095,core,W095
2026-07-14 03:10:03.292360769+00:00,aqt.particle.pm2.5,3.6,5min,Particulate Matter less than 2.5 microns in diameter,000048b02dd3c6d5.ws-nxcore,waggle-aqt530-5511,-9999.9,000048b02dd3c6d5,registry.sagecontinuum.org/kaludib/waggle-aqt530:1.00,vaisala-aqt530,waggle-aqt530,microgram per cubic meter,W095,core,W095
2026-07-14 03:15:03.503922346+00:00,aqt.particle.pm2.5,0.8,5min,Particulate Matter less than 2.5 microns in diameter,000048b02dd3c6d5.ws-nxcore,waggle-aqt530-5511,-9999.9,000048b02dd3c6d5,registry.sagecontinuum.org/kaludib/waggle-aqt530:1.00,vaisala-aqt530,waggle-aqt530,microgram per cubic meter,W095,core,W095
2026-07-14 03:20:03.727214376+00:00,aqt.particle.pm2.5,1.0,5min,Particulate Matter less than 2.5 microns in diameter,000048b02dd3c6d5.ws-nxcore,waggle-aqt530-5511,-9999.9,000048b02dd3c6d5,registry.sagecontinuum.org/kaludib/waggle-aqt530:1.00,vaisala-aqt530,waggle-aqt530,microgram per cubic meter,W095,core,W095
2026-07-14 03:25:03.949344583+00:00,aqt.particle.pm2.5,1.4,5min,Particulate Matter less than 2.5 microns in diameter,000048b02dd3c6d5.ws-nxcore,waggle-aqt530-5511,-9999.9,000048b02dd3c6d5,registry.sagecontinuum.org/kaludib/waggle-aqt530:1.00,vaisala-aqt530,waggle-aqt530,microgram per cubic meter,W095,core,W095
2026-07-14 03:30:04.158001950+00:00,aqt.particle.pm2.5,1.5,5min,Particulate Matter less than 2.5 microns in diameter,000048b02dd3c6d5.ws-nxcore,waggle-aqt530-5511,-9999.9,000048b02dd3c6d5,registry.sagecontinuum.org/kaludib/waggle-aqt530:1.00,vaisala-aqt530,waggle-aqt530,microgram per cubic meter,W095,core,W095
2026-07-14 03:35:03.369327860+00:00,aqt.particle.pm2.5,1.7,5min,Particulate Matter less than 2.5 microns in diameter,000048b02dd3c6d5.ws-nxcore,waggle-aqt530-5511,-9999.9,000048b02dd3c6d5,registry.sagecontinuum.org/kaludib/waggle-aqt530:1.00,vaisala-aqt530,waggle-aqt530,microgram per cubic meter,W095,core,W095
2026-07-14 03:40:03.590164700+00:00,aqt.particle.pm2.5,2.2,5min,Particulate Matter less than 2.5 microns in diameter,000048b02dd3c6d5.ws-nxcore,waggle-aqt530-5511,-9999.9,000048b02dd3c6d5,registry.sagecontinuum.org/kaludib/waggle-aqt530:1.00,vaisala-aqt530,waggle-aqt530,microgram per cubic meter,W095,core,W095
2026-07-14 03:45:03.809300080+00:00,aqt.particle.pm2.5,1.9,5min,Particulate Matter less than 2.5 microns in diameter,000048b02dd3c6d5.ws-nxcore,waggle-aqt530-5511,-9999.9,000048b02dd3c6d5,registry.sagecontinuum.org/kaludib/waggle-aqt530:1.00,vaisala-aqt530,waggle-aqt530,microgram per cubic meter,W095,core,W095
2026-07-14 03:50:04.013521354+00:00,aqt.particle.pm2.5,1.0,5min,Particulate Matter less than 2.5 microns in diameter,000048b02dd3c6d5.ws-nxcore,waggle-aqt530-5511,-9999.9,000048b02dd3c6d5,registry.sagecontinuum.org/kaludib/waggle-aqt530:1.00,vaisala-aqt530,waggle-aqt530,microgram per cubic meter,W095,core,W095
2026-07-14 03:55:03.224683242+00:00,aqt.particle.pm2.5,0.6,5min,Particulate Matter less than 2.5 microns in diameter,000048b02dd3c6d5.ws-nxcore,waggle-aqt530-5511,-9999.9,000048b02dd3c6d5,registry.sagecontinuum.org/kaludib/waggle-aqt530:1.00,vaisala-aqt530,waggle-aqt530,microgram per cubic meter,W095,core,W095
2026-07-14 04:00:03.445486177+00:00,aqt.particle.pm2.5,0.6,5min,Particulate Matter less than 2.5 microns in diameter,000048b02dd3c6d5.ws-nxcore,waggle-aqt530-5511,-9999.9,000048b02dd3c6d5,registry.sagecontinuum.org/kaludib/waggle-aqt530:1.00,vaisala-aqt530,waggle-aqt530,microgram per cubic meter,W095,core,W095
2026-07-14 04:05:03.663393036+00:00,aqt.particle.pm2.5,2.1,5min,Particulate Matter less than 2.5 microns in diameter,000048b02dd3c6d5.ws-nxcore,waggle-aqt530-5511,-9999.9,000048b02dd3c6d5,registry.sagecontinuum.org/kaludib/waggle-aqt530:1.00,vaisala-aqt530,waggle-aqt530,microgram per cubic meter,W095,core,W095
2026-07-14 04:10:03.870026440+00:00,aqt.particle.pm2.5,4.9,5min,Particulate Matter less than 2.5 microns in diameter,000048b02dd3c6d5.ws-nxcore,waggle-aqt530-5511,-9999.9,000048b02dd3c6d5,registry.sagecontinuum.org/kaludib/waggle-aqt530:1.00,vaisala-aqt530,waggle-aqt530,microgram per cubic meter,W095,core,W095
2026-07-14 04:15:04.087486405+00:00,aqt.particle.pm2.5,8.7,5min,Particulate Matter less than 2.5 microns in diameter,000048b02dd3c6d5.ws-nxcore,waggle-aqt530-5511,-9999.9,000048b02dd3c6d5,registry.sagecontinuum.org/kaludib/waggle-aqt530:1.00,vaisala-aqt530,waggle-aqt530,microgram per cubic meter,W095,core,W095
2026-07-14 04:20:03.299319394+00:00,aqt.particle.pm2.5,11.4,5min,Particulate Matter less than 2.5 microns in diameter,000048b02dd3c6d5.ws-nxcore,waggle-aqt530-5511,-9999.9,000048b02dd3c6d5,registry.sagecontinuum.org/kaludib/waggle-aqt530:1.00,vaisala-aqt530,waggle-aqt530,microgram per cubic meter,W095,core,W095
2026-07-14 04:25:03.524174653+00:00,aqt.particle.pm2.5,10.2,5min,Particulate Matter less than 2.5 microns in diameter,000048b02dd3c6d5.ws-nxcore,waggle-aqt530-5511,-9999.9,000048b02dd3c6d5,registry.sagecontinuum.org/kaludib/waggle-aqt530:1.00,vaisala-aqt530,waggle-aqt530,microgram per cubic meter,W095,core,W095
2026-07-14 04:30:03.743682868+00:00,aqt.particle.pm2.5,11.4,5min,Particulate Matter less than 2.5 microns in diameter,000048b02dd3c6d5.ws-nxcore,waggle-aqt530-5511,-9999.9,000048b02dd3c6d5,registry.sagecontinuum.org/kaludib/waggle-aqt530:1.00,vaisala-aqt530,waggle-aqt530,microgram per cubic meter,W095,core,W095
2026-07-14 04:35:03.950140035+00:00,aqt.particle.pm2.5,4.2,5min,Particulate Matter less than 2.5 microns in diameter,000048b02dd3c6d5.ws-nxcore,waggle-aqt530-5511,-9999.9,000048b02dd3c6d5,registry.sagecontinuum.org/kaludib/waggle-aqt530:1.00,vaisala-aqt530,waggle-aqt530,microgram per cubic meter,W095,core,W095
2026-07-14 04:40:03.163129505+00:00,aqt.particle.pm2.5,4.1,5min,Particulate Matter less than 2.5 microns in diameter,000048b02dd3c6d5.ws-nxcore,waggle-aqt530-5511,-9999.9,000048b02dd3c6d5,registry.sagecontinuum.org/kaludib/waggle-aqt530:1.00,vaisala-aqt530,waggle-aqt530,microgram per cubic meter,W095,core,W095
2026-07-14 04:45:03.383495293+00:00,aqt.particle.pm2.5,3.7,5min,Particulate Matter less than 2.5 microns in diameter,000048b02dd3c6d5.ws-nxcore,waggle-aqt530-5511,-9999.9,000048b02dd3c6d5,registry.sagecontinuum.org/kaludib/waggle-aqt530:1.00,vaisala-aqt530,waggle-aqt530,microgram per cubic meter,W095,core,W095
2026-07-14 04:50:03.590281819+00:00,aqt.particle.pm2.5,4.5,5min,Particulate Matter less than 2.5 microns in diameter,000048b02dd3c6d5.ws-nxcore,waggle-aqt530-5511,-9999.9,000048b02dd3c6d5,registry.sagecontinuum.org/kaludib/waggle-aqt530:1.00,vaisala-aqt530,waggle-aqt530,microgram per cubic meter,W095,core,W095
2026-07-14 04:55:03.813113942+00:00,aqt.particle.pm2.5,4.3,5min,Particulate Matter less than 2.5 microns in diameter,000048b02dd3c6d5.ws-nxcore,waggle-aqt530-5511,-9999.9,000048b02dd3c6d5,registry.sagecontinuum.org/kaludib/waggle-aqt530:1.00,vaisala-aqt530,waggle-aqt530,microgram per cubic meter,W095,core,W095
2026-07-14 05:00:04.041480881+00:00,aqt.particle.pm2.5,3.8,5min,Particulate Matter less than 2.5 microns in diameter,000048b02dd3c6d5.ws-nxcore,waggle-aqt530-5511,-9999.9,000048b02dd3c6d5,registry.sagecontinuum.org/kaludib/waggle-aqt530:1.00,vaisala-aqt530,waggle-aqt530,microgram per cubic meter,W095,core,W095
2026-07-14 05:05:03.261864845+00:00,aqt.particle.pm2.5,3.1,5min,Particulate Matter less than 2.5 microns in diameter,000048b02dd3c6d5.ws-nxcore,waggle-aqt530-5511,-9999.9,000048b02dd3c6d5,registry.sagecontinuum.org/kaludib/waggle-aqt530:1.00,vaisala-aqt530,waggle-aqt530,microgram per cubic meter,W095,core,W095
2026-07-14 05:10:03.485943108+00:00,aqt.particle.pm2.5,3.5,5min,Particulate Matter less than 2.5 microns in diameter,000048b02dd3c6d5.ws-nxcore,waggle-aqt530-5511,-9999.9,000048b02dd3c6d5,registry.sagecontinuum.org/kaludib/waggle-aqt530:1.00,vaisala-aqt530,waggle-aqt530,microgram per cubic meter,W095,core,W095
2026-07-14 05:15:03.694719980+00:00,aqt.particle.pm2.5,3.7,5min,Particulate Matter less than 2.5 microns in diameter,000048b02dd3c6d5.ws-nxcore,waggle-aqt530-5511,-9999.9,000048b02dd3c6d5,registry.sagecontinuum.org/kaludib/waggle-aqt530:1.00,vaisala-aqt530,waggle-aqt530,microgram per cubic meter,W095,core,W095
2026-07-14 05:20:03.917441198+00:00,aqt.particle.pm2.5,3.2,5min,Particulate Matter less than 2.5 microns in diameter,000048b02dd3c6d5.ws-nxcore,waggle-aqt530-5511,-9999.9,000048b02dd3c6d5,registry.sagecontinuum.org/kaludib/waggle-aqt530:1.00,vaisala-aqt530,waggle-aqt530,microgram per cubic meter,W095,core,W095
2026-07-14 05:25:04.140312606+00:00,aqt.particle.pm2.5,3.4,5min,Particulate Matter less than 2.5 microns in diameter,000048b02dd3c6d5.ws-nxcore,waggle-aqt530-5511,-9999.9,000048b02dd3c6d5,registry.sagecontinuum.org/kaludib/waggle-aqt530:1.00,vaisala-aqt530,waggle-aqt530,microgram per cubic meter,W095,core,W095
2026-07-14 05:30:03.348705112+00:00,aqt.particle.pm2.5,3.6,5min,Particulate Matter less than 2.5 microns in diameter,000048b02dd3c6d5.ws-nxcore,waggle-aqt530-5511,-9999.9,000048b02dd3c6d5,registry.sagecontinuum.org/kaludib/waggle-aqt530:1.00,vaisala-aqt530,waggle-aqt530,microgram per cubic meter,W095,core,W095
2026-07-14 05:35:03.539742882+00:00,aqt.particle.pm2.5,4.3,5min,Particulate Matter less than 2.5 microns in diameter,000048b02dd3c6d5.ws-nxcore,waggle-aqt530-5511,-9999.9,000048b02dd3c6d5,registry.sagecontinuum.org/kaludib/waggle-aqt530:1.00,vaisala-aqt530,waggle-aqt530,microgram per cubic meter,W095,core,W095
2026-07-14 05:40:03.751495464+00:00,aqt.particle.pm2.5,5.6,5min,Particulate Matter less than 2.5 microns in diameter,000048b02dd3c6d5.ws-nxcore,waggle-aqt530-5511,-9999.9,000048b02dd3c6d5,registry.sagecontinuum.org/kaludib/waggle-aqt530:1.00,vaisala-aqt530,waggle-aqt530,microgram per cubic meter,W095,core,W095
2026-07-14 05:45:03.966310034+00:00,aqt.particle.pm2.5,9.3,5min,Particulate Matter less than 2.5 microns in diameter,000048b02dd3c6d5.ws-nxcore,waggle-aqt530-5511,-9999.9,000048b02dd3c6d5,registry.sagecontinuum.org/kaludib/waggle-aqt530:1.00,vaisala-aqt530,waggle-aqt530,microgram per cubic meter,W095,core,W095
2026-07-14 05:50:03.177580791+00:00,aqt.particle.pm2.5,12.0,5min,Particulate Matter less than 2.5 microns in diameter,000048b02dd3c6d5.ws-nxcore,waggle-aqt530-5511,-9999.9,000048b02dd3c6d5,registry.sagecontinuum.org/kaludib/waggle-aqt530:1.00,vaisala-aqt530,waggle-aqt530,microgram per cubic meter,W095,core,W095
2026-07-14 05:55:03.380329628+00:00,aqt.particle.pm2.5,2.3,5min,Particulate Matter less than 2.5 microns in diameter,000048b02dd3c6d5.ws-nxcore,waggle-aqt530-5511,-9999.9,000048b02dd3c6d5,registry.sagecontinuum.org/kaludib/waggle-aqt530:1.00,vaisala-aqt530,waggle-aqt530,microgram per cubic meter,W095,core,W095
2026-07-14 06:00:03.598516042+00:00,aqt.particle.pm2.5,0.8,5min,Particulate Matter less than 2.5 microns in diameter,000048b02dd3c6d5.ws-nxcore,waggle-aqt530-5511,-9999.9,000048b02dd3c6d5,registry.sagecontinuum.org/kaludib/waggle-aqt530:1.00,vaisala-aqt530,waggle-aqt530,microgram per cubic meter,W095,core,W095
2026-07-14 06:05:03.819927236+00:00,aqt.particle.pm2.5,0.5,5min,Particulate Matter less than 2.5 microns in diameter,000048b02dd3c6d5.ws-nxcore,waggle-aqt530-5511,-9999.9,000048b02dd3c6d5,registry.sagecontinuum.org/kaludib/waggle-aqt530:1.00,vaisala-aqt530,waggle-aqt530,microgram per cubic meter,W095,core,W095
2026-07-14 06:10:04.032427457+00:00,aqt.particle.pm2.5,0.3,5min,Particulate Matter less than 2.5 microns in diameter,000048b02dd3c6d5.ws-nxcore,waggle-aqt530-5511,-9999.9,000048b02dd3c6d5,registry.sagecontinuum.org/kaludib/waggle-aqt530:1.00,vaisala-aqt530,waggle-aqt530,microgram per cubic meter,W095,core,W095
2026-07-14 06:15:03.242752951+00:00,aqt.particle.pm2.5,0.3,5min,Particulate Matter less than 2.5 microns in diameter,000048b02dd3c6d5.ws-nxcore,waggle-aqt530-5511,-9999.9,000048b02dd3c6d5,registry.sagecontinuum.org/kaludib/waggle-aqt530:1.00,vaisala-aqt530,waggle-aqt530,microgram per cubic meter,W095,core,W095
2026-07-14 06:20:03.463574311+00:00,aqt.particle.pm2.5,0.2,5min,Particulate Matter less than 2.5 microns in diameter,000048b02dd3c6d5.ws-nxcore,waggle-aqt530-5511,-9999.9,000048b02dd3c6d5,registry.sagecontinuum.org/kaludib/waggle-aqt530:1.00,vaisala-aqt530,waggle-aqt530,microgram per cubic meter,W095,core,W095
2026-07-14 06:25:03.683255524+00:00,aqt.particle.pm2.5,0.1,5min,Particulate Matter less than 2.5 microns in diameter,000048b02dd3c6d5.ws-nxcore,waggle-aqt530-5511,-9999.9,000048b02dd3c6d5,registry.sagecontinuum.org/kaludib/waggle-aqt530:1.00,vaisala-aqt530,waggle-aqt530,microgram per cubic meter,W095,core,W095
2026-07-14 06:30:03.905952435+00:00,aqt.particle.pm2.5,0.1,5min,Particulate Matter less than 2.5 microns in diameter,000048b02dd3c6d5.ws-nxcore,waggle-aqt530-5511,-9999.9,000048b02dd3c6d5,registry.sagecontinuum.org/kaludib/waggle-aqt530:1.00,vaisala-aqt530,waggle-aqt530,microgram per cubic meter,W095,core,W095
2026-07-14 06:35:03.116228584+00:00,aqt.particle.pm2.5,0.0,5min,Particulate Matter less than 2.5 microns in diameter,000048b02dd3c6d5.ws-nxcore,waggle-aqt530-5511,-9999.9,000048b02dd3c6d5,registry.sagecontinuum.org/kaludib/waggle-aqt530:1.00,vaisala-aqt530,waggle-aqt530,microgram per cubic meter,W095,core,W095
2026-07-14 06:40:03.332114324+00:00,aqt.particle.pm2.5,0.0,5min,Particulate Matter less than 2.5 microns in diameter,000048b02dd3c6d5.ws-nxcore,waggle-aqt530-5511,-9999.9,000048b02dd3c6d5,registry.sagecontinuum.org/kaludib/waggle-aqt530:1.00,vaisala-aqt530,waggle-aqt530,microgram per cubic meter,W095,core,W095
2026-07-14 06:45:03.561104664+00:00,aqt.particle.pm2.5,0.1,5min,Particulate Matter less than 2.5 microns in diameter,000048b02dd3c6d5.ws-nxcore,waggle-aqt530-5511,-9999.9,000048b02dd3c6d5,registry.sagecontinuum.org/kaludib/waggle-aqt530:1.00,vaisala-aqt530,waggle-aqt530,microgram per cubic meter,W095,core,W095
2026-07-14 06:50:03.772033672+00:00,aqt.particle.pm2.5,0.2,5min,Particulate Matter less than 2.5 microns in diameter,000048b02dd3c6d5.ws-nxcore,waggle-aqt530-5511,-9999.9,000048b02dd3c6d5,registry.sagecontinuum.org/kaludib/waggle-aqt530:1.00,vaisala-aqt530,waggle-aqt530,microgram per cubic meter,W095,core,W095
2026-07-14 06:55:03.997229332+00:00,aqt.particle.pm2.5,0.0,5min,Particulate Matter less than 2.5 microns in diameter,000048b02dd3c6d5.ws-nxcore,waggle-aqt530-5511,-9999.9,000048b02dd3c6d5,registry.sagecontinuum.org/kaludib/waggle-aqt530:1.00,vaisala-aqt530,waggle-aqt530,microgram per cubic meter,W095,core,W095
2026-07-14 07:00:03.213632242+00:00,aqt.particle.pm2.5,0.2,5min,Particulate Matter less than 2.5 microns in diameter,000048b02dd3c6d5.ws-nxcore,waggle-aqt530-5511,-9999.9,000048b02dd3c6d5,registry.sagecontinuum.org/kaludib/waggle-aqt530:1.00,vaisala-aqt530,waggle-aqt530,microgram per cubic meter,W095,core,W095
2026-07-14 07:05:03.434186010+00:00,aqt.particle.pm2.5,0.2,5min,Particulate Matter less than 2.5 microns in diameter,000048b02dd3c6d5.ws-nxcore,waggle-aqt530-5511,-9999.9,000048b02dd3c6d5,registry.sagecontinuum.org/kaludib/waggle-aqt530:1.00,vaisala-aqt530,waggle-aqt530,microgram per cubic meter,W095,core,W095
2026-07-14 07:10:03.657047871+00:00,aqt.particle.pm2.5,0.3,5min,Particulate Matter less than 2.5 microns in diameter,000048b02dd3c6d5.ws-nxcore,waggle-aqt530-5511,-9999.9,000048b02dd3c6d5,registry.sagecontinuum.org/kaludib/waggle-aqt530:1.00,vaisala-aqt530,waggle-aqt530,microgram per cubic meter,W095,core,W095
2026-07-14 07:15:03.852282192+00:00,aqt.particle.pm2.5,0.2,5min,Particulate Matter less than 2.5 microns in diameter,000048b02dd3c6d5.ws-nxcore,waggle-aqt530-5511,-9999.9,000048b02dd3c6d5,registry.sagecontinuum.org/kaludib/waggle-aqt530:1.00,vaisala-aqt530,waggle-aqt530,microgram per cubic meter,W095,core,W095
2026-07-14 07:20:03.056891438+00:00,aqt.particle.pm2.5,0.4,5min,Particulate Matter less than 2.5 microns in diameter,000048b02dd3c6d5.ws-nxcore,waggle-aqt530-5511,-9999.9,000048b02dd3c6d5,registry.sagecontinuum.org/kaludib/waggle-aqt530:1.00,vaisala-aqt530,waggle-aqt530,microgram per cubic meter,W095,core,W095
2026-07-14 07:25:03.271429355+00:00,aqt.particle.pm2.5,1.7,5min,Particulate Matter less than 2.5 microns in diameter,000048b02dd3c6d5.ws-nxcore,waggle-aqt530-5511,-9999.9,000048b02dd3c6d5,registry.sagecontinuum.org/kaludib/waggle-aqt530:1.00,vaisala-aqt530,waggle-aqt530,microgram per cubic meter,W095,core,W095
2026-07-14 07:30:03.488528446+00:00,aqt.particle.pm2.5,4.1,5min,Particulate Matter less than 2.5 microns in diameter,000048b02dd3c6d5.ws-nxcore,waggle-aqt530-5511,-9999.9,000048b02dd3c6d5,registry.sagecontinuum.org/kaludib/waggle-aqt530:1.00,vaisala-aqt530,waggle-aqt530,microgram per cubic meter,W095,core,W095
2026-07-14 07:35:03.691474478+00:00,aqt.particle.pm2.5,3.2,5min,Particulate Matter less than 2.5 microns in diameter,000048b02dd3c6d5.ws-nxcore,waggle-aqt530-5511,-9999.9,000048b02dd3c6d5,registry.sagecontinuum.org/kaludib/waggle-aqt530:1.00,vaisala-aqt530,waggle-aqt530,microgram per cubic meter,W095,core,W095
2026-07-14 07:40:03.911827552+00:00,aqt.particle.pm2.5,3.7,5min,Particulate Matter less than 2.5 microns in diameter,000048b02dd3c6d5.ws-nxcore,waggle-aqt530-5511,-9999.9,000048b02dd3c6d5,registry.sagecontinuum.org/kaludib/waggle-aqt530:1.00,vaisala-aqt530,waggle-aqt530,microgram per cubic meter,W095,core,W095
2026-07-14 07:45:03.121643156+00:00,aqt.particle.pm2.5,2.6,5min,Particulate Matter less than 2.5 microns in diameter,000048b02dd3c6d5.ws-nxcore,waggle-aqt530-5511,-9999.9,000048b02dd3c6d5,registry.sagecontinuum.org/kaludib/waggle-aqt530:1.00,vaisala-aqt530,waggle-aqt530,microgram per cubic meter,W095,core,W095
2026-07-14 07:50:03.335552632+00:00,aqt.particle.pm2.5,3.9,5min,Particulate Matter less than 2.5 microns in diameter,000048b02dd3c6d5.ws-nxcore,waggle-aqt530-5511,-9999.9,000048b02dd3c6d5,registry.sagecontinuum.org/kaludib/waggle-aqt530:1.00,vaisala-aqt530,waggle-aqt530,microgram per cubic meter,W095,core,W095
2026-07-14 07:55:03.535567842+00:00,aqt.particle.pm2.5,7.2,5min,Particulate Matter less than 2.5 microns in diameter,000048b02dd3c6d5.ws-nxcore,waggle-aqt530-5511,-9999.9,000048b02dd3c6d5,registry.sagecontinuum.org/kaludib/waggle-aqt530:1.00,vaisala-aqt530,waggle-aqt530,microgram per cubic meter,W095,core,W095
2026-07-14 08:00:03.752113195+00:00,aqt.particle.pm2.5,10.5,5min,Particulate Matter less than 2.5 microns in diameter,000048b02dd3c6d5.ws-nxcore,waggle-aqt530-5511,-9999.9,000048b02dd3c6d5,registry.sagecontinuum.org/kaludib/waggle-aqt530:1.00,vaisala-aqt530,waggle-aqt530,microgram per cubic meter,W095,core,W095
2026-07-14 08:05:03.969427224+00:00,aqt.particle.pm2.5,2.7,5min,Particulate Matter less than 2.5 microns in diameter,000048b02dd3c6d5.ws-nxcore,waggle-aqt530-5511,-9999.9,000048b02dd3c6d5,registry.sagecontinuum.org/kaludib/waggle-aqt530:1.00,vaisala-aqt530,waggle-aqt530,microgram per cubic meter,W095,core,W095
2026-07-14 08:10:03.179537530+00:00,aqt.particle.pm2.5,1.1,5min,Particulate Matter less than 2.5 microns in diameter,000048b02dd3c6d5.ws-nxcore,waggle-aqt530-5511,-9999.9,000048b02dd3c6d5,registry.sagecontinuum.org/kaludib/waggle-aqt530:1.00,vaisala-aqt530,waggle-aqt530,microgram per cubic meter,W095,core,W095
2026-07-14 08:15:03.397355610+00:00,aqt.particle.pm2.5,0.0,5min,Particulate Matter less than 2.5 microns in diameter,000048b02dd3c6d5.ws-nxcore,waggle-aqt530-5511,-9999.9,000048b02dd3c6d5,registry.sagecontinuum.org/kaludib/waggle-aqt530:1.00,vaisala-aqt530,waggle-aqt530,microgram per cubic meter,W095,core,W095
2026-07-14 08:20:03.601514932+00:00,aqt.particle.pm2.5,0.0,5min,Particulate Matter less than 2.5 microns in diameter,000048b02dd3c6d5.ws-nxcore,waggle-aqt530-5511,-9999.9,000048b02dd3c6d5,registry.sagecontinuum.org/kaludib/waggle-aqt530:1.00,vaisala-aqt530,waggle-aqt530,microgram per cubic meter,W095,core,W095
2026-07-14 08:25:03.818645596+00:00,aqt.particle.pm2.5,0.0,5min,Particulate Matter less than 2.5 microns in diameter,000048b02dd3c6d5.ws-nxcore,waggle-aqt530-5511,-9999.9,000048b02dd3c6d5,registry.sagecontinuum.org/kaludib/waggle-aqt530:1.00,vaisala-aqt530,waggle-aqt530,microgram per cubic meter,W095,core,W095
2026-07-14 08:30:03.029516081+00:00,aqt.particle.pm2.5,0.0,5min,Particulate Matter less than 2.5 microns in diameter,000048b02dd3c6d5.ws-nxcore,waggle-aqt530-5511,-9999.9,000048b02dd3c6d5,registry.sagecontinuum.org/kaludib/waggle-aqt530:1.00,vaisala-aqt530,waggle-aqt530,microgram per cubic meter,W095,core,W095
2026-07-14 08:35:03.247623159+00:00,aqt.particle.pm2.5,0.0,5min,Particulate Matter less than 2.5 microns in diameter,000048b02dd3c6d5.ws-nxcore,waggle-aqt530-5511,-9999.9,000048b02dd3c6d5,registry.sagecontinuum.org/kaludib/waggle-aqt530:1.00,vaisala-aqt530,waggle-aqt530,microgram per cubic meter,W095,core,W095
2026-07-14 08:40:03.472758661+00:00,aqt.particle.pm2.5,1.4,5min,Particulate Matter less than 2.5 microns in diameter,000048b02dd3c6d5.ws-nxcore,waggle-aqt530-5511,-9999.9,000048b02dd3c6d5,registry.sagecontinuum.org/kaludib/waggle-aqt530:1.00,vaisala-aqt530,waggle-aqt530,microgram per cubic meter,W095,core,W095
2026-07-14 08:45:03.705954793+00:00,aqt.particle.pm2.5,0.0,5min,Particulate Matter less than 2.5 microns in diameter,000048b02dd3c6d5.ws-nxcore,waggle-aqt530-5511,-9999.9,000048b02dd3c6d5,registry.sagecontinuum.org/kaludib/waggle-aqt530:1.00,vaisala-aqt530,waggle-aqt530,microgram per cubic meter,W095,core,W095
2026-07-14 08:50:03.953307138+00:00,aqt.particle.pm2.5,0.0,5min,Particulate Matter less than 2.5 microns in diameter,000048b02dd3c6d5.ws-nxcore,waggle-aqt530-5511,-9999.9,000048b02dd3c6d5,registry.sagecontinuum.org/kaludib/waggle-aqt530:1.00,vaisala-aqt530,waggle-aqt530,microgram per cubic meter,W095,core,W095
2026-07-14 08:55:03.154472800+00:00,aqt.particle.pm2.5,3.9,5min,Particulate Matter less than 2.5 microns in diameter,000048b02dd3c6d5.ws-nxcore,waggle-aqt530-5511,-9999.9,000048b02dd3c6d5,registry.sagecontinuum.org/kaludib/waggle-aqt530:1.00,vaisala-aqt530,waggle-aqt530,microgram per cubic meter,W095,core,W095
2026-07-14 09:00:03.365687620+00:00,aqt.particle.pm2.5,1.5,5min,Particulate Matter less than 2.5 microns in diameter,000048b02dd3c6d5.ws-nxcore,waggle-aqt530-5511,-9999.9,000048b02dd3c6d5,registry.sagecontinuum.org/kaludib/waggle-aqt530:1.00,vaisala-aqt530,waggle-aqt530,microgram per cubic meter,W095,core,W095
2026-07-14 09:05:03.587421325+00:00,aqt.particle.pm2.5,2.8,5min,Particulate Matter less than 2.5 microns in diameter,000048b02dd3c6d5.ws-nxcore,waggle-aqt530-5511,-9999.9,000048b02dd3c6d5,registry.sagecontinuum.org/kaludib/waggle-aqt530:1.00,vaisala-aqt530,waggle-aqt530,microgram per cubic meter,W095,core,W095
2026-07-14 09:10:03.811504308+00:00,aqt.particle.pm2.5,1.8,5min,Particulate Matter less than 2.5 microns in diameter,000048b02dd3c6d5.ws-nxcore,waggle-aqt530-5511,-9999.9,000048b02dd3c6d5,registry.sagecontinuum.org/kaludib/waggle-aqt530:1.00,vaisala-aqt530,waggle-aqt530,microgram per cubic meter,W095,core,W095
2026-07-14 09:15:03.004808169+00:00,aqt.particle.pm2.5,0.9,5min,Particulate Matter less than 2.5 microns in diameter,000048b02dd3c6d5.ws-nxcore,waggle-aqt530-5511,-9999.9,000048b02dd3c6d5,registry.sagecontinuum.org/kaludib/waggle-aqt530:1.00,vaisala-aqt530,waggle-aqt530,microgram per cubic meter,W095,core,W095
2026-07-14 09:20:03.199582914+00:00,aqt.particle.pm2.5,0.9,5min,Particulate Matter less than 2.5 microns in diameter,000048b02dd3c6d5.ws-nxcore,waggle-aqt530-5511,-9999.9,000048b02dd3c6d5,registry.sagecontinuum.org/kaludib/waggle-aqt530:1.00,vaisala-aqt530,waggle-aqt530,microgram per cubic meter,W095,core,W095
2026-07-14 09:25:03.412688541+00:00,aqt.particle.pm2.5,0.9,5min,Particulate Matter less than 2.5 microns in diameter,000048b02dd3c6d5.ws-nxcore,waggle-aqt530-5511,-9999.9,000048b02dd3c6d5,registry.sagecontinuum.org/kaludib/waggle-aqt530:1.00,vaisala-aqt530,waggle-aqt530,microgram per cubic meter,W095,core,W095
2026-07-14 09:30:03.628579636+00:00,aqt.particle.pm2.5,0.9,5min,Particulate Matter less than 2.5 microns in diameter,000048b02dd3c6d5.ws-nxcore,waggle-aqt530-5511,-9999.9,000048b02dd3c6d5,registry.sagecontinuum.org/kaludib/waggle-aqt530:1.00,vaisala-aqt530,waggle-aqt530,microgram per cubic meter,W095,core,W095
2026-07-14 09:35:03.831944702+00:00,aqt.particle.pm2.5,1.6,5min,Particulate Matter less than 2.5 microns in diameter,000048b02dd3c6d5.ws-nxcore,waggle-aqt530-5511,-9999.9,000048b02dd3c6d5,registry.sagecontinuum.org/kaludib/waggle-aqt530:1.00,vaisala-aqt530,waggle-aqt530,microgram per cubic meter,W095,core,W095
2026-07-14 09:40:03.056740400+00:00,aqt.particle.pm2.5,1.3,5min,Particulate Matter less than 2.5 microns in diameter,000048b02dd3c6d5.ws-nxcore,waggle-aqt530-5511,-9999.9,000048b02dd3c6d5,registry.sagecontinuum.org/kaludib/waggle-aqt530:1.00,vaisala-aqt530,waggle-aqt530,microgram per cubic meter,W095,core,W095
2026-07-14 09:45:03.262325561+00:00,aqt.particle.pm2.5,1.8,5min,Particulate Matter less than 2.5 microns in diameter,000048b02dd3c6d5.ws-nxcore,waggle-aqt530-5511,-9999.9,000048b02dd3c6d5,registry.sagecontinuum.org/kaludib/waggle-aqt530:1.00,vaisala-aqt530,waggle-aqt530,microgram per cubic meter,W095,core,W095
2026-07-14 09:50:03.487640973+00:00,aqt.particle.pm2.5,2.0,5min,Particulate Matter less than 2.5 microns in diameter,000048b02dd3c6d5.ws-nxcore,waggle-aqt530-5511,-9999.9,000048b02dd3c6d5,registry.sagecontinuum.org/kaludib/waggle-aqt530:1.00,vaisala-aqt530,waggle-aqt530,microgram per cubic meter,W095,core,W095
2026-07-14 09:55:03.696937473+00:00,aqt.particle.pm2.5,1.6,5min,Particulate Matter less than 2.5 microns in diameter,000048b02dd3c6d5.ws-nxcore,waggle-aqt530-5511,-9999.9,000048b02dd3c6d5,registry.sagecontinuum.org/kaludib/waggle-aqt530:1.00,vaisala-aqt530,waggle-aqt530,microgram per cubic meter,W095,core,W095
2026-07-14 10:00:03.916260585+00:00,aqt.particle.pm2.5,0.7,5min,Particulate Matter less than 2.5 microns in diameter,000048b02dd3c6d5.ws-nxcore,waggle-aqt530-5511,-9999.9,000048b02dd3c6d5,registry.sagecontinuum.org/kaludib/waggle-aqt530:1.00,vaisala-aqt530,waggle-aqt530,microgram per cubic meter,W095,core,W095
2026-07-14 10:05:03.129848524+00:00,aqt.particle.pm2.5,0.8,5min,Particulate Matter less than 2.5 microns in diameter,000048b02dd3c6d5.ws-nxcore,waggle-aqt530-5511,-9999.9,000048b02dd3c6d5,registry.sagecontinuum.org/kaludib/waggle-aqt530:1.00,vaisala-aqt530,waggle-aqt530,microgram per cubic meter,W095,core,W095
2026-07-14 10:10:03.350066213+00:00,aqt.particle.pm2.5,0.9,5min,Particulate Matter less than 2.5 microns in diameter,000048b02dd3c6d5.ws-nxcore,waggle-aqt530-5511,-9999.9,000048b02dd3c6d5,registry.sagecontinuum.org/kaludib/waggle-aqt530:1.00,vaisala-aqt530,waggle-aqt530,microgram per cubic meter,W095,core,W095
2026-07-14 10:15:03.570225105+00:00,aqt.particle.pm2.5,1.2,5min,Particulate Matter less than 2.5 microns in diameter,000048b02dd3c6d5.ws-nxcore,waggle-aqt530-5511,-9999.9,000048b02dd3c6d5,registry.sagecontinuum.org/kaludib/waggle-aqt530:1.00,vaisala-aqt530,waggle-aqt530,microgram per cubic meter,W095,core,W095
2026-07-14 10:20:03.774809388+00:00,aqt.particle.pm2.5,1.5,5min,Particulate Matter less than 2.5 microns in diameter,000048b02dd3c6d5.ws-nxcore,waggle-aqt530-5511,-9999.9,000048b02dd3c6d5,registry.sagecontinuum.org/kaludib/waggle-aqt530:1.00,vaisala-aqt530,waggle-aqt530,microgram per cubic meter,W095,core,W095
2026-07-14 10:25:02.980899501+00:00,aqt.particle.pm2.5,2.0,5min,Particulate Matter less than 2.5 microns in diameter,000048b02dd3c6d5.ws-nxcore,waggle-aqt530-5511,-9999.9,000048b02dd3c6d5,registry.sagecontinuum.org/kaludib/waggle-aqt530:1.00,vaisala-aqt530,waggle-aqt530,microgram per cubic meter,W095,core,W095
2026-07-14 10:30:03.218674576+00:00,aqt.particle.pm2.5,3.4,5min,Particulate Matter less than 2.5 microns in diameter,000048b02dd3c6d5.ws-nxcore,waggle-aqt530-5511,-9999.9,000048b02dd3c6d5,registry.sagecontinuum.org/kaludib/waggle-aqt530:1.00,vaisala-aqt530,waggle-aqt530,microgram per cubic meter,W095,core,W095
2026-07-14 10:35:03.414307851+00:00,aqt.particle.pm2.5,2.0,5min,Particulate Matter less than 2.5 microns in diameter,000048b02dd3c6d5.ws-nxcore,waggle-aqt530-5511,-9999.9,000048b02dd3c6d5,registry.sagecontinuum.org/kaludib/waggle-aqt530:1.00,vaisala-aqt530,waggle-aqt530,microgram per cubic meter,W095,core,W095
2026-07-14 10:40:03.619153087+00:00,aqt.particle.pm2.5,3.2,5min,Particulate Matter less than 2.5 microns in diameter,000048b02dd3c6d5.ws-nxcore,waggle-aqt530-5511,-9999.9,000048b02dd3c6d5,registry.sagecontinuum.org/kaludib/waggle-aqt530:1.00,vaisala-aqt530,waggle-aqt530,microgram per cubic meter,W095,core,W095
2026-07-14 10:45:03.837442541+00:00,aqt.particle.pm2.5,2.3,5min,Particulate Matter less than 2.5 microns in diameter,000048b02dd3c6d5.ws-nxcore,waggle-aqt530-5511,-9999.9,000048b02dd3c6d5,registry.sagecontinuum.org/kaludib/waggle-aqt530:1.00,vaisala-aqt530,waggle-aqt530,microgram per cubic meter,W095,core,W095
2026-07-14 10:50:03.048252699+00:00,aqt.particle.pm2.5,0.6,5min,Particulate Matter less than 2.5 microns in diameter,000048b02dd3c6d5.ws-nxcore,waggle-aqt530-5511,-9999.9,000048b02dd3c6d5,registry.sagecontinuum.org/kaludib/waggle-aqt530:1.00,vaisala-aqt530,waggle-aqt530,microgram per cubic meter,W095,core,W095
2026-07-14 10:55:03.286100280+00:00,aqt.particle.pm2.5,1.6,5min,Particulate Matter less than 2.5 microns in diameter,000048b02dd3c6d5.ws-nxcore,waggle-aqt530-5511,-9999.9,000048b02dd3c6d5,registry.sagecontinuum.org/kaludib/waggle-aqt530:1.00,vaisala-aqt530,waggle-aqt530,microgram per cubic meter,W095,core,W095
2026-07-14 11:00:03.517301627+00:00,aqt.particle.pm2.5,2.6,5min,Particulate Matter less than 2.5 microns in diameter,000048b02dd3c6d5.ws-nxcore,waggle-aqt530-5511,-9999.9,000048b02dd3c6d5,registry.sagecontinuum.org/kaludib/waggle-aqt530:1.00,vaisala-aqt530,waggle-aqt530,microgram per cubic meter,W095,core,W095
2026-07-14 11:05:03.754028569+00:00,aqt.particle.pm2.5,3.4,5min,Particulate Matter less than 2.5 microns in diameter,000048b02dd3c6d5.ws-nxcore,waggle-aqt530-5511,-9999.9,000048b02dd3c6d5,registry.sagecontinuum.org/kaludib/waggle-aqt530:1.00,vaisala-aqt530,waggle-aqt530,microgram per cubic meter,W095,core,W095
2026-07-14 11:10:02.987125190+00:00,aqt.particle.pm2.5,3.2,5min,Particulate Matter less than 2.5 microns in diameter,000048b02dd3c6d5.ws-nxcore,waggle-aqt530-5511,-9999.9,000048b02dd3c6d5,registry.sagecontinuum.org/kaludib/waggle-aqt530:1.00,vaisala-aqt530,waggle-aqt530,microgram per cubic meter,W095,core,W095
2026-07-14 11:15:03.210189635+00:00,aqt.particle.pm2.5,5.7,5min,Particulate Matter less than 2.5 microns in diameter,000048b02dd3c6d5.ws-nxcore,waggle-aqt530-5511,-9999.9,000048b02dd3c6d5,registry.sagecontinuum.org/kaludib/waggle-aqt530:1.00,vaisala-aqt530,waggle-aqt530,microgram per cubic meter,W095,core,W095
2026-07-14 11:20:03.437045903+00:00,aqt.particle.pm2.5,4.8,5min,Particulate Matter less than 2.5 microns in diameter,000048b02dd3c6d5.ws-nxcore,waggle-aqt530-5511,-9999.9,000048b02dd3c6d5,registry.sagecontinuum.org/kaludib/waggle-aqt530:1.00,vaisala-aqt530,waggle-aqt530,microgram per cubic meter,W095,core,W095
2026-07-14 11:25:03.651049872+00:00,aqt.particle.pm2.5,1.8,5min,Particulate Matter less than 2.5 microns in diameter,000048b02dd3c6d5.ws-nxcore,waggle-aqt530-5511,-9999.9,000048b02dd3c6d5,registry.sagecontinuum.org/kaludib/waggle-aqt530:1.00,vaisala-aqt530,waggle-aqt530,microgram per cubic meter,W095,core,W095
2026-07-14 11:30:03.843929110+00:00,aqt.particle.pm2.5,1.2,5min,Particulate Matter less than 2.5 microns in diameter,000048b02dd3c6d5.ws-nxcore,waggle-aqt530-5511,-9999.9,000048b02dd3c6d5,registry.sagecontinuum.org/kaludib/waggle-aqt530:1.00,vaisala-aqt530,waggle-aqt530,microgram per cubic meter,W095,core,W095
2026-07-14 11:35:03.032895005+00:00,aqt.particle.pm2.5,2.5,5min,Particulate Matter less than 2.5 microns in diameter,000048b02dd3c6d5.ws-nxcore,waggle-aqt530-5511,-9999.9,000048b02dd3c6d5,registry.sagecontinuum.org/kaludib/waggle-aqt530:1.00,vaisala-aqt530,waggle-aqt530,microgram per cubic meter,W095,core,W095
2026-07-14 11:40:03.237539747+00:00,aqt.particle.pm2.5,2.8,5min,Particulate Matter less than 2.5 microns in diameter,000048b02dd3c6d5.ws-nxcore,waggle-aqt530-5511,-9999.9,000048b02dd3c6d5,registry.sagecontinuum.org/kaludib/waggle-aqt530:1.00,vaisala-aqt530,waggle-aqt530,microgram per cubic meter,W095,core,W095
2026-07-14 11:45:03.435242736+00:00,aqt.particle.pm2.5,2.2,5min,Particulate Matter less than 2.5 microns in diameter,000048b02dd3c6d5.ws-nxcore,waggle-aqt530-5511,-9999.9,000048b02dd3c6d5,registry.sagecontinuum.org/kaludib/waggle-aqt530:1.00,vaisala-aqt530,waggle-aqt530,microgram per cubic meter,W095,core,W095
2026-07-14 11:50:03.650709749+00:00,aqt.particle.pm2.5,2.1,5min,Particulate Matter less than 2.5 microns in diameter,000048b02dd3c6d5.ws-nxcore,waggle-aqt530-5511,-9999.9,000048b02dd3c6d5,registry.sagecontinuum.org/kaludib/waggle-aqt530:1.00,vaisala-aqt530,waggle-aqt530,microgram per cubic meter,W095,core,W095
2026-07-14 11:55:02.860884209+00:00,aqt.particle.pm2.5,1.5,5min,Particulate Matter less than 2.5 microns in diameter,000048b02dd3c6d5.ws-nxcore,waggle-aqt530-5511,-9999.9,000048b02dd3c6d5,registry.sagecontinuum.org/kaludib/waggle-aqt530:1.00,vaisala-aqt530,waggle-aqt530,microgram per cubic meter,W095,core,W095
2026-07-14 12:00:03.079866474+00:00,aqt.particle.pm2.5,1.5,5min,Particulate Matter less than 2.5 microns in diameter,000048b02dd3c6d5.ws-nxcore,waggle-aqt530-5511,-9999.9,000048b02dd3c6d5,registry.sagecontinuum.org/kaludib/waggle-aqt530:1.00,vaisala-aqt530,waggle-aqt530,microgram per cubic meter,W095,core,W095
2026-07-14 12:05:03.306342280+00:00,aqt.particle.pm2.5,1.7,5min,Particulate Matter less than 2.5 microns in diameter,000048b02dd3c6d5.ws-nxcore,waggle-aqt530-5511,-9999.9,000048b02dd3c6d5,registry.sagecontinuum.org/kaludib/waggle-aqt530:1.00,vaisala-aqt530,waggle-aqt530,microgram per cubic meter,W095,core,W095
2026-07-14 12:10:03.537426773+00:00,aqt.particle.pm2.5,1.3,5min,Particulate Matter less than 2.5 microns in diameter,000048b02dd3c6d5.ws-nxcore,waggle-aqt530-5511,-9999.9,000048b02dd3c6d5,registry.sagecontinuum.org/kaludib/waggle-aqt530:1.00,vaisala-aqt530,waggle-aqt530,microgram per cubic meter,W095,core,W095
2026-07-14 12:15:03.767280118+00:00,aqt.particle.pm2.5,1.0,5min,Particulate Matter less than 2.5 microns in diameter,000048b02dd3c6d5.ws-nxcore,waggle-aqt530-5511,-9999.9,000048b02dd3c6d5,registry.sagecontinuum.org/kaludib/waggle-aqt530:1.00,vaisala-aqt530,waggle-aqt530,microgram per cubic meter,W095,core,W095
2026-07-14 12:20:02.985947366+00:00,aqt.particle.pm2.5,0.1,5min,Particulate Matter less than 2.5 microns in diameter,000048b02dd3c6d5.ws-nxcore,waggle-aqt530-5511,-9999.9,000048b02dd3c6d5,registry.sagecontinuum.org/kaludib/waggle-aqt530:1.00,vaisala-aqt530,waggle-aqt530,microgram per cubic meter,W095,core,W095
2026-07-14 12:25:03.197625932+00:00,aqt.particle.pm2.5,0.5,5min,Particulate Matter less than 2.5 microns in diameter,000048b02dd3c6d5.ws-nxcore,waggle-aqt530-5511,-9999.9,000048b02dd3c6d5,registry.sagecontinuum.org/kaludib/waggle-aqt530:1.00,vaisala-aqt530,waggle-aqt530,microgram per cubic meter,W095,core,W095
2026-07-14 12:30:03.422780140+00:00,aqt.particle.pm2.5,0.4,5min,Particulate Matter less than 2.5 microns in diameter,000048b02dd3c6d5.ws-nxcore,waggle-aqt530-5511,-9999.9,000048b02dd3c6d5,registry.sagecontinuum.org/kaludib/waggle-aqt530:1.00,vaisala-aqt530,waggle-aqt530,microgram per cubic meter,W095,core,W095
2026-07-14 12:35:03.644357480+00:00,aqt.particle.pm2.5,0.2,5min,Particulate Matter less than 2.5 microns in diameter,000048b02dd3c6d5.ws-nxcore,waggle-aqt530-5511,-9999.9,000048b02dd3c6d5,registry.sagecontinuum.org/kaludib/waggle-aqt530:1.00,vaisala-aqt530,waggle-aqt530,microgram per cubic meter,W095,core,W095
2026-07-14 12:40:03.815812696+00:00,aqt.particle.pm2.5,0.3,5min,Particulate Matter less than 2.5 microns in diameter,000048b02dd3c6d5.ws-nxcore,waggle-aqt530-5511,-9999.9,000048b02dd3c6d5,registry.sagecontinuum.org/kaludib/waggle-aqt530:1.00,vaisala-aqt530,waggle-aqt530,microgram per cubic meter,W095,core,W095
2026-07-14 12:45:03.023096322+00:00,aqt.particle.pm2.5,1.0,5min,Particulate Matter less than 2.5 microns in diameter,000048b02dd3c6d5.ws-nxcore,waggle-aqt530-5511,-9999.9,000048b02dd3c6d5,registry.sagecontinuum.org/kaludib/waggle-aqt530:1.00,vaisala-aqt530,waggle-aqt530,microgram per cubic meter,W095,core,W095
2026-07-14 12:50:03.272856025+00:00,aqt.particle.pm2.5,0.5,5min,Particulate Matter less than 2.5 microns in diameter,000048b02dd3c6d5.ws-nxcore,waggle-aqt530-5511,-9999.9,000048b02dd3c6d5,registry.sagecontinuum.org/kaludib/waggle-aqt530:1.00,vaisala-aqt530,waggle-aqt530,microgram per cubic meter,W095,core,W095
2026-07-14 12:55:03.429641794+00:00,aqt.particle.pm2.5,2.0,5min,Particulate Matter less than 2.5 microns in diameter,000048b02dd3c6d5.ws-nxcore,waggle-aqt530-5511,-9999.9,000048b02dd3c6d5,registry.sagecontinuum.org/kaludib/waggle-aqt530:1.00,vaisala-aqt530,waggle-aqt530,microgram per cubic meter,W095,core,W095
2026-07-14 13:00:03.629827998+00:00,aqt.particle.pm2.5,2.5,5min,Particulate Matter less than 2.5 microns in diameter,000048b02dd3c6d5.ws-nxcore,waggle-aqt530-5511,-9999.9,000048b02dd3c6d5,registry.sagecontinuum.org/kaludib/waggle-aqt530:1.00,vaisala-aqt530,waggle-aqt530,microgram per cubic meter,W095,core,W095
2026-07-14 13:05:02.839146367+00:00,aqt.particle.pm2.5,6.5,5min,Particulate Matter less than 2.5 microns in diameter,000048b02dd3c6d5.ws-nxcore,waggle-aqt530-5511,-9999.9,000048b02dd3c6d5,registry.sagecontinuum.org/kaludib/waggle-aqt530:1.00,vaisala-aqt530,waggle-aqt530,microgram per cubic meter,W095,core,W095
2026-07-14 13:10:03.058391749+00:00,aqt.particle.pm2.5,1.8,5min,Particulate Matter less than 2.5 microns in diameter,000048b02dd3c6d5.ws-nxcore,waggle-aqt530-5511,-9999.9,000048b02dd3c6d5,registry.sagecontinuum.org/kaludib/waggle-aqt530:1.00,vaisala-aqt530,waggle-aqt530,microgram per cubic meter,W095,core,W095
2026-07-14 13:15:03.284152760+00:00,aqt.particle.pm2.5,0.1,5min,Particulate Matter less than 2.5 microns in diameter,000048b02dd3c6d5.ws-nxcore,waggle-aqt530-5511,-9999.9,000048b02dd3c6d5,registry.sagecontinuum.org/kaludib/waggle-aqt530:1.00,vaisala-aqt530,waggle-aqt530,microgram per cubic meter,W095,core,W095
2026-07-14 13:20:03.492917477+00:00,aqt.particle.pm2.5,0.1,5min,Particulate Matter less than 2.5 microns in diameter,000048b02dd3c6d5.ws-nxcore,waggle-aqt530-5511,-9999.9,000048b02dd3c6d5,registry.sagecontinuum.org/kaludib/waggle-aqt530:1.00,vaisala-aqt530,waggle-aqt530,microgram per cubic meter,W095,core,W095
2026-07-14 13:25:03.715081916+00:00,aqt.particle.pm2.5,0.2,5min,Particulate Matter less than 2.5 microns in diameter,000048b02dd3c6d5.ws-nxcore,waggle-aqt530-5511,-9999.9,000048b02dd3c6d5,registry.sagecontinuum.org/kaludib/waggle-aqt530:1.00,vaisala-aqt530,waggle-aqt530,microgram per cubic meter,W095,core,W095
2026-07-14 13:30:02.930954556+00:00,aqt.particle.pm2.5,4.9,5min,Particulate Matter less than 2.5 microns in diameter,000048b02dd3c6d5.ws-nxcore,waggle-aqt530-5511,-9999.9,000048b02dd3c6d5,registry.sagecontinuum.org/kaludib/waggle-aqt530:1.00,vaisala-aqt530,waggle-aqt530,microgram per cubic meter,W095,core,W095
2026-07-14 13:35:03.149009455+00:00,aqt.particle.pm2.5,3.2,5min,Particulate Matter less than 2.5 microns in diameter,000048b02dd3c6d5.ws-nxcore,waggle-aqt530-5511,-9999.9,000048b02dd3c6d5,registry.sagecontinuum.org/kaludib/waggle-aqt530:1.00,vaisala-aqt530,waggle-aqt530,microgram per cubic meter,W095,core,W095
2026-07-14 13:40:03.359518165+00:00,aqt.particle.pm2.5,2.5,5min,Particulate Matter less than 2.5 microns in diameter,000048b02dd3c6d5.ws-nxcore,waggle-aqt530-5511,-9999.9,000048b02dd3c6d5,registry.sagecontinuum.org/kaludib/waggle-aqt530:1.00,vaisala-aqt530,waggle-aqt530,microgram per cubic meter,W095,core,W095
2026-07-14 13:45:03.573033741+00:00,aqt.particle.pm2.5,3.3,5min,Particulate Matter less than 2.5 microns in diameter,000048b02dd3c6d5.ws-nxcore,waggle-aqt530-5511,-9999.9,000048b02dd3c6d5,registry.sagecontinuum.org/kaludib/waggle-aqt530:1.00,vaisala-aqt530,waggle-aqt530,microgram per cubic meter,W095,core,W095
2026-07-14 13:50:02.779437593+00:00,aqt.particle.pm2.5,3.3,5min,Particulate Matter less than 2.5 microns in diameter,000048b02dd3c6d5.ws-nxcore,waggle-aqt530-5511,-9999.9,000048b02dd3c6d5,registry.sagecontinuum.org/kaludib/waggle-aqt530:1.00,vaisala-aqt530,waggle-aqt530,microgram per cubic meter,W095,core,W095
2026-07-14 13:55:02.996661207+00:00,aqt.particle.pm2.5,4.8,5min,Particulate Matter less than 2.5 microns in diameter,000048b02dd3c6d5.ws-nxcore,waggle-aqt530-5511,-9999.9,000048b02dd3c6d5,registry.sagecontinuum.org/kaludib/waggle-aqt530:1.00,vaisala-aqt530,waggle-aqt530,microgram per cubic meter,W095,core,W095
2026-07-14 14:00:03.200154129+00:00,aqt.particle.pm2.5,3.1,5min,Particulate Matter less than 2.5 microns in diameter,000048b02dd3c6d5.ws-nxcore,waggle-aqt530-5511,-9999.9,000048b02dd3c6d5,registry.sagecontinuum.org/kaludib/waggle-aqt530:1.00,vaisala-aqt530,waggle-aqt530,microgram per cubic meter,W095,core,W095
2026-07-14 14:05:03.419036243+00:00,aqt.particle.pm2.5,0.3,5min,Particulate Matter less than 2.5 microns in diameter,000048b02dd3c6d5.ws-nxcore,waggle-aqt530-5511,-9999.9,000048b02dd3c6d5,registry.sagecontinuum.org/kaludib/waggle-aqt530:1.00,vaisala-aqt530,waggle-aqt530,microgram per cubic meter,W095,core,W095
2026-07-14 14:10:03.636494401+00:00,aqt.particle.pm2.5,3.2,5min,Particulate Matter less than 2.5 microns in diameter,000048b02dd3c6d5.ws-nxcore,waggle-aqt530-5511,-9999.9,000048b02dd3c6d5,registry.sagecontinuum.org/kaludib/waggle-aqt530:1.00,vaisala-aqt530,waggle-aqt530,microgram per cubic meter,W095,core,W095
2026-07-14 14:15:02.849377623+00:00,aqt.particle.pm2.5,4.3,5min,Particulate Matter less than 2.5 microns in diameter,000048b02dd3c6d5.ws-nxcore,waggle-aqt530-5511,-9999.9,000048b02dd3c6d5,registry.sagecontinuum.org/kaludib/waggle-aqt530:1.00,vaisala-aqt530,waggle-aqt530,microgram per cubic meter,W095,core,W095
2026-07-14 14:20:03.055260518+00:00,aqt.particle.pm2.5,8.5,5min,Particulate Matter less than 2.5 microns in diameter,000048b02dd3c6d5.ws-nxcore,waggle-aqt530-5511,-9999.9,000048b02dd3c6d5,registry.sagecontinuum.org/kaludib/waggle-aqt530:1.00,vaisala-aqt530,waggle-aqt530,microgram per cubic meter,W095,core,W095
2026-07-14 14:25:03.278078272+00:00,aqt.particle.pm2.5,2.2,5min,Particulate Matter less than 2.5 microns in diameter,000048b02dd3c6d5.ws-nxcore,waggle-aqt530-5511,-9999.9,000048b02dd3c6d5,registry.sagecontinuum.org/kaludib/waggle-aqt530:1.00,vaisala-aqt530,waggle-aqt530,microgram per cubic meter,W095,core,W095
2026-07-14 14:30:03.498422341+00:00,aqt.particle.pm2.5,0.4,5min,Particulate Matter less than 2.5 microns in diameter,000048b02dd3c6d5.ws-nxcore,waggle-aqt530-5511,-9999.9,000048b02dd3c6d5,registry.sagecontinuum.org/kaludib/waggle-aqt530:1.00,vaisala-aqt530,waggle-aqt530,microgram per cubic meter,W095,core,W095
2026-07-14 14:35:03.704234106+00:00,aqt.particle.pm2.5,0.4,5min,Particulate Matter less than 2.5 microns in diameter,000048b02dd3c6d5.ws-nxcore,waggle-aqt530-5511,-9999.9,000048b02dd3c6d5,registry.sagecontinuum.org/kaludib/waggle-aqt530:1.00,vaisala-aqt530,waggle-aqt530,microgram per cubic meter,W095,core,W095
2026-07-14 14:40:02.926764398+00:00,aqt.particle.pm2.5,0.7,5min,Particulate Matter less than 2.5 microns in diameter,000048b02dd3c6d5.ws-nxcore,waggle-aqt530-5511,-9999.9,000048b02dd3c6d5,registry.sagecontinuum.org/kaludib/waggle-aqt530:1.00,vaisala-aqt530,waggle-aqt530,microgram per cubic meter,W095,core,W095
2026-07-14 14:45:03.137186510+00:00,aqt.particle.pm2.5,8.0,5min,Particulate Matter less than 2.5 microns in diameter,000048b02dd3c6d5.ws-nxcore,waggle-aqt530-5511,-9999.9,000048b02dd3c6d5,registry.sagecontinuum.org/kaludib/waggle-aqt530:1.00,vaisala-aqt530,waggle-aqt530,microgram per cubic meter,W095,core,W095
2026-07-14 14:50:03.356938820+00:00,aqt.particle.pm2.5,0.7,5min,Particulate Matter less than 2.5 microns in diameter,000048b02dd3c6d5.ws-nxcore,waggle-aqt530-5511,-9999.9,000048b02dd3c6d5,registry.sagecontinuum.org/kaludib/waggle-aqt530:1.00,vaisala-aqt530,waggle-aqt530,microgram per cubic meter,W095,core,W095
2026-07-14 14:55:03.563845456+00:00,aqt.particle.pm2.5,1.0,5min,Particulate Matter less than 2.5 microns in diameter,000048b02dd3c6d5.ws-nxcore,waggle-aqt530-5511,-9999.9,000048b02dd3c6d5,registry.sagecontinuum.org/kaludib/waggle-aqt530:1.00,vaisala-aqt530,waggle-aqt530,microgram per cubic meter,W095,core,W095
2026-07-14 15:00:02.778731019+00:00,aqt.particle.pm2.5,2.7,5min,Particulate Matter less than 2.5 microns in diameter,000048b02dd3c6d5.ws-nxcore,waggle-aqt530-5511,-9999.9,000048b02dd3c6d5,registry.sagecontinuum.org/kaludib/waggle-aqt530:1.00,vaisala-aqt530,waggle-aqt530,microgram per cubic meter,W095,core,W095
2026-07-14 15:05:02.998360416+00:00,aqt.particle.pm2.5,1.8,5min,Particulate Matter less than 2.5 microns in diameter,000048b02dd3c6d5.ws-nxcore,waggle-aqt530-5511,-9999.9,000048b02dd3c6d5,registry.sagecontinuum.org/kaludib/waggle-aqt530:1.00,vaisala-aqt530,waggle-aqt530,microgram per cubic meter,W095,core,W095
2026-07-14 15:10:03.219588234+00:00,aqt.particle.pm2.5,5.1,5min,Particulate Matter less than 2.5 microns in diameter,000048b02dd3c6d5.ws-nxcore,waggle-aqt530-5511,-9999.9,000048b02dd3c6d5,registry.sagecontinuum.org/kaludib/waggle-aqt530:1.00,vaisala-aqt530,waggle-aqt530,microgram per cubic meter,W095,core,W095
2026-07-14 15:15:03.425822797+00:00,aqt.particle.pm2.5,6.2,5min,Particulate Matter less than 2.5 microns in diameter,000048b02dd3c6d5.ws-nxcore,waggle-aqt530-5511,-9999.9,000048b02dd3c6d5,registry.sagecontinuum.org/kaludib/waggle-aqt530:1.00,vaisala-aqt530,waggle-aqt530,microgram per cubic meter,W095,core,W095
2026-07-14 15:20:03.645623893+00:00,aqt.particle.pm2.5,2.8,5min,Particulate Matter less than 2.5 microns in diameter,000048b02dd3c6d5.ws-nxcore,waggle-aqt530-5511,-9999.9,000048b02dd3c6d5,registry.sagecontinuum.org/kaludib/waggle-aqt530:1.00,vaisala-aqt530,waggle-aqt530,microgram per cubic meter,W095,core,W095
2026-07-14 15:25:02.858858175+00:00,aqt.particle.pm2.5,0.3,5min,Particulate Matter less than 2.5 microns in diameter,000048b02dd3c6d5.ws-nxcore,waggle-aqt530-5511,-9999.9,000048b02dd3c6d5,registry.sagecontinuum.org/kaludib/waggle-aqt530:1.00,vaisala-aqt530,waggle-aqt530,microgram per cubic meter,W095,core,W095
2026-07-14 15:30:03.086602100+00:00,aqt.particle.pm2.5,0.3,5min,Particulate Matter less than 2.5 microns in diameter,000048b02dd3c6d5.ws-nxcore,waggle-aqt530-5511,-9999.9,000048b02dd3c6d5,registry.sagecontinuum.org/kaludib/waggle-aqt530:1.00,vaisala-aqt530,waggle-aqt530,microgram per cubic meter,W095,core,W095
2026-07-14 15:35:03.292308856+00:00,aqt.particle.pm2.5,3.8,5min,Particulate Matter less than 2.5 microns in diameter,000048b02dd3c6d5.ws-nxcore,waggle-aqt530-5511,-9999.9,000048b02dd3c6d5,registry.sagecontinuum.org/kaludib/waggle-aqt530:1.00,vaisala-aqt530,waggle-aqt530,microgram per cubic meter,W095,core,W095
2026-07-14 15:40:03.516355230+00:00,aqt.particle.pm2.5,7.5,5min,Particulate Matter less than 2.5 microns in diameter,000048b02dd3c6d5.ws-nxcore,waggle-aqt530-5511,-9999.9,000048b02dd3c6d5,registry.sagecontinuum.org/kaludib/waggle-aqt530:1.00,vaisala-aqt530,waggle-aqt530,microgram per cubic meter,W095,core,W095
2026-07-14 15:45:02.729260306+00:00,aqt.particle.pm2.5,6.4,5min,Particulate Matter less than 2.5 microns in diameter,000048b02dd3c6d5.ws-nxcore,waggle-aqt530-5511,-9999.9,000048b02dd3c6d5,registry.sagecontinuum.org/kaludib/waggle-aqt530:1.00,vaisala-aqt530,waggle-aqt530,microgram per cubic meter,W095,core,W095
2026-07-14 15:50:02.952072058+00:00,aqt.particle.pm2.5,2.0,5min,Particulate Matter less than 2.5 microns in diameter,000048b02dd3c6d5.ws-nxcore,waggle-aqt530-5511,-9999.9,000048b02dd3c6d5,registry.sagecontinuum.org/kaludib/waggle-aqt530:1.00,vaisala-aqt530,waggle-aqt530,microgram per cubic meter,W095,core,W095
2026-07-14 15:55:03.158348110+00:00,aqt.particle.pm2.5,2.0,5min,Particulate Matter less than 2.5 microns in diameter,000048b02dd3c6d5.ws-nxcore,waggle-aqt530-5511,-9999.9,000048b02dd3c6d5,registry.sagecontinuum.org/kaludib/waggle-aqt530:1.00,vaisala-aqt530,waggle-aqt530,microgram per cubic meter,W095,core,W095
2026-07-14 16:00:03.384112124+00:00,aqt.particle.pm2.5,2.1,5min,Particulate Matter less than 2.5 microns in diameter,000048b02dd3c6d5.ws-nxcore,waggle-aqt530-5511,-9999.9,000048b02dd3c6d5,registry.sagecontinuum.org/kaludib/waggle-aqt530:1.00,vaisala-aqt530,waggle-aqt530,microgram per cubic meter,W095,core,W095
2026-07-14 16:05:03.608192967+00:00,aqt.particle.pm2.5,9.9,5min,Particulate Matter less than 2.5 microns in diameter,000048b02dd3c6d5.ws-nxcore,waggle-aqt530-5511,-9999.9,000048b02dd3c6d5,registry.sagecontinuum.org/kaludib/waggle-aqt530:1.00,vaisala-aqt530,waggle-aqt530,microgram per cubic meter,W095,core,W095
2026-07-14 16:10:02.825868400+00:00,aqt.particle.pm2.5,1.4,5min,Particulate Matter less than 2.5 microns in diameter,000048b02dd3c6d5.ws-nxcore,waggle-aqt530-5511,-9999.9,000048b02dd3c6d5,registry.sagecontinuum.org/kaludib/waggle-aqt530:1.00,vaisala-aqt530,waggle-aqt530,microgram per cubic meter,W095,core,W095
2026-07-14 16:15:03.034839272+00:00,aqt.particle.pm2.5,3.1,5min,Particulate Matter less than 2.5 microns in diameter,000048b02dd3c6d5.ws-nxcore,waggle-aqt530-5511,-9999.9,000048b02dd3c6d5,registry.sagecontinuum.org/kaludib/waggle-aqt530:1.00,vaisala-aqt530,waggle-aqt530,microgram per cubic meter,W095,core,W095
2026-07-14 16:20:03.258569823+00:00,aqt.particle.pm2.5,1.3,5min,Particulate Matter less than 2.5 microns in diameter,000048b02dd3c6d5.ws-nxcore,waggle-aqt530-5511,-9999.9,000048b02dd3c6d5,registry.sagecontinuum.org/kaludib/waggle-aqt530:1.00,vaisala-aqt530,waggle-aqt530,microgram per cubic meter,W095,core,W095
2026-07-14 16:25:03.483498294+00:00,aqt.particle.pm2.5,0.4,5min,Particulate Matter less than 2.5 microns in diameter,000048b02dd3c6d5.ws-nxcore,waggle-aqt530-5511,-9999.9,000048b02dd3c6d5,registry.sagecontinuum.org/kaludib/waggle-aqt530:1.00,vaisala-aqt530,waggle-aqt530,microgram per cubic meter,W095,core,W095
2026-07-14 16:30:03.695485933+00:00,aqt.particle.pm2.5,0.6,5min,Particulate Matter less than 2.5 microns in diameter,000048b02dd3c6d5.ws-nxcore,waggle-aqt530-5511,-9999.9,000048b02dd3c6d5,registry.sagecontinuum.org/kaludib/waggle-aqt530:1.00,vaisala-aqt530,waggle-aqt530,microgram per cubic meter,W095,core,W095
2026-07-14 16:35:02.903787689+00:00,aqt.particle.pm2.5,0.5,5min,Particulate Matter less than 2.5 microns in diameter,000048b02dd3c6d5.ws-nxcore,waggle-aqt530-5511,-9999.9,000048b02dd3c6d5,registry.sagecontinuum.org/kaludib/waggle-aqt530:1.00,vaisala-aqt530,waggle-aqt530,microgram per cubic meter,W095,core,W095
2026-07-14 16:40:03.121858737+00:00,aqt.particle.pm2.5,0.6,5min,Particulate Matter less than 2.5 microns in diameter,000048b02dd3c6d5.ws-nxcore,waggle-aqt530-5511,-9999.9,000048b02dd3c6d5,registry.sagecontinuum.org/kaludib/waggle-aqt530:1.00,vaisala-aqt530,waggle-aqt530,microgram per cubic meter,W095,core,W095
2026-07-14 16:45:03.341978283+00:00,aqt.particle.pm2.5,0.3,5min,Particulate Matter less than 2.5 microns in diameter,000048b02dd3c6d5.ws-nxcore,waggle-aqt530-5511,-9999.9,000048b02dd3c6d5,registry.sagecontinuum.org/kaludib/waggle-aqt530:1.00,vaisala-aqt530,waggle-aqt530,microgram per cubic meter,W095,core,W095
2026-07-14 16:50:03.548473365+00:00,aqt.particle.pm2.5,2.5,5min,Particulate Matter less than 2.5 microns in diameter,000048b02dd3c6d5.ws-nxcore,waggle-aqt530-5511,-9999.9,000048b02dd3c6d5,registry.sagecontinuum.org/kaludib/waggle-aqt530:1.00,vaisala-aqt530,waggle-aqt530,microgram per cubic meter,W095,core,W095
2026-07-14 16:55:02.762366558+00:00,aqt.particle.pm2.5,4.5,5min,Particulate Matter less than 2.5 microns in diameter,000048b02dd3c6d5.ws-nxcore,waggle-aqt530-5511,-9999.9,000048b02dd3c6d5,registry.sagecontinuum.org/kaludib/waggle-aqt530:1.00,vaisala-aqt530,waggle-aqt530,microgram per cubic meter,W095,core,W095
2026-07-14 17:00:02.983906175+00:00,aqt.particle.pm2.5,2.1,5min,Particulate Matter less than 2.5 microns in diameter,000048b02dd3c6d5.ws-nxcore,waggle-aqt530-5511,-9999.9,000048b02dd3c6d5,registry.sagecontinuum.org/kaludib/waggle-aqt530:1.00,vaisala-aqt530,waggle-aqt530,microgram per cubic meter,W095,core,W095
2026-07-14 17:05:03.205888059+00:00,aqt.particle.pm2.5,8.6,5min,Particulate Matter less than 2.5 microns in diameter,000048b02dd3c6d5.ws-nxcore,waggle-aqt530-5511,-9999.9,000048b02dd3c6d5,registry.sagecontinuum.org/kaludib/waggle-aqt530:1.00,vaisala-aqt530,waggle-aqt530,microgram per cubic meter,W095,core,W095
2026-07-14 17:10:03.406565256+00:00,aqt.particle.pm2.5,6.8,5min,Particulate Matter less than 2.5 microns in diameter,000048b02dd3c6d5.ws-nxcore,waggle-aqt530-5511,-9999.9,000048b02dd3c6d5,registry.sagecontinuum.org/kaludib/waggle-aqt530:1.00,vaisala-aqt530,waggle-aqt530,microgram per cubic meter,W095,core,W095
2026-07-14 17:15:03.619013491+00:00,aqt.particle.pm2.5,6.0,5min,Particulate Matter less than 2.5 microns in diameter,000048b02dd3c6d5.ws-nxcore,waggle-aqt530-5511,-9999.9,000048b02dd3c6d5,registry.sagecontinuum.org/kaludib/waggle-aqt530:1.00,vaisala-aqt530,waggle-aqt530,microgram per cubic meter,W095,core,W095
2026-07-14 17:20:02.827603635+00:00,aqt.particle.pm2.5,4.2,5min,Particulate Matter less than 2.5 microns in diameter,000048b02dd3c6d5.ws-nxcore,waggle-aqt530-5511,-9999.9,000048b02dd3c6d5,registry.sagecontinuum.org/kaludib/waggle-aqt530:1.00,vaisala-aqt530,waggle-aqt530,microgram per cubic meter,W095,core,W095
2026-07-14 17:25:03.042185244+00:00,aqt.particle.pm2.5,1.1,5min,Particulate Matter less than 2.5 microns in diameter,000048b02dd3c6d5.ws-nxcore,waggle-aqt530-5511,-9999.9,000048b02dd3c6d5,registry.sagecontinuum.org/kaludib/waggle-aqt530:1.00,vaisala-aqt530,waggle-aqt530,microgram per cubic meter,W095,core,W095
2026-07-14 17:30:03.247117876+00:00,aqt.particle.pm2.5,0.3,5min,Particulate Matter less than 2.5 microns in diameter,000048b02dd3c6d5.ws-nxcore,waggle-aqt530-5511,-9999.9,000048b02dd3c6d5,registry.sagecontinuum.org/kaludib/waggle-aqt530:1.00,vaisala-aqt530,waggle-aqt530,microgram per cubic meter,W095,core,W095
2026-07-14 17:35:03.465639879+00:00,aqt.particle.pm2.5,0.3,5min,Particulate Matter less than 2.5 microns in diameter,000048b02dd3c6d5.ws-nxcore,waggle-aqt530-5511,-9999.9,000048b02dd3c6d5,registry.sagecontinuum.org/kaludib/waggle-aqt530:1.00,vaisala-aqt530,waggle-aqt530,microgram per cubic meter,W095,core,W095
2026-07-14 17:40:02.678067188+00:00,aqt.particle.pm2.5,0.2,5min,Particulate Matter less than 2.5 microns in diameter,000048b02dd3c6d5.ws-nxcore,waggle-aqt530-5511,-9999.9,000048b02dd3c6d5,registry.sagecontinuum.org/kaludib/waggle-aqt530:1.00,vaisala-aqt530,waggle-aqt530,microgram per cubic meter,W095,core,W095
2026-07-14 17:45:02.885850952+00:00,aqt.particle.pm2.5,0.8,5min,Particulate Matter less than 2.5 microns in diameter,000048b02dd3c6d5.ws-nxcore,waggle-aqt530-5511,-9999.9,000048b02dd3c6d5,registry.sagecontinuum.org/kaludib/waggle-aqt530:1.00,vaisala-aqt530,waggle-aqt530,microgram per cubic meter,W095,core,W095
2026-07-14 17:50:03.108304560+00:00,aqt.particle.pm2.5,0.8,5min,Particulate Matter less than 2.5 microns in diameter,000048b02dd3c6d5.ws-nxcore,waggle-aqt530-5511,-9999.9,000048b02dd3c6d5,registry.sagecontinuum.org/kaludib/waggle-aqt530:1.00,vaisala-aqt530,waggle-aqt530,microgram per cubic meter,W095,core,W095
2026-07-14 17:55:03.329663082+00:00,aqt.particle.pm2.5,0.6,5min,Particulate Matter less than 2.5 microns in diameter,000048b02dd3c6d5.ws-nxcore,waggle-aqt530-5511,-9999.9,000048b02dd3c6d5,registry.sagecontinuum.org/kaludib/waggle-aqt530:1.00,vaisala-aqt530,waggle-aqt530,microgram per cubic meter,W095,core,W095
2026-07-14 18:00:03.538648869+00:00,aqt.particle.pm2.5,0.8,5min,Particulate Matter less than 2.5 microns in diameter,000048b02dd3c6d5.ws-nxcore,waggle-aqt530-5511,-9999.9,000048b02dd3c6d5,registry.sagecontinuum.org/kaludib/waggle-aqt530:1.00,vaisala-aqt530,waggle-aqt530,microgram per cubic meter,W095,core,W095
2026-07-14 18:05:02.845257831+00:00,aqt.particle.pm2.5,0.5,5min,Particulate Matter less than 2.5 microns in diameter,000048b02dd3c6d5.ws-nxcore,waggle-aqt530-5511,-9999.9,000048b02dd3c6d5,registry.sagecontinuum.org/kaludib/waggle-aqt530:1.00,vaisala-aqt530,waggle-aqt530,microgram per cubic meter,W095,core,W095
2026-07-14 18:10:02.970851995+00:00,aqt.particle.pm2.5,2.5,5min,Particulate Matter less than 2.5 microns in diameter,000048b02dd3c6d5.ws-nxcore,waggle-aqt530-5511,-9999.9,000048b02dd3c6d5,registry.sagecontinuum.org/kaludib/waggle-aqt530:1.00,vaisala-aqt530,waggle-aqt530,microgram per cubic meter,W095,core,W095
2026-07-14 18:15:03.191978194+00:00,aqt.particle.pm2.5,1.9,5min,Particulate Matter less than 2.5 microns in diameter,000048b02dd3c6d5.ws-nxcore,waggle-aqt530-5511,-9999.9,000048b02dd3c6d5,registry.sagecontinuum.org/kaludib/waggle-aqt530:1.00,vaisala-aqt530,waggle-aqt530,microgram per cubic meter,W095,core,W095
2026-07-14 18:20:03.406136603+00:00,aqt.particle.pm2.5,1.3,5min,Particulate Matter less than 2.5 microns in diameter,000048b02dd3c6d5.ws-nxcore,waggle-aqt530-5511,-9999.9,000048b02dd3c6d5,registry.sagecontinuum.org/kaludib/waggle-aqt530:1.00,vaisala-aqt530,waggle-aqt530,microgram per cubic meter,W095,core,W095
2026-07-14 18:25:03.633475772+00:00,aqt.particle.pm2.5,1.5,5min,Particulate Matter less than 2.5 microns in diameter,000048b02dd3c6d5.ws-nxcore,waggle-aqt530-5511,-9999.9,000048b02dd3c6d5,registry.sagecontinuum.org/kaludib/waggle-aqt530:1.00,vaisala-aqt530,waggle-aqt530,microgram per cubic meter,W095,core,W095
2026-07-14 18:30:02.852058470+00:00,aqt.particle.pm2.5,1.3,5min,Particulate Matter less than 2.5 microns in diameter,000048b02dd3c6d5.ws-nxcore,waggle-aqt530-5511,-9999.9,000048b02dd3c6d5,registry.sagecontinuum.org/kaludib/waggle-aqt530:1.00,vaisala-aqt530,waggle-aqt530,microgram per cubic meter,W095,core,W095
2026-07-14 18:35:03.077064470+00:00,aqt.particle.pm2.5,1.5,5min,Particulate Matter less than 2.5 microns in diameter,000048b02dd3c6d5.ws-nxcore,waggle-aqt530-5511,-9999.9,000048b02dd3c6d5,registry.sagecontinuum.org/kaludib/waggle-aqt530:1.00,vaisala-aqt530,waggle-aqt530,microgram per cubic meter,W095,core,W095
2026-07-14 18:40:03.288139521+00:00,aqt.particle.pm2.5,1.1,5min,Particulate Matter less than 2.5 microns in diameter,000048b02dd3c6d5.ws-nxcore,waggle-aqt530-5511,-9999.9,000048b02dd3c6d5,registry.sagecontinuum.org/kaludib/waggle-aqt530:1.00,vaisala-aqt530,waggle-aqt530,microgram per cubic meter,W095,core,W095
2026-07-14 18:45:03.509518518+00:00,aqt.particle.pm2.5,5.0,5min,Particulate Matter less than 2.5 microns in diameter,000048b02dd3c6d5.ws-nxcore,waggle-aqt530-5511,-9999.9,000048b02dd3c6d5,registry.sagecontinuum.org/kaludib/waggle-aqt530:1.00,vaisala-aqt530,waggle-aqt530,microgram per cubic meter,W095,core,W095
2026-07-14 18:50:02.722812246+00:00,aqt.particle.pm2.5,2.8,5min,Particulate Matter less than 2.5 microns in diameter,000048b02dd3c6d5.ws-nxcore,waggle-aqt530-5511,-9999.9,000048b02dd3c6d5,registry.sagecontinuum.org/kaludib/waggle-aqt530:1.00,vaisala-aqt530,waggle-aqt530,microgram per cubic meter,W095,core,W095
2026-07-14 18:55:02.955229490+00:00,aqt.particle.pm2.5,2.9,5min,Particulate Matter less than 2.5 microns in diameter,000048b02dd3c6d5.ws-nxcore,waggle-aqt530-5511,-9999.9,000048b02dd3c6d5,registry.sagecontinuum.org/kaludib/waggle-aqt530:1.00,vaisala-aqt530,waggle-aqt530,microgram per cubic meter,W095,core,W095
2026-07-14 19:00:03.170440575+00:00,aqt.particle.pm2.5,2.0,5min,Particulate Matter less than 2.5 microns in diameter,000048b02dd3c6d5.ws-nxcore,waggle-aqt530-5511,-9999.9,000048b02dd3c6d5,registry.sagecontinuum.org/kaludib/waggle-aqt530:1.00,vaisala-aqt530,waggle-aqt530,microgram per cubic meter,W095,core,W095
2026-07-14 19:05:03.395514894+00:00,aqt.particle.pm2.5,2.6,5min,Particulate Matter less than 2.5 microns in diameter,000048b02dd3c6d5.ws-nxcore,waggle-aqt530-5511,-9999.9,000048b02dd3c6d5,registry.sagecontinuum.org/kaludib/waggle-aqt530:1.00,vaisala-aqt530,waggle-aqt530,microgram per cubic meter,W095,core,W095
2026-07-14 19:10:03.621264731+00:00,aqt.particle.pm2.5,1.9,5min,Particulate Matter less than 2.5 microns in diameter,000048b02dd3c6d5.ws-nxcore,waggle-aqt530-5511,-9999.9,000048b02dd3c6d5,registry.sagecontinuum.org/kaludib/waggle-aqt530:1.00,vaisala-aqt530,waggle-aqt530,microgram per cubic meter,W095,core,W095
2026-07-14 19:15:02.841908526+00:00,aqt.particle.pm2.5,1.0,5min,Particulate Matter less than 2.5 microns in diameter,000048b02dd3c6d5.ws-nxcore,waggle-aqt530-5511,-9999.9,000048b02dd3c6d5,registry.sagecontinuum.org/kaludib/waggle-aqt530:1.00,vaisala-aqt530,waggle-aqt530,microgram per cubic meter,W095,core,W095
2026-07-14 19:20:03.053974701+00:00,aqt.particle.pm2.5,0.7,5min,Particulate Matter less than 2.5 microns in diameter,000048b02dd3c6d5.ws-nxcore,waggle-aqt530-5511,-9999.9,000048b02dd3c6d5,registry.sagecontinuum.org/kaludib/waggle-aqt530:1.00,vaisala-aqt530,waggle-aqt530,microgram per cubic meter,W095,core,W095
2026-07-14 19:25:03.272985173+00:00,aqt.particle.pm2.5,1.5,5min,Particulate Matter less than 2.5 microns in diameter,000048b02dd3c6d5.ws-nxcore,waggle-aqt530-5511,-9999.9,000048b02dd3c6d5,registry.sagecontinuum.org/kaludib/waggle-aqt530:1.00,vaisala-aqt530,waggle-aqt530,microgram per cubic meter,W095,core,W095
2026-07-14 19:30:03.496403722+00:00,aqt.particle.pm2.5,3.3,5min,Particulate Matter less than 2.5 microns in diameter,000048b02dd3c6d5.ws-nxcore,waggle-aqt530-5511,-9999.9,000048b02dd3c6d5,registry.sagecontinuum.org/kaludib/waggle-aqt530:1.00,vaisala-aqt530,waggle-aqt530,microgram per cubic meter,W095,core,W095
2026-07-14 19:35:03.706184420+00:00,aqt.particle.pm2.5,2.2,5min,Particulate Matter less than 2.5 microns in diameter,000048b02dd3c6d5.ws-nxcore,waggle-aqt530-5511,-9999.9,000048b02dd3c6d5,registry.sagecontinuum.org/kaludib/waggle-aqt530:1.00,vaisala-aqt530,waggle-aqt530,microgram per cubic meter,W095,core,W095
2026-07-14 19:40:02.922664706+00:00,aqt.particle.pm2.5,1.6,5min,Particulate Matter less than 2.5 microns in diameter,000048b02dd3c6d5.ws-nxcore,waggle-aqt530-5511,-9999.9,000048b02dd3c6d5,registry.sagecontinuum.org/kaludib/waggle-aqt530:1.00,vaisala-aqt530,waggle-aqt530,microgram per cubic meter,W095,core,W095
2026-07-14 19:45:03.146077444+00:00,aqt.particle.pm2.5,1.8,5min,Particulate Matter less than 2.5 microns in diameter,000048b02dd3c6d5.ws-nxcore,waggle-aqt530-5511,-9999.9,000048b02dd3c6d5,registry.sagecontinuum.org/kaludib/waggle-aqt530:1.00,vaisala-aqt530,waggle-aqt530,microgram per cubic meter,W095,core,W095
2026-07-14 19:50:03.370716079+00:00,aqt.particle.pm2.5,2.6,5min,Particulate Matter less than 2.5 microns in diameter,000048b02dd3c6d5.ws-nxcore,waggle-aqt530-5511,-9999.9,000048b02dd3c6d5,registry.sagecontinuum.org/kaludib/waggle-aqt530:1.00,vaisala-aqt530,waggle-aqt530,microgram per cubic meter,W095,core,W095
2026-07-14 19:55:03.579392337+00:00,aqt.particle.pm2.5,1.8,5min,Particulate Matter less than 2.5 microns in diameter,000048b02dd3c6d5.ws-nxcore,waggle-aqt530-5511,-9999.9,000048b02dd3c6d5,registry.sagecontinuum.org/kaludib/waggle-aqt530:1.00,vaisala-aqt530,waggle-aqt530,microgram per cubic meter,W095,core,W095
2026-07-14 20:00:02.784838488+00:00,aqt.particle.pm2.5,1.3,5min,Particulate Matter less than 2.5 microns in diameter,000048b02dd3c6d5.ws-nxcore,waggle-aqt530-5511,-9999.9,000048b02dd3c6d5,registry.sagecontinuum.org/kaludib/waggle-aqt530:1.00,vaisala-aqt530,waggle-aqt530,microgram per cubic meter,W095,core,W095
2026-07-14 20:05:02.970392534+00:00,aqt.particle.pm2.5,3.1,5min,Particulate Matter less than 2.5 microns in diameter,000048b02dd3c6d5.ws-nxcore,waggle-aqt530-5511,-9999.9,000048b02dd3c6d5,registry.sagecontinuum.org/kaludib/waggle-aqt530:1.00,vaisala-aqt530,waggle-aqt530,microgram per cubic meter,W095,core,W095
2026-07-14 20:10:03.171569516+00:00,aqt.particle.pm2.5,0.6,5min,Particulate Matter less than 2.5 microns in diameter,000048b02dd3c6d5.ws-nxcore,waggle-aqt530-5511,-9999.9,000048b02dd3c6d5,registry.sagecontinuum.org/kaludib/waggle-aqt530:1.00,vaisala-aqt530,waggle-aqt530,microgram per cubic meter,W095,core,W095
2026-07-14 20:15:03.363821577+00:00,aqt.particle.pm2.5,0.8,5min,Particulate Matter less than 2.5 microns in diameter,000048b02dd3c6d5.ws-nxcore,waggle-aqt530-5511,-9999.9,000048b02dd3c6d5,registry.sagecontinuum.org/kaludib/waggle-aqt530:1.00,vaisala-aqt530,waggle-aqt530,microgram per cubic meter,W095,core,W095
2026-07-14 20:20:03.574546085+00:00,aqt.particle.pm2.5,0.9,5min,Particulate Matter less than 2.5 microns in diameter,000048b02dd3c6d5.ws-nxcore,waggle-aqt530-5511,-9999.9,000048b02dd3c6d5,registry.sagecontinuum.org/kaludib/waggle-aqt530:1.00,vaisala-aqt530,waggle-aqt530,microgram per cubic meter,W095,core,W095
2026-07-14 20:25:02.781402672+00:00,aqt.particle.pm2.5,0.6,5min,Particulate Matter less than 2.5 microns in diameter,000048b02dd3c6d5.ws-nxcore,waggle-aqt530-5511,-9999.9,000048b02dd3c6d5,registry.sagecontinuum.org/kaludib/waggle-aqt530:1.00,vaisala-aqt530,waggle-aqt530,microgram per cubic meter,W095,core,W095
2026-07-14 20:30:02.996472137+00:00,aqt.particle.pm2.5,0.8,5min,Particulate Matter less than 2.5 microns in diameter,000048b02dd3c6d5.ws-nxcore,waggle-aqt530-5511,-9999.9,000048b02dd3c6d5,registry.sagecontinuum.org/kaludib/waggle-aqt530:1.00,vaisala-aqt530,waggle-aqt530,microgram per cubic meter,W095,core,W095
2026-07-14 20:35:03.198625136+00:00,aqt.particle.pm2.5,1.0,5min,Particulate Matter less than 2.5 microns in diameter,000048b02dd3c6d5.ws-nxcore,waggle-aqt530-5511,-9999.9,000048b02dd3c6d5,registry.sagecontinuum.org/kaludib/waggle-aqt530:1.00,vaisala-aqt530,waggle-aqt530,microgram per cubic meter,W095,core,W095
2026-07-14 20:40:03.413715065+00:00,aqt.particle.pm2.5,2.4,5min,Particulate Matter less than 2.5 microns in diameter,000048b02dd3c6d5.ws-nxcore,waggle-aqt530-5511,-9999.9,000048b02dd3c6d5,registry.sagecontinuum.org/kaludib/waggle-aqt530:1.00,vaisala-aqt530,waggle-aqt530,microgram per cubic meter,W095,core,W095
2026-07-14 20:45:03.629797921+00:00,aqt.particle.pm2.5,1.2,5min,Particulate Matter less than 2.5 microns in diameter,000048b02dd3c6d5.ws-nxcore,waggle-aqt530-5511,-9999.9,000048b02dd3c6d5,registry.sagecontinuum.org/kaludib/waggle-aqt530:1.00,vaisala-aqt530,waggle-aqt530,microgram per cubic meter,W095,core,W095
2026-07-14 20:50:02.839441678+00:00,aqt.particle.pm2.5,0.7,5min,Particulate Matter less than 2.5 microns in diameter,000048b02dd3c6d5.ws-nxcore,waggle-aqt530-5511,-9999.9,000048b02dd3c6d5,registry.sagecontinuum.org/kaludib/waggle-aqt530:1.00,vaisala-aqt530,waggle-aqt530,microgram per cubic meter,W095,core,W095
2026-07-14 20:55:03.064456497+00:00,aqt.particle.pm2.5,0.5,5min,Particulate Matter less than 2.5 microns in diameter,000048b02dd3c6d5.ws-nxcore,waggle-aqt530-5511,-9999.9,000048b02dd3c6d5,registry.sagecontinuum.org/kaludib/waggle-aqt530:1.00,vaisala-aqt530,waggle-aqt530,microgram per cubic meter,W095,core,W095
2026-07-14 21:00:03.295699856+00:00,aqt.particle.pm2.5,0.6,5min,Particulate Matter less than 2.5 microns in diameter,000048b02dd3c6d5.ws-nxcore,waggle-aqt530-5511,-9999.9,000048b02dd3c6d5,registry.sagecontinuum.org/kaludib/waggle-aqt530:1.00,vaisala-aqt530,waggle-aqt530,microgram per cubic meter,W095,core,W095
2026-07-14 21:05:03.525225616+00:00,aqt.particle.pm2.5,1.0,5min,Particulate Matter less than 2.5 microns in diameter,000048b02dd3c6d5.ws-nxcore,waggle-aqt530-5511,-9999.9,000048b02dd3c6d5,registry.sagecontinuum.org/kaludib/waggle-aqt530:1.00,vaisala-aqt530,waggle-aqt530,microgram per cubic meter,W095,core,W095
2026-07-14 21:10:02.739023807+00:00,aqt.particle.pm2.5,2.0,5min,Particulate Matter less than 2.5 microns in diameter,000048b02dd3c6d5.ws-nxcore,waggle-aqt530-5511,-9999.9,000048b02dd3c6d5,registry.sagecontinuum.org/kaludib/waggle-aqt530:1.00,vaisala-aqt530,waggle-aqt530,microgram per cubic meter,W095,core,W095
2026-07-14 21:15:02.947516755+00:00,aqt.particle.pm2.5,1.6,5min,Particulate Matter less than 2.5 microns in diameter,000048b02dd3c6d5.ws-nxcore,waggle-aqt530-5511,-9999.9,000048b02dd3c6d5,registry.sagecontinuum.org/kaludib/waggle-aqt530:1.00,vaisala-aqt530,waggle-aqt530,microgram per cubic meter,W095,core,W095
2026-07-14 21:20:03.170973381+00:00,aqt.particle.pm2.5,1.4,5min,Particulate Matter less than 2.5 microns in diameter,000048b02dd3c6d5.ws-nxcore,waggle-aqt530-5511,-9999.9,000048b02dd3c6d5,registry.sagecontinuum.org/kaludib/waggle-aqt530:1.00,vaisala-aqt530,waggle-aqt530,microgram per cubic meter,W095,core,W095
2026-07-14 21:25:03.399304319+00:00,aqt.particle.pm2.5,1.7,5min,Particulate Matter less than 2.5 microns in diameter,000048b02dd3c6d5.ws-nxcore,waggle-aqt530-5511,-9999.9,000048b02dd3c6d5,registry.sagecontinuum.org/kaludib/waggle-aqt530:1.00,vaisala-aqt530,waggle-aqt530,microgram per cubic meter,W095,core,W095
2026-07-14 21:30:03.685981223+00:00,aqt.particle.pm2.5,1.9,5min,Particulate Matter less than 2.5 microns in diameter,000048b02dd3c6d5.ws-nxcore,waggle-aqt530-5511,-9999.9,000048b02dd3c6d5,registry.sagecontinuum.org/kaludib/waggle-aqt530:1.00,vaisala-aqt530,waggle-aqt530,microgram per cubic meter,W095,core,W095
2026-07-14 21:35:02.869167327+00:00,aqt.particle.pm2.5,2.6,5min,Particulate Matter less than 2.5 microns in diameter,000048b02dd3c6d5.ws-nxcore,waggle-aqt530-5511,-9999.9,000048b02dd3c6d5,registry.sagecontinuum.org/kaludib/waggle-aqt530:1.00,vaisala-aqt530,waggle-aqt530,microgram per cubic meter,W095,core,W095
2026-07-14 21:40:03.101242064+00:00,aqt.particle.pm2.5,1.4,5min,Particulate Matter less than 2.5 microns in diameter,000048b02dd3c6d5.ws-nxcore,waggle-aqt530-5511,-9999.9,000048b02dd3c6d5,registry.sagecontinuum.org/kaludib/waggle-aqt530:1.00,vaisala-aqt530,waggle-aqt530,microgram per cubic meter,W095,core,W095
2026-07-14 21:45:03.332333571+00:00,aqt.particle.pm2.5,0.7,5min,Particulate Matter less than 2.5 microns in diameter,000048b02dd3c6d5.ws-nxcore,waggle-aqt530-5511,-9999.9,000048b02dd3c6d5,registry.sagecontinuum.org/kaludib/waggle-aqt530:1.00,vaisala-aqt530,waggle-aqt530,microgram per cubic meter,W095,core,W095
2026-07-14 21:50:03.545566037+00:00,aqt.particle.pm2.5,0.9,5min,Particulate Matter less than 2.5 microns in diameter,000048b02dd3c6d5.ws-nxcore,waggle-aqt530-5511,-9999.9,000048b02dd3c6d5,registry.sagecontinuum.org/kaludib/waggle-aqt530:1.00,vaisala-aqt530,waggle-aqt530,microgram per cubic meter,W095,core,W095
2026-07-14 21:55:02.769732674+00:00,aqt.particle.pm2.5,0.9,5min,Particulate Matter less than 2.5 microns in diameter,000048b02dd3c6d5.ws-nxcore,waggle-aqt530-5511,-9999.9,000048b02dd3c6d5,registry.sagecontinuum.org/kaludib/waggle-aqt530:1.00,vaisala-aqt530,waggle-aqt530,microgram per cubic meter,W095,core,W095
2026-07-14 22:00:02.978453260+00:00,aqt.particle.pm2.5,1.2,5min,Particulate Matter less than 2.5 microns in diameter,000048b02dd3c6d5.ws-nxcore,waggle-aqt530-5511,-9999.9,000048b02dd3c6d5,registry.sagecontinuum.org/kaludib/waggle-aqt530:1.00,vaisala-aqt530,waggle-aqt530,microgram per cubic meter,W095,core,W095
2026-07-14 22:05:03.173972676+00:00,aqt.particle.pm2.5,3.6,5min,Particulate Matter less than 2.5 microns in diameter,000048b02dd3c6d5.ws-nxcore,waggle-aqt530-5511,-9999.9,000048b02dd3c6d5,registry.sagecontinuum.org/kaludib/waggle-aqt530:1.00,vaisala-aqt530,waggle-aqt530,microgram per cubic meter,W095,core,W095
2026-07-14 22:10:03.364312291+00:00,aqt.particle.pm2.5,1.4,5min,Particulate Matter less than 2.5 microns in diameter,000048b02dd3c6d5.ws-nxcore,waggle-aqt530-5511,-9999.9,000048b02dd3c6d5,registry.sagecontinuum.org/kaludib/waggle-aqt530:1.00,vaisala-aqt530,waggle-aqt530,microgram per cubic meter,W095,core,W095
2026-07-14 22:15:03.576085126+00:00,aqt.particle.pm2.5,2.8,5min,Particulate Matter less than 2.5 microns in diameter,000048b02dd3c6d5.ws-nxcore,waggle-aqt530-5511,-9999.9,000048b02dd3c6d5,registry.sagecontinuum.org/kaludib/waggle-aqt530:1.00,vaisala-aqt530,waggle-aqt530,microgram per cubic meter,W095,core,W095
2026-07-14 22:20:02.783344043+00:00,aqt.particle.pm2.5,1.1,5min,Particulate Matter less than 2.5 microns in diameter,000048b02dd3c6d5.ws-nxcore,waggle-aqt530-5511,-9999.9,000048b02dd3c6d5,registry.sagecontinuum.org/kaludib/waggle-aqt530:1.00,vaisala-aqt530,waggle-aqt530,microgram per cubic meter,W095,core,W095
2026-07-14 22:25:02.999347092+00:00,aqt.particle.pm2.5,1.0,5min,Particulate Matter less than 2.5 microns in diameter,000048b02dd3c6d5.ws-nxcore,waggle-aqt530-5511,-9999.9,000048b02dd3c6d5,registry.sagecontinuum.org/kaludib/waggle-aqt530:1.00,vaisala-aqt530,waggle-aqt530,microgram per cubic meter,W095,core,W095
2026-07-14 22:30:03.201591802+00:00,aqt.particle.pm2.5,0.8,5min,Particulate Matter less than 2.5 microns in diameter,000048b02dd3c6d5.ws-nxcore,waggle-aqt530-5511,-9999.9,000048b02dd3c6d5,registry.sagecontinuum.org/kaludib/waggle-aqt530:1.00,vaisala-aqt530,waggle-aqt530,microgram per cubic meter,W095,core,W095
2026-07-14 22:35:03.439862335+00:00,aqt.particle.pm2.5,0.7,5min,Particulate Matter less than 2.5 microns in diameter,000048b02dd3c6d5.ws-nxcore,waggle-aqt530-5511,-9999.9,000048b02dd3c6d5,registry.sagecontinuum.org/kaludib/waggle-aqt530:1.00,vaisala-aqt530,waggle-aqt530,microgram per cubic meter,W095,core,W095
2026-07-14 22:40:03.684775227+00:00,aqt.particle.pm2.5,1.1,5min,Particulate Matter less than 2.5 microns in diameter,000048b02dd3c6d5.ws-nxcore,waggle-aqt530-5511,-9999.9,000048b02dd3c6d5,registry.sagecontinuum.org/kaludib/waggle-aqt530:1.00,vaisala-aqt530,waggle-aqt530,microgram per cubic meter,W095,core,W095
2026-07-14 22:45:02.913058908+00:00,aqt.particle.pm2.5,1.5,5min,Particulate Matter less than 2.5 microns in diameter,000048b02dd3c6d5.ws-nxcore,waggle-aqt530-5511,-9999.9,000048b02dd3c6d5,registry.sagecontinuum.org/kaludib/waggle-aqt530:1.00,vaisala-aqt530,waggle-aqt530,microgram per cubic meter,W095,core,W095
2026-07-14 22:50:03.129374440+00:00,aqt.particle.pm2.5,2.8,5min,Particulate Matter less than 2.5 microns in diameter,000048b02dd3c6d5.ws-nxcore,waggle-aqt530-5511,-9999.9,000048b02dd3c6d5,registry.sagecontinuum.org/kaludib/waggle-aqt530:1.00,vaisala-aqt530,waggle-aqt530,microgram per cubic meter,W095,core,W095
2026-07-14 22:55:03.355818400+00:00,aqt.particle.pm2.5,3.5,5min,Particulate Matter less than 2.5 microns in diameter,000048b02dd3c6d5.ws-nxcore,waggle-aqt530-5511,-9999.9,000048b02dd3c6d5,registry.sagecontinuum.org/kaludib/waggle-aqt530:1.00,vaisala-aqt530,waggle-aqt530,microgram per cubic meter,W095,core,W095
2026-07-14 23:00:03.581177116+00:00,aqt.particle.pm2.5,2.5,5min,Particulate Matter less than 2.5 microns in diameter,000048b02dd3c6d5.ws-nxcore,waggle-aqt530-5511,-9999.9,000048b02dd3c6d5,registry.sagecontinuum.org/kaludib/waggle-aqt530:1.00,vaisala-aqt530,waggle-aqt530,microgram per cubic meter,W095,core,W095
2026-07-14 23:05:02.797906231+00:00,aqt.particle.pm2.5,6.5,5min,Particulate Matter less than 2.5 microns in diameter,000048b02dd3c6d5.ws-nxcore,waggle-aqt530-5511,-9999.9,000048b02dd3c6d5,registry.sagecontinuum.org/kaludib/waggle-aqt530:1.00,vaisala-aqt530,waggle-aqt530,microgram per cubic meter,W095,core,W095
2026-07-14 23:10:02.978829851+00:00,aqt.particle.pm2.5,7.0,5min,Particulate Matter less than 2.5 microns in diameter,000048b02dd3c6d5.ws-nxcore,waggle-aqt530-5511,-9999.9,000048b02dd3c6d5,registry.sagecontinuum.org/kaludib/waggle-aqt530:1.00,vaisala-aqt530,waggle-aqt530,microgram per cubic meter,W095,core,W095
2026-07-14 23:15:03.171220942+00:00,aqt.particle.pm2.5,6.1,5min,Particulate Matter less than 2.5 microns in diameter,000048b02dd3c6d5.ws-nxcore,waggle-aqt530-5511,-9999.9,000048b02dd3c6d5,registry.sagecontinuum.org/kaludib/waggle-aqt530:1.00,vaisala-aqt530,waggle-aqt530,microgram per cubic meter,W095,core,W095
2026-07-14 23:20:03.375341939+00:00,aqt.particle.pm2.5,12.3,5min,Particulate Matter less than 2.5 microns in diameter,000048b02dd3c6d5.ws-nxcore,waggle-aqt530-5511,-9999.9,000048b02dd3c6d5,registry.sagecontinuum.org/kaludib/waggle-aqt530:1.00,vaisala-aqt530,waggle-aqt530,microgram per cubic meter,W095,core,W095
2026-07-14 23:25:03.571114672+00:00,aqt.particle.pm2.5,1.3,5min,Particulate Matter less than 2.5 microns in diameter,000048b02dd3c6d5.ws-nxcore,waggle-aqt530-5511,-9999.9,000048b02dd3c6d5,registry.sagecontinuum.org/kaludib/waggle-aqt530:1.00,vaisala-aqt530,waggle-aqt530,microgram per cubic meter,W095,core,W095
2026-07-14 23:30:02.778809346+00:00,aqt.particle.pm2.5,1.3,5min,Particulate Matter less than 2.5 microns in diameter,000048b02dd3c6d5.ws-nxcore,waggle-aqt530-5511,-9999.9,000048b02dd3c6d5,registry.sagecontinuum.org/kaludib/waggle-aqt530:1.00,vaisala-aqt530,waggle-aqt530,microgram per cubic meter,W095,core,W095
2026-07-14 23:35:02.991911667+00:00,aqt.particle.pm2.5,1.3,5min,Particulate Matter less than 2.5 microns in diameter,000048b02dd3c6d5.ws-nxcore,waggle-aqt530-5511,-9999.9,000048b02dd3c6d5,registry.sagecontinuum.org/kaludib/waggle-aqt530:1.00,vaisala-aqt530,waggle-aqt530,microgram per cubic meter,W095,core,W095
2026-07-14 23:40:03.207921543+00:00,aqt.particle.pm2.5,1.1,5min,Particulate Matter less than 2.5 microns in diameter,000048b02dd3c6d5.ws-nxcore,waggle-aqt530-5511,-9999.9,000048b02dd3c6d5,registry.sagecontinuum.org/kaludib/waggle-aqt530:1.00,vaisala-aqt530,waggle-aqt530,microgram per cubic meter,W095,core,W095
2026-07-14 23:45:03.410633059+00:00,aqt.particle.pm2.5,1.2,5min,Particulate Matter less than 2.5 microns in diameter,000048b02dd3c6d5.ws-nxcore,waggle-aqt530-5511,-9999.9,000048b02dd3c6d5,registry.sagecontinuum.org/kaludib/waggle-aqt530:1.00,vaisala-aqt530,waggle-aqt530,microgram per cubic meter,W095,core,W095
2026-07-14 23:50:03.629138546+00:00,aqt.particle.pm2.5,1.5,5min,Particulate Matter less than 2.5 microns in diameter,000048b02dd3c6d5.ws-nxcore,waggle-aqt530-5511,-9999.9,000048b02dd3c6d5,registry.sagecontinuum.org/kaludib/waggle-aqt530:1.00,vaisala-aqt530,waggle-aqt530,microgram per cubic meter,W095,core,W095
2026-07-14 23:55:03.334366184+00:00,aqt.particle.pm2.5,1.4,5min,Particulate Matter less than 2.5 microns in diameter,000048b02dd3c6d5.ws-nxcore,waggle-aqt530-5511,-9999.9,000048b02dd3c6d5,registry.sagecontinuum.org/kaludib/waggle-aqt530:1.00,vaisala-aqt530,waggle-aqt530,microgram per cubic meter,W095,core,W095
2026-07-15 00:00:03.055637994+00:00,aqt.particle.pm2.5,1.7,5min,Particulate Matter less than 2.5 microns in diameter,000048b02dd3c6d5.ws-nxcore,waggle-aqt530-5511,-9999.9,000048b02dd3c6d5,registry.sagecontinuum.org/kaludib/waggle-aqt530:1.00,vaisala-aqt530,waggle-aqt530,microgram per cubic meter,W095,core,W095
2026-07-15 00:05:03.259082378+00:00,aqt.particle.pm2.5,1.9,5min,Particulate Matter less than 2.5 microns in diameter,000048b02dd3c6d5.ws-nxcore,waggle-aqt530-5511,-9999.9,000048b02dd3c6d5,registry.sagecontinuum.org/kaludib/waggle-aqt530:1.00,vaisala-aqt530,waggle-aqt530,microgram per cubic meter,W095,core,W095
2026-07-15 00:10:03.476125616+00:00,aqt.particle.pm2.5,2.2,5min,Particulate Matter less than 2.5 microns in diameter,000048b02dd3c6d5.ws-nxcore,waggle-aqt530-5511,-9999.9,000048b02dd3c6d5,registry.sagecontinuum.org/kaludib/waggle-aqt530:1.00,vaisala-aqt530,waggle-aqt530,microgram per cubic meter,W095,core,W095
2026-07-15 00:15:02.686092167+00:00,aqt.particle.pm2.5,1.6,5min,Particulate Matter less than 2.5 microns in diameter,000048b02dd3c6d5.ws-nxcore,waggle-aqt530-5511,-9999.9,000048b02dd3c6d5,registry.sagecontinuum.org/kaludib/waggle-aqt530:1.00,vaisala-aqt530,waggle-aqt530,microgram per cubic meter,W095,core,W095
2026-07-15 00:20:02.920712637+00:00,aqt.particle.pm2.5,3.4,5min,Particulate Matter less than 2.5 microns in diameter,000048b02dd3c6d5.ws-nxcore,waggle-aqt530-5511,-9999.9,000048b02dd3c6d5,registry.sagecontinuum.org/kaludib/waggle-aqt530:1.00,vaisala-aqt530,waggle-aqt530,microgram per cubic meter,W095,core,W095
2026-07-15 00:25:03.136650299+00:00,aqt.particle.pm2.5,2.6,5min,Particulate Matter less than 2.5 microns in diameter,000048b02dd3c6d5.ws-nxcore,waggle-aqt530-5511,-9999.9,000048b02dd3c6d5,registry.sagecontinuum.org/kaludib/waggle-aqt530:1.00,vaisala-aqt530,waggle-aqt530,microgram per cubic meter,W095,core,W095
2026-07-15 00:30:03.358542067+00:00,aqt.particle.pm2.5,3.1,5min,Particulate Matter less than 2.5 microns in diameter,000048b02dd3c6d5.ws-nxcore,waggle-aqt530-5511,-9999.9,000048b02dd3c6d5,registry.sagecontinuum.org/kaludib/waggle-aqt530:1.00,vaisala-aqt530,waggle-aqt530,microgram per cubic meter,W095,core,W095
2026-07-15 00:35:03.580178071+00:00,aqt.particle.pm2.5,0.5,5min,Particulate Matter less than 2.5 microns in diameter,000048b02dd3c6d5.ws-nxcore,waggle-aqt530-5511,-9999.9,000048b02dd3c6d5,registry.sagecontinuum.org/kaludib/waggle-aqt530:1.00,vaisala-aqt530,waggle-aqt530,microgram per cubic meter,W095,core,W095
2026-07-15 00:40:02.793650740+00:00,aqt.particle.pm2.5,0.3,5min,Particulate Matter less than 2.5 microns in diameter,000048b02dd3c6d5.ws-nxcore,waggle-aqt530-5511,-9999.9,000048b02dd3c6d5,registry.sagecontinuum.org/kaludib/waggle-aqt530:1.00,vaisala-aqt530,waggle-aqt530,microgram per cubic meter,W095,core,W095
2026-07-15 00:45:03.013812131+00:00,aqt.particle.pm2.5,0.3,5min,Particulate Matter less than 2.5 microns in diameter,000048b02dd3c6d5.ws-nxcore,waggle-aqt530-5511,-9999.9,000048b02dd3c6d5,registry.sagecontinuum.org/kaludib/waggle-aqt530:1.00,vaisala-aqt530,waggle-aqt530,microgram per cubic meter,W095,core,W095
2026-07-15 00:50:03.224366044+00:00,aqt.particle.pm2.5,0.5,5min,Particulate Matter less than 2.5 microns in diameter,000048b02dd3c6d5.ws-nxcore,waggle-aqt530-5511,-9999.9,000048b02dd3c6d5,registry.sagecontinuum.org/kaludib/waggle-aqt530:1.00,vaisala-aqt530,waggle-aqt530,microgram per cubic meter,W095,core,W095
2026-07-15 00:55:03.447419781+00:00,aqt.particle.pm2.5,1.2,5min,Particulate Matter less than 2.5 microns in diameter,000048b02dd3c6d5.ws-nxcore,waggle-aqt530-5511,-9999.9,000048b02dd3c6d5,registry.sagecontinuum.org/kaludib/waggle-aqt530:1.00,vaisala-aqt530,waggle-aqt530,microgram per cubic meter,W095,core,W095
2026-07-15 01:00:02.664779893+00:00,aqt.particle.pm2.5,4.4,5min,Particulate Matter less than 2.5 microns in diameter,000048b02dd3c6d5.ws-nxcore,waggle-aqt530-5511,-9999.9,000048b02dd3c6d5,registry.sagecontinuum.org/kaludib/waggle-aqt530:1.00,vaisala-aqt530,waggle-aqt530,microgram per cubic meter,W095,core,W095
2026-07-15 01:05:02.885697543+00:00,aqt.particle.pm2.5,0.7,5min,Particulate Matter less than 2.5 microns in diameter,000048b02dd3c6d5.ws-nxcore,waggle-aqt530-5511,-9999.9,000048b02dd3c6d5,registry.sagecontinuum.org/kaludib/waggle-aqt530:1.00,vaisala-aqt530,waggle-aqt530,microgram per cubic meter,W095,core,W095
2026-07-15 01:10:03.092654588+00:00,aqt.particle.pm2.5,5.6,5min,Particulate Matter less than 2.5 microns in diameter,000048b02dd3c6d5.ws-nxcore,waggle-aqt530-5511,-9999.9,000048b02dd3c6d5,registry.sagecontinuum.org/kaludib/waggle-aqt530:1.00,vaisala-aqt530,waggle-aqt530,microgram per cubic meter,W095,core,W095
2026-07-15 01:15:03.314297554+00:00,aqt.particle.pm2.5,6.6,5min,Particulate Matter less than 2.5 microns in diameter,000048b02dd3c6d5.ws-nxcore,waggle-aqt530-5511,-9999.9,000048b02dd3c6d5,registry.sagecontinuum.org/kaludib/waggle-aqt530:1.00,vaisala-aqt530,waggle-aqt530,microgram per cubic meter,W095,core,W095
2026-07-15 01:20:03.534089192+00:00,aqt.particle.pm2.5,3.3,5min,Particulate Matter less than 2.5 microns in diameter,000048b02dd3c6d5.ws-nxcore,waggle-aqt530-5511,-9999.9,000048b02dd3c6d5,registry.sagecontinuum.org/kaludib/waggle-aqt530:1.00,vaisala-aqt530,waggle-aqt530,microgram per cubic meter,W095,core,W095
2026-07-15 01:25:02.742390023+00:00,aqt.particle.pm2.5,3.8,5min,Particulate Matter less than 2.5 microns in diameter,000048b02dd3c6d5.ws-nxcore,waggle-aqt530-5511,-9999.9,000048b02dd3c6d5,registry.sagecontinuum.org/kaludib/waggle-aqt530:1.00,vaisala-aqt530,waggle-aqt530,microgram per cubic meter,W095,core,W095
2026-07-15 01:30:02.940909145+00:00,aqt.particle.pm2.5,1.1,5min,Particulate Matter less than 2.5 microns in diameter,000048b02dd3c6d5.ws-nxcore,waggle-aqt530-5511,-9999.9,000048b02dd3c6d5,registry.sagecontinuum.org/kaludib/waggle-aqt530:1.00,vaisala-aqt530,waggle-aqt530,microgram per cubic meter,W095,core,W095
2026-07-15 01:35:03.153884688+00:00,aqt.particle.pm2.5,0.6,5min,Particulate Matter less than 2.5 microns in diameter,000048b02dd3c6d5.ws-nxcore,waggle-aqt530-5511,-9999.9,000048b02dd3c6d5,registry.sagecontinuum.org/kaludib/waggle-aqt530:1.00,vaisala-aqt530,waggle-aqt530,microgram per cubic meter,W095,core,W095
2026-07-15 01:40:03.370557637+00:00,aqt.particle.pm2.5,0.7,5min,Particulate Matter less than 2.5 microns in diameter,000048b02dd3c6d5.ws-nxcore,waggle-aqt530-5511,-9999.9,000048b02dd3c6d5,registry.sagecontinuum.org/kaludib/waggle-aqt530:1.00,vaisala-aqt530,waggle-aqt530,microgram per cubic meter,W095,core,W095
2026-07-15 01:45:03.573107831+00:00,aqt.particle.pm2.5,0.9,5min,Particulate Matter less than 2.5 microns in diameter,000048b02dd3c6d5.ws-nxcore,waggle-aqt530-5511,-9999.9,000048b02dd3c6d5,registry.sagecontinuum.org/kaludib/waggle-aqt530:1.00,vaisala-aqt530,waggle-aqt530,microgram per cubic meter,W095,core,W095
2026-07-15 01:50:02.783953739+00:00,aqt.particle.pm2.5,0.8,5min,Particulate Matter less than 2.5 microns in diameter,000048b02dd3c6d5.ws-nxcore,waggle-aqt530-5511,-9999.9,000048b02dd3c6d5,registry.sagecontinuum.org/kaludib/waggle-aqt530:1.00,vaisala-aqt530,waggle-aqt530,microgram per cubic meter,W095,core,W095
2026-07-15 01:55:03.002322497+00:00,aqt.particle.pm2.5,0.2,5min,Particulate Matter less than 2.5 microns in diameter,000048b02dd3c6d5.ws-nxcore,waggle-aqt530-5511,-9999.9,000048b02dd3c6d5,registry.sagecontinuum.org/kaludib/waggle-aqt530:1.00,vaisala-aqt530,waggle-aqt530,microgram per cubic meter,W095,core,W095
2026-07-15 02:00:03.227106775+00:00,aqt.particle.pm2.5,0.2,5min,Particulate Matter less than 2.5 microns in diameter,000048b02dd3c6d5.ws-nxcore,waggle-aqt530-5511,-9999.9,000048b02dd3c6d5,registry.sagecontinuum.org/kaludib/waggle-aqt530:1.00,vaisala-aqt530,waggle-aqt530,microgram per cubic meter,W095,core,W095
2026-07-15 02:05:03.434066415+00:00,aqt.particle.pm2.5,4.2,5min,Particulate Matter less than 2.5 microns in diameter,000048b02dd3c6d5.ws-nxcore,waggle-aqt530-5511,-9999.9,000048b02dd3c6d5,registry.sagecontinuum.org/kaludib/waggle-aqt530:1.00,vaisala-aqt530,waggle-aqt530,microgram per cubic meter,W095,core,W095
2026-07-15 02:10:02.649850684+00:00,aqt.particle.pm2.5,5.9,5min,Particulate Matter less than 2.5 microns in diameter,000048b02dd3c6d5.ws-nxcore,waggle-aqt530-5511,-9999.9,000048b02dd3c6d5,registry.sagecontinuum.org/kaludib/waggle-aqt530:1.00,vaisala-aqt530,waggle-aqt530,microgram per cubic meter,W095,core,W095
2026-07-15 02:15:02.870157271+00:00,aqt.particle.pm2.5,4.2,5min,Particulate Matter less than 2.5 microns in diameter,000048b02dd3c6d5.ws-nxcore,waggle-aqt530-5511,-9999.9,000048b02dd3c6d5,registry.sagecontinuum.org/kaludib/waggle-aqt530:1.00,vaisala-aqt530,waggle-aqt530,microgram per cubic meter,W095,core,W095
2026-07-15 02:20:03.091242847+00:00,aqt.particle.pm2.5,4.9,5min,Particulate Matter less than 2.5 microns in diameter,000048b02dd3c6d5.ws-nxcore,waggle-aqt530-5511,-9999.9,000048b02dd3c6d5,registry.sagecontinuum.org/kaludib/waggle-aqt530:1.00,vaisala-aqt530,waggle-aqt530,microgram per cubic meter,W095,core,W095
2026-07-15 02:25:03.296230904+00:00,aqt.particle.pm2.5,0.4,5min,Particulate Matter less than 2.5 microns in diameter,000048b02dd3c6d5.ws-nxcore,waggle-aqt530-5511,-9999.9,000048b02dd3c6d5,registry.sagecontinuum.org/kaludib/waggle-aqt530:1.00,vaisala-aqt530,waggle-aqt530,microgram per cubic meter,W095,core,W095
2026-07-15 02:30:03.516729400+00:00,aqt.particle.pm2.5,6.9,5min,Particulate Matter less than 2.5 microns in diameter,000048b02dd3c6d5.ws-nxcore,waggle-aqt530-5511,-9999.9,000048b02dd3c6d5,registry.sagecontinuum.org/kaludib/waggle-aqt530:1.00,vaisala-aqt530,waggle-aqt530,microgram per cubic meter,W095,core,W095
2026-07-15 02:35:02.731210742+00:00,aqt.particle.pm2.5,3.2,5min,Particulate Matter less than 2.5 microns in diameter,000048b02dd3c6d5.ws-nxcore,waggle-aqt530-5511,-9999.9,000048b02dd3c6d5,registry.sagecontinuum.org/kaludib/waggle-aqt530:1.00,vaisala-aqt530,waggle-aqt530,microgram per cubic meter,W095,core,W095
2026-07-15 02:40:02.953704478+00:00,aqt.particle.pm2.5,0.5,5min,Particulate Matter less than 2.5 microns in diameter,000048b02dd3c6d5.ws-nxcore,waggle-aqt530-5511,-9999.9,000048b02dd3c6d5,registry.sagecontinuum.org/kaludib/waggle-aqt530:1.00,vaisala-aqt530,waggle-aqt530,microgram per cubic meter,W095,core,W095
2026-07-15 02:45:03.159196107+00:00,aqt.particle.pm2.5,2.7,5min,Particulate Matter less than 2.5 microns in diameter,000048b02dd3c6d5.ws-nxcore,waggle-aqt530-5511,-9999.9,000048b02dd3c6d5,registry.sagecontinuum.org/kaludib/waggle-aqt530:1.00,vaisala-aqt530,waggle-aqt530,microgram per cubic meter,W095,core,W095
2026-07-15 02:50:03.381378552+00:00,aqt.particle.pm2.5,2.7,5min,Particulate Matter less than 2.5 microns in diameter,000048b02dd3c6d5.ws-nxcore,waggle-aqt530-5511,-9999.9,000048b02dd3c6d5,registry.sagecontinuum.org/kaludib/waggle-aqt530:1.00,vaisala-aqt530,waggle-aqt530,microgram per cubic meter,W095,core,W095
2026-07-15 02:55:02.593805191+00:00,aqt.particle.pm2.5,2.4,5min,Particulate Matter less than 2.5 microns in diameter,000048b02dd3c6d5.ws-nxcore,waggle-aqt530-5511,-9999.9,000048b02dd3c6d5,registry.sagecontinuum.org/kaludib/waggle-aqt530:1.00,vaisala-aqt530,waggle-aqt530,microgram per cubic meter,W095,core,W095
2026-07-15 03:00:02.846991460+00:00,aqt.particle.pm2.5,0.1,5min,Particulate Matter less than 2.5 microns in diameter,000048b02dd3c6d5.ws-nxcore,waggle-aqt530-5511,-9999.9,000048b02dd3c6d5,registry.sagecontinuum.org/kaludib/waggle-aqt530:1.00,vaisala-aqt530,waggle-aqt530,microgram per cubic meter,W095,core,W095
2026-07-15 03:05:03.034441900+00:00,aqt.particle.pm2.5,0.0,5min,Particulate Matter less than 2.5 microns in diameter,000048b02dd3c6d5.ws-nxcore,waggle-aqt530-5511,-9999.9,000048b02dd3c6d5,registry.sagecontinuum.org/kaludib/waggle-aqt530:1.00,vaisala-aqt530,waggle-aqt530,microgram per cubic meter,W095,core,W095
2026-07-15 03:10:03.265098047+00:00,aqt.particle.pm2.5,0.0,5min,Particulate Matter less than 2.5 microns in diameter,000048b02dd3c6d5.ws-nxcore,waggle-aqt530-5511,-9999.9,000048b02dd3c6d5,registry.sagecontinuum.org/kaludib/waggle-aqt530:1.00,vaisala-aqt530,waggle-aqt530,microgram per cubic meter,W095,core,W095
2026-07-15 03:15:03.501866524+00:00,aqt.particle.pm2.5,0.1,5min,Particulate Matter less than 2.5 microns in diameter,000048b02dd3c6d5.ws-nxcore,waggle-aqt530-5511,-9999.9,000048b02dd3c6d5,registry.sagecontinuum.org/kaludib/waggle-aqt530:1.00,vaisala-aqt530,waggle-aqt530,microgram per cubic meter,W095,core,W095
2026-07-15 03:20:02.725165067+00:00,aqt.particle.pm2.5,0.2,5min,Particulate Matter less than 2.5 microns in diameter,000048b02dd3c6d5.ws-nxcore,waggle-aqt530-5511,-9999.9,000048b02dd3c6d5,registry.sagecontinuum.org/kaludib/waggle-aqt530:1.00,vaisala-aqt530,waggle-aqt530,microgram per cubic meter,W095,core,W095
2026-07-15 03:25:02.953440273+00:00,aqt.particle.pm2.5,7.7,5min,Particulate Matter less than 2.5 microns in diameter,000048b02dd3c6d5.ws-nxcore,waggle-aqt530-5511,-9999.9,000048b02dd3c6d5,registry.sagecontinuum.org/kaludib/waggle-aqt530:1.00,vaisala-aqt530,waggle-aqt530,microgram per cubic meter,W095,core,W095
2026-07-15 03:30:03.165595249+00:00,aqt.particle.pm2.5,5.3,5min,Particulate Matter less than 2.5 microns in diameter,000048b02dd3c6d5.ws-nxcore,waggle-aqt530-5511,-9999.9,000048b02dd3c6d5,registry.sagecontinuum.org/kaludib/waggle-aqt530:1.00,vaisala-aqt530,waggle-aqt530,microgram per cubic meter,W095,core,W095
2026-07-15 03:35:03.389861146+00:00,aqt.particle.pm2.5,3.9,5min,Particulate Matter less than 2.5 microns in diameter,000048b02dd3c6d5.ws-nxcore,waggle-aqt530-5511,-9999.9,000048b02dd3c6d5,registry.sagecontinuum.org/kaludib/waggle-aqt530:1.00,vaisala-aqt530,waggle-aqt530,microgram per cubic meter,W095,core,W095
2026-07-15 03:40:03.614770478+00:00,aqt.particle.pm2.5,4.7,5min,Particulate Matter less than 2.5 microns in diameter,000048b02dd3c6d5.ws-nxcore,waggle-aqt530-5511,-9999.9,000048b02dd3c6d5,registry.sagecontinuum.org/kaludib/waggle-aqt530:1.00,vaisala-aqt530,waggle-aqt530,microgram per cubic meter,W095,core,W095
2026-07-15 03:45:02.832206430+00:00,aqt.particle.pm2.5,6.1,5min,Particulate Matter less than 2.5 microns in diameter,000048b02dd3c6d5.ws-nxcore,waggle-aqt530-5511,-9999.9,000048b02dd3c6d5,registry.sagecontinuum.org/kaludib/waggle-aqt530:1.00,vaisala-aqt530,waggle-aqt530,microgram per cubic meter,W095,core,W095
2026-07-15 03:50:03.041809254+00:00,aqt.particle.pm2.5,8.3,5min,Particulate Matter less than 2.5 microns in diameter,000048b02dd3c6d5.ws-nxcore,waggle-aqt530-5511,-9999.9,000048b02dd3c6d5,registry.sagecontinuum.org/kaludib/waggle-aqt530:1.00,vaisala-aqt530,waggle-aqt530,microgram per cubic meter,W095,core,W095
2026-07-15 03:55:03.265679654+00:00,aqt.particle.pm2.5,6.7,5min,Particulate Matter less than 2.5 microns in diameter,000048b02dd3c6d5.ws-nxcore,waggle-aqt530-5511,-9999.9,000048b02dd3c6d5,registry.sagecontinuum.org/kaludib/waggle-aqt530:1.00,vaisala-aqt530,waggle-aqt530,microgram per cubic meter,W095,core,W095
2026-07-15 04:00:03.432100643+00:00,aqt.particle.pm2.5,1.0,5min,Particulate Matter less than 2.5 microns in diameter,000048b02dd3c6d5.ws-nxcore,waggle-aqt530-5511,-9999.9,000048b02dd3c6d5,registry.sagecontinuum.org/kaludib/waggle-aqt530:1.00,vaisala-aqt530,waggle-aqt530,microgram per cubic meter,W095,core,W095
2026-07-15 04:05:02.605746962+00:00,aqt.particle.pm2.5,0.7,5min,Particulate Matter less than 2.5 microns in diameter,000048b02dd3c6d5.ws-nxcore,waggle-aqt530-5511,-9999.9,000048b02dd3c6d5,registry.sagecontinuum.org/kaludib/waggle-aqt530:1.00,vaisala-aqt530,waggle-aqt530,microgram per cubic meter,W095,core,W095
2026-07-15 04:10:02.792247175+00:00,aqt.particle.pm2.5,0.5,5min,Particulate Matter less than 2.5 microns in diameter,000048b02dd3c6d5.ws-nxcore,waggle-aqt530-5511,-9999.9,000048b02dd3c6d5,registry.sagecontinuum.org/kaludib/waggle-aqt530:1.00,vaisala-aqt530,waggle-aqt530,microgram per cubic meter,W095,core,W095
2026-07-15 04:15:03.004671034+00:00,aqt.particle.pm2.5,0.0,5min,Particulate Matter less than 2.5 microns in diameter,000048b02dd3c6d5.ws-nxcore,waggle-aqt530-5511,-9999.9,000048b02dd3c6d5,registry.sagecontinuum.org/kaludib/waggle-aqt530:1.00,vaisala-aqt530,waggle-aqt530,microgram per cubic meter,W095,core,W095
2026-07-15 04:20:03.230659967+00:00,aqt.particle.pm2.5,0.0,5min,Particulate Matter less than 2.5 microns in diameter,000048b02dd3c6d5.ws-nxcore,waggle-aqt530-5511,-9999.9,000048b02dd3c6d5,registry.sagecontinuum.org/kaludib/waggle-aqt530:1.00,vaisala-aqt530,waggle-aqt530,microgram per cubic meter,W095,core,W095
2026-07-15 04:25:03.436546589+00:00,aqt.particle.pm2.5,0.0,5min,Particulate Matter less than 2.5 microns in diameter,000048b02dd3c6d5.ws-nxcore,waggle-aqt530-5511,-9999.9,000048b02dd3c6d5,registry.sagecontinuum.org/kaludib/waggle-aqt530:1.00,vaisala-aqt530,waggle-aqt530,microgram per cubic meter,W095,core,W095
2026-07-15 04:30:02.646400666+00:00,aqt.particle.pm2.5,0.0,5min,Particulate Matter less than 2.5 microns in diameter,000048b02dd3c6d5.ws-nxcore,waggle-aqt530-5511,-9999.9,000048b02dd3c6d5,registry.sagecontinuum.org/kaludib/waggle-aqt530:1.00,vaisala-aqt530,waggle-aqt530,microgram per cubic meter,W095,core,W095
2026-07-15 04:35:02.860358460+00:00,aqt.particle.pm2.5,0.0,5min,Particulate Matter less than 2.5 microns in diameter,000048b02dd3c6d5.ws-nxcore,waggle-aqt530-5511,-9999.9,000048b02dd3c6d5,registry.sagecontinuum.org/kaludib/waggle-aqt530:1.00,vaisala-aqt530,waggle-aqt530,microgram per cubic meter,W095,core,W095
2026-07-15 04:40:03.072404721+00:00,aqt.particle.pm2.5,0.0,5min,Particulate Matter less than 2.5 microns in diameter,000048b02dd3c6d5.ws-nxcore,waggle-aqt530-5511,-9999.9,000048b02dd3c6d5,registry.sagecontinuum.org/kaludib/waggle-aqt530:1.00,vaisala-aqt530,waggle-aqt530,microgram per cubic meter,W095,core,W095
2026-07-15 04:45:03.270195594+00:00,aqt.particle.pm2.5,3.2,5min,Particulate Matter less than 2.5 microns in diameter,000048b02dd3c6d5.ws-nxcore,waggle-aqt530-5511,-9999.9,000048b02dd3c6d5,registry.sagecontinuum.org/kaludib/waggle-aqt530:1.00,vaisala-aqt530,waggle-aqt530,microgram per cubic meter,W095,core,W095
2026-07-15 04:50:02.489035318+00:00,aqt.particle.pm2.5,5.9,5min,Particulate Matter less than 2.5 microns in diameter,000048b02dd3c6d5.ws-nxcore,waggle-aqt530-5511,-9999.9,000048b02dd3c6d5,registry.sagecontinuum.org/kaludib/waggle-aqt530:1.00,vaisala-aqt530,waggle-aqt530,microgram per cubic meter,W095,core,W095
2026-07-15 04:55:02.725015631+00:00,aqt.particle.pm2.5,3.4,5min,Particulate Matter less than 2.5 microns in diameter,000048b02dd3c6d5.ws-nxcore,waggle-aqt530-5511,-9999.9,000048b02dd3c6d5,registry.sagecontinuum.org/kaludib/waggle-aqt530:1.00,vaisala-aqt530,waggle-aqt530,microgram per cubic meter,W095,core,W095
2026-07-15 05:00:02.955782938+00:00,aqt.particle.pm2.5,2.3,5min,Particulate Matter less than 2.5 microns in diameter,000048b02dd3c6d5.ws-nxcore,waggle-aqt530-5511,-9999.9,000048b02dd3c6d5,registry.sagecontinuum.org/kaludib/waggle-aqt530:1.00,vaisala-aqt530,waggle-aqt530,microgram per cubic meter,W095,core,W095
2026-07-15 05:05:03.158709853+00:00,aqt.particle.pm2.5,0.2,5min,Particulate Matter less than 2.5 microns in diameter,000048b02dd3c6d5.ws-nxcore,waggle-aqt530-5511,-9999.9,000048b02dd3c6d5,registry.sagecontinuum.org/kaludib/waggle-aqt530:1.00,vaisala-aqt530,waggle-aqt530,microgram per cubic meter,W095,core,W095
2026-07-15 05:10:03.378764132+00:00,aqt.particle.pm2.5,1.1,5min,Particulate Matter less than 2.5 microns in diameter,000048b02dd3c6d5.ws-nxcore,waggle-aqt530-5511,-9999.9,000048b02dd3c6d5,registry.sagecontinuum.org/kaludib/waggle-aqt530:1.00,vaisala-aqt530,waggle-aqt530,microgram per cubic meter,W095,core,W095
2026-07-15 05:15:02.589016606+00:00,aqt.particle.pm2.5,1.2,5min,Particulate Matter less than 2.5 microns in diameter,000048b02dd3c6d5.ws-nxcore,waggle-aqt530-5511,-9999.9,000048b02dd3c6d5,registry.sagecontinuum.org/kaludib/waggle-aqt530:1.00,vaisala-aqt530,waggle-aqt530,microgram per cubic meter,W095,core,W095
2026-07-15 05:20:02.805221297+00:00,aqt.particle.pm2.5,0.9,5min,Particulate Matter less than 2.5 microns in diameter,000048b02dd3c6d5.ws-nxcore,waggle-aqt530-5511,-9999.9,000048b02dd3c6d5,registry.sagecontinuum.org/kaludib/waggle-aqt530:1.00,vaisala-aqt530,waggle-aqt530,microgram per cubic meter,W095,core,W095
2026-07-15 05:25:03.016825584+00:00,aqt.particle.pm2.5,1.4,5min,Particulate Matter less than 2.5 microns in diameter,000048b02dd3c6d5.ws-nxcore,waggle-aqt530-5511,-9999.9,000048b02dd3c6d5,registry.sagecontinuum.org/kaludib/waggle-aqt530:1.00,vaisala-aqt530,waggle-aqt530,microgram per cubic meter,W095,core,W095
2026-07-15 05:30:03.243954529+00:00,aqt.particle.pm2.5,2.1,5min,Particulate Matter less than 2.5 microns in diameter,000048b02dd3c6d5.ws-nxcore,waggle-aqt530-5511,-9999.9,000048b02dd3c6d5,registry.sagecontinuum.org/kaludib/waggle-aqt530:1.00,vaisala-aqt530,waggle-aqt530,microgram per cubic meter,W095,core,W095
2026-07-15 05:35:02.460469611+00:00,aqt.particle.pm2.5,1.4,5min,Particulate Matter less than 2.5 microns in diameter,000048b02dd3c6d5.ws-nxcore,waggle-aqt530-5511,-9999.9,000048b02dd3c6d5,registry.sagecontinuum.org/kaludib/waggle-aqt530:1.00,vaisala-aqt530,waggle-aqt530,microgram per cubic meter,W095,core,W095
2026-07-15 05:40:02.684152382+00:00,aqt.particle.pm2.5,1.7,5min,Particulate Matter less than 2.5 microns in diameter,000048b02dd3c6d5.ws-nxcore,waggle-aqt530-5511,-9999.9,000048b02dd3c6d5,registry.sagecontinuum.org/kaludib/waggle-aqt530:1.00,vaisala-aqt530,waggle-aqt530,microgram per cubic meter,W095,core,W095
2026-07-15 05:45:02.900315049+00:00,aqt.particle.pm2.5,3.0,5min,Particulate Matter less than 2.5 microns in diameter,000048b02dd3c6d5.ws-nxcore,waggle-aqt530-5511,-9999.9,000048b02dd3c6d5,registry.sagecontinuum.org/kaludib/waggle-aqt530:1.00,vaisala-aqt530,waggle-aqt530,microgram per cubic meter,W095,core,W095
2026-07-15 05:50:03.106528031+00:00,aqt.particle.pm2.5,3.5,5min,Particulate Matter less than 2.5 microns in diameter,000048b02dd3c6d5.ws-nxcore,waggle-aqt530-5511,-9999.9,000048b02dd3c6d5,registry.sagecontinuum.org/kaludib/waggle-aqt530:1.00,vaisala-aqt530,waggle-aqt530,microgram per cubic meter,W095,core,W095
2026-07-15 05:55:03.323027684+00:00,aqt.particle.pm2.5,3.9,5min,Particulate Matter less than 2.5 microns in diameter,000048b02dd3c6d5.ws-nxcore,waggle-aqt530-5511,-9999.9,000048b02dd3c6d5,registry.sagecontinuum.org/kaludib/waggle-aqt530:1.00,vaisala-aqt530,waggle-aqt530,microgram per cubic meter,W095,core,W095
2026-07-15 06:00:02.689788687+00:00,aqt.particle.pm2.5,3.4,5min,Particulate Matter less than 2.5 microns in diameter,000048b02dd3c6d5.ws-nxcore,waggle-aqt530-5511,-9999.9,000048b02dd3c6d5,registry.sagecontinuum.org/kaludib/waggle-aqt530:1.00,vaisala-aqt530,waggle-aqt530,microgram per cubic meter,W095,core,W095
2026-07-15 06:05:02.769876194+00:00,aqt.particle.pm2.5,3.9,5min,Particulate Matter less than 2.5 microns in diameter,000048b02dd3c6d5.ws-nxcore,waggle-aqt530-5511,-9999.9,000048b02dd3c6d5,registry.sagecontinuum.org/kaludib/waggle-aqt530:1.00,vaisala-aqt530,waggle-aqt530,microgram per cubic meter,W095,core,W095
2026-07-15 06:10:02.980298390+00:00,aqt.particle.pm2.5,3.8,5min,Particulate Matter less than 2.5 microns in diameter,000048b02dd3c6d5.ws-nxcore,waggle-aqt530-5511,-9999.9,000048b02dd3c6d5,registry.sagecontinuum.org/kaludib/waggle-aqt530:1.00,vaisala-aqt530,waggle-aqt530,microgram per cubic meter,W095,core,W095
2026-07-15 06:15:03.201410873+00:00,aqt.particle.pm2.5,2.0,5min,Particulate Matter less than 2.5 microns in diameter,000048b02dd3c6d5.ws-nxcore,waggle-aqt530-5511,-9999.9,000048b02dd3c6d5,registry.sagecontinuum.org/kaludib/waggle-aqt530:1.00,vaisala-aqt530,waggle-aqt530,microgram per cubic meter,W095,core,W095
2026-07-15 06:20:03.423193047+00:00,aqt.particle.pm2.5,1.1,5min,Particulate Matter less than 2.5 microns in diameter,000048b02dd3c6d5.ws-nxcore,waggle-aqt530-5511,-9999.9,000048b02dd3c6d5,registry.sagecontinuum.org/kaludib/waggle-aqt530:1.00,vaisala-aqt530,waggle-aqt530,microgram per cubic meter,W095,core,W095
2026-07-15 06:25:02.636531961+00:00,aqt.particle.pm2.5,2.1,5min,Particulate Matter less than 2.5 microns in diameter,000048b02dd3c6d5.ws-nxcore,waggle-aqt530-5511,-9999.9,000048b02dd3c6d5,registry.sagecontinuum.org/kaludib/waggle-aqt530:1.00,vaisala-aqt530,waggle-aqt530,microgram per cubic meter,W095,core,W095
2026-07-15 06:30:02.843521275+00:00,aqt.particle.pm2.5,2.5,5min,Particulate Matter less than 2.5 microns in diameter,000048b02dd3c6d5.ws-nxcore,waggle-aqt530-5511,-9999.9,000048b02dd3c6d5,registry.sagecontinuum.org/kaludib/waggle-aqt530:1.00,vaisala-aqt530,waggle-aqt530,microgram per cubic meter,W095,core,W095
2026-07-15 06:35:03.061734062+00:00,aqt.particle.pm2.5,3.4,5min,Particulate Matter less than 2.5 microns in diameter,000048b02dd3c6d5.ws-nxcore,waggle-aqt530-5511,-9999.9,000048b02dd3c6d5,registry.sagecontinuum.org/kaludib/waggle-aqt530:1.00,vaisala-aqt530,waggle-aqt530,microgram per cubic meter,W095,core,W095
2026-07-15 06:40:03.287463795+00:00,aqt.particle.pm2.5,2.5,5min,Particulate Matter less than 2.5 microns in diameter,000048b02dd3c6d5.ws-nxcore,waggle-aqt530-5511,-9999.9,000048b02dd3c6d5,registry.sagecontinuum.org/kaludib/waggle-aqt530:1.00,vaisala-aqt530,waggle-aqt530,microgram per cubic meter,W095,core,W095
2026-07-15 06:45:02.493611608+00:00,aqt.particle.pm2.5,0.8,5min,Particulate Matter less than 2.5 microns in diameter,000048b02dd3c6d5.ws-nxcore,waggle-aqt530-5511,-9999.9,000048b02dd3c6d5,registry.sagecontinuum.org/kaludib/waggle-aqt530:1.00,vaisala-aqt530,waggle-aqt530,microgram per cubic meter,W095,core,W095
2026-07-15 06:50:02.704567516+00:00,aqt.particle.pm2.5,1.0,5min,Particulate Matter less than 2.5 microns in diameter,000048b02dd3c6d5.ws-nxcore,waggle-aqt530-5511,-9999.9,000048b02dd3c6d5,registry.sagecontinuum.org/kaludib/waggle-aqt530:1.00,vaisala-aqt530,waggle-aqt530,microgram per cubic meter,W095,core,W095
2026-07-15 06:55:02.919124416+00:00,aqt.particle.pm2.5,0.4,5min,Particulate Matter less than 2.5 microns in diameter,000048b02dd3c6d5.ws-nxcore,waggle-aqt530-5511,-9999.9,000048b02dd3c6d5,registry.sagecontinuum.org/kaludib/waggle-aqt530:1.00,vaisala-aqt530,waggle-aqt530,microgram per cubic meter,W095,core,W095
2026-07-15 07:00:03.139118718+00:00,aqt.particle.pm2.5,0.3,5min,Particulate Matter less than 2.5 microns in diameter,000048b02dd3c6d5.ws-nxcore,waggle-aqt530-5511,-9999.9,000048b02dd3c6d5,registry.sagecontinuum.org/kaludib/waggle-aqt530:1.00,vaisala-aqt530,waggle-aqt530,microgram per cubic meter,W095,core,W095
2026-07-15 07:05:03.360687643+00:00,aqt.particle.pm2.5,0.4,5min,Particulate Matter less than 2.5 microns in diameter,000048b02dd3c6d5.ws-nxcore,waggle-aqt530-5511,-9999.9,000048b02dd3c6d5,registry.sagecontinuum.org/kaludib/waggle-aqt530:1.00,vaisala-aqt530,waggle-aqt530,microgram per cubic meter,W095,core,W095
2026-07-15 07:10:02.586732992+00:00,aqt.particle.pm2.5,0.5,5min,Particulate Matter less than 2.5 microns in diameter,000048b02dd3c6d5.ws-nxcore,waggle-aqt530-5511,-9999.9,000048b02dd3c6d5,registry.sagecontinuum.org/kaludib/waggle-aqt530:1.00,vaisala-aqt530,waggle-aqt530,microgram per cubic meter,W095,core,W095
2026-07-15 07:15:02.800634367+00:00,aqt.particle.pm2.5,0.5,5min,Particulate Matter less than 2.5 microns in diameter,000048b02dd3c6d5.ws-nxcore,waggle-aqt530-5511,-9999.9,000048b02dd3c6d5,registry.sagecontinuum.org/kaludib/waggle-aqt530:1.00,vaisala-aqt530,waggle-aqt530,microgram per cubic meter,W095,core,W095
2026-07-15 07:20:03.028516373+00:00,aqt.particle.pm2.5,0.2,5min,Particulate Matter less than 2.5 microns in diameter,000048b02dd3c6d5.ws-nxcore,waggle-aqt530-5511,-9999.9,000048b02dd3c6d5,registry.sagecontinuum.org/kaludib/waggle-aqt530:1.00,vaisala-aqt530,waggle-aqt530,microgram per cubic meter,W095,core,W095
2026-07-15 07:25:03.235586632+00:00,aqt.particle.pm2.5,0.4,5min,Particulate Matter less than 2.5 microns in diameter,000048b02dd3c6d5.ws-nxcore,waggle-aqt530-5511,-9999.9,000048b02dd3c6d5,registry.sagecontinuum.org/kaludib/waggle-aqt530:1.00,vaisala-aqt530,waggle-aqt530,microgram per cubic meter,W095,core,W095
2026-07-15 07:30:02.465666898+00:00,aqt.particle.pm2.5,0.4,5min,Particulate Matter less than 2.5 microns in diameter,000048b02dd3c6d5.ws-nxcore,waggle-aqt530-5511,-9999.9,000048b02dd3c6d5,registry.sagecontinuum.org/kaludib/waggle-aqt530:1.00,vaisala-aqt530,waggle-aqt530,microgram per cubic meter,W095,core,W095
2026-07-15 07:35:02.675111733+00:00,aqt.particle.pm2.5,0.3,5min,Particulate Matter less than 2.5 microns in diameter,000048b02dd3c6d5.ws-nxcore,waggle-aqt530-5511,-9999.9,000048b02dd3c6d5,registry.sagecontinuum.org/kaludib/waggle-aqt530:1.00,vaisala-aqt530,waggle-aqt530,microgram per cubic meter,W095,core,W095
2026-07-15 07:40:02.893893895+00:00,aqt.particle.pm2.5,0.2,5min,Particulate Matter less than 2.5 microns in diameter,000048b02dd3c6d5.ws-nxcore,waggle-aqt530-5511,-9999.9,000048b02dd3c6d5,registry.sagecontinuum.org/kaludib/waggle-aqt530:1.00,vaisala-aqt530,waggle-aqt530,microgram per cubic meter,W095,core,W095
2026-07-15 07:45:03.110378909+00:00,aqt.particle.pm2.5,0.3,5min,Particulate Matter less than 2.5 microns in diameter,000048b02dd3c6d5.ws-nxcore,waggle-aqt530-5511,-9999.9,000048b02dd3c6d5,registry.sagecontinuum.org/kaludib/waggle-aqt530:1.00,vaisala-aqt530,waggle-aqt530,microgram per cubic meter,W095,core,W095
2026-07-15 07:50:03.316753183+00:00,aqt.particle.pm2.5,0.2,5min,Particulate Matter less than 2.5 microns in diameter,000048b02dd3c6d5.ws-nxcore,waggle-aqt530-5511,-9999.9,000048b02dd3c6d5,registry.sagecontinuum.org/kaludib/waggle-aqt530:1.00,vaisala-aqt530,waggle-aqt530,microgram per cubic meter,W095,core,W095
2026-07-15 07:55:02.527323666+00:00,aqt.particle.pm2.5,0.3,5min,Particulate Matter less than 2.5 microns in diameter,000048b02dd3c6d5.ws-nxcore,waggle-aqt530-5511,-9999.9,000048b02dd3c6d5,registry.sagecontinuum.org/kaludib/waggle-aqt530:1.00,vaisala-aqt530,waggle-aqt530,microgram per cubic meter,W095,core,W095
2026-07-15 08:00:02.746714076+00:00,aqt.particle.pm2.5,0.3,5min,Particulate Matter less than 2.5 microns in diameter,000048b02dd3c6d5.ws-nxcore,waggle-aqt530-5511,-9999.9,000048b02dd3c6d5,registry.sagecontinuum.org/kaludib/waggle-aqt530:1.00,vaisala-aqt530,waggle-aqt530,microgram per cubic meter,W095,core,W095
2026-07-15 08:05:02.967545569+00:00,aqt.particle.pm2.5,0.3,5min,Particulate Matter less than 2.5 microns in diameter,000048b02dd3c6d5.ws-nxcore,waggle-aqt530-5511,-9999.9,000048b02dd3c6d5,registry.sagecontinuum.org/kaludib/waggle-aqt530:1.00,vaisala-aqt530,waggle-aqt530,microgram per cubic meter,W095,core,W095
2026-07-15 08:10:03.174134942+00:00,aqt.particle.pm2.5,0.3,5min,Particulate Matter less than 2.5 microns in diameter,000048b02dd3c6d5.ws-nxcore,waggle-aqt530-5511,-9999.9,000048b02dd3c6d5,registry.sagecontinuum.org/kaludib/waggle-aqt530:1.00,vaisala-aqt530,waggle-aqt530,microgram per cubic meter,W095,core,W095
2026-07-15 08:15:03.382313148+00:00,aqt.particle.pm2.5,0.3,5min,Particulate Matter less than 2.5 microns in diameter,000048b02dd3c6d5.ws-nxcore,waggle-aqt530-5511,-9999.9,000048b02dd3c6d5,registry.sagecontinuum.org/kaludib/waggle-aqt530:1.00,vaisala-aqt530,waggle-aqt530,microgram per cubic meter,W095,core,W095
2026-07-15 08:20:02.574651005+00:00,aqt.particle.pm2.5,0.4,5min,Particulate Matter less than 2.5 microns in diameter,000048b02dd3c6d5.ws-nxcore,waggle-aqt530-5511,-9999.9,000048b02dd3c6d5,registry.sagecontinuum.org/kaludib/waggle-aqt530:1.00,vaisala-aqt530,waggle-aqt530,microgram per cubic meter,W095,core,W095
2026-07-15 08:25:02.781683794+00:00,aqt.particle.pm2.5,0.5,5min,Particulate Matter less than 2.5 microns in diameter,000048b02dd3c6d5.ws-nxcore,waggle-aqt530-5511,-9999.9,000048b02dd3c6d5,registry.sagecontinuum.org/kaludib/waggle-aqt530:1.00,vaisala-aqt530,waggle-aqt530,microgram per cubic meter,W095,core,W095
2026-07-15 08:30:02.979205668+00:00,aqt.particle.pm2.5,0.6,5min,Particulate Matter less than 2.5 microns in diameter,000048b02dd3c6d5.ws-nxcore,waggle-aqt530-5511,-9999.9,000048b02dd3c6d5,registry.sagecontinuum.org/kaludib/waggle-aqt530:1.00,vaisala-aqt530,waggle-aqt530,microgram per cubic meter,W095,core,W095
2026-07-15 08:35:03.192003308+00:00,aqt.particle.pm2.5,0.7,5min,Particulate Matter less than 2.5 microns in diameter,000048b02dd3c6d5.ws-nxcore,waggle-aqt530-5511,-9999.9,000048b02dd3c6d5,registry.sagecontinuum.org/kaludib/waggle-aqt530:1.00,vaisala-aqt530,waggle-aqt530,microgram per cubic meter,W095,core,W095
2026-07-15 08:40:02.398637744+00:00,aqt.particle.pm2.5,0.7,5min,Particulate Matter less than 2.5 microns in diameter,000048b02dd3c6d5.ws-nxcore,waggle-aqt530-5511,-9999.9,000048b02dd3c6d5,registry.sagecontinuum.org/kaludib/waggle-aqt530:1.00,vaisala-aqt530,waggle-aqt530,microgram per cubic meter,W095,core,W095
2026-07-15 08:45:02.613530167+00:00,aqt.particle.pm2.5,0.8,5min,Particulate Matter less than 2.5 microns in diameter,000048b02dd3c6d5.ws-nxcore,waggle-aqt530-5511,-9999.9,000048b02dd3c6d5,registry.sagecontinuum.org/kaludib/waggle-aqt530:1.00,vaisala-aqt530,waggle-aqt530,microgram per cubic meter,W095,core,W095
2026-07-15 08:50:02.839204287+00:00,aqt.particle.pm2.5,0.8,5min,Particulate Matter less than 2.5 microns in diameter,000048b02dd3c6d5.ws-nxcore,waggle-aqt530-5511,-9999.9,000048b02dd3c6d5,registry.sagecontinuum.org/kaludib/waggle-aqt530:1.00,vaisala-aqt530,waggle-aqt530,microgram per cubic meter,W095,core,W095
2026-07-15 08:55:03.051906013+00:00,aqt.particle.pm2.5,1.1,5min,Particulate Matter less than 2.5 microns in diameter,000048b02dd3c6d5.ws-nxcore,waggle-aqt530-5511,-9999.9,000048b02dd3c6d5,registry.sagecontinuum.org/kaludib/waggle-aqt530:1.00,vaisala-aqt530,waggle-aqt530,microgram per cubic meter,W095,core,W095
2026-07-15 09:00:03.274017578+00:00,aqt.particle.pm2.5,1.0,5min,Particulate Matter less than 2.5 microns in diameter,000048b02dd3c6d5.ws-nxcore,waggle-aqt530-5511,-9999.9,000048b02dd3c6d5,registry.sagecontinuum.org/kaludib/waggle-aqt530:1.00,vaisala-aqt530,waggle-aqt530,microgram per cubic meter,W095,core,W095
2026-07-15 09:05:02.487659423+00:00,aqt.particle.pm2.5,1.1,5min,Particulate Matter less than 2.5 microns in diameter,000048b02dd3c6d5.ws-nxcore,waggle-aqt530-5511,-9999.9,000048b02dd3c6d5,registry.sagecontinuum.org/kaludib/waggle-aqt530:1.00,vaisala-aqt530,waggle-aqt530,microgram per cubic meter,W095,core,W095
2026-07-15 09:10:02.707243723+00:00,aqt.particle.pm2.5,1.1,5min,Particulate Matter less than 2.5 microns in diameter,000048b02dd3c6d5.ws-nxcore,waggle-aqt530-5511,-9999.9,000048b02dd3c6d5,registry.sagecontinuum.org/kaludib/waggle-aqt530:1.00,vaisala-aqt530,waggle-aqt530,microgram per cubic meter,W095,core,W095
2026-07-15 09:15:02.911199198+00:00,aqt.particle.pm2.5,1.1,5min,Particulate Matter less than 2.5 microns in diameter,000048b02dd3c6d5.ws-nxcore,waggle-aqt530-5511,-9999.9,000048b02dd3c6d5,registry.sagecontinuum.org/kaludib/waggle-aqt530:1.00,vaisala-aqt530,waggle-aqt530,microgram per cubic meter,W095,core,W095
2026-07-15 09:20:03.131237218+00:00,aqt.particle.pm2.5,1.4,5min,Particulate Matter less than 2.5 microns in diameter,000048b02dd3c6d5.ws-nxcore,waggle-aqt530-5511,-9999.9,000048b02dd3c6d5,registry.sagecontinuum.org/kaludib/waggle-aqt530:1.00,vaisala-aqt530,waggle-aqt530,microgram per cubic meter,W095,core,W095
2026-07-15 09:25:02.356635359+00:00,aqt.particle.pm2.5,1.3,5min,Particulate Matter less than 2.5 microns in diameter,000048b02dd3c6d5.ws-nxcore,waggle-aqt530-5511,-9999.9,000048b02dd3c6d5,registry.sagecontinuum.org/kaludib/waggle-aqt530:1.00,vaisala-aqt530,waggle-aqt530,microgram per cubic meter,W095,core,W095
2026-07-15 09:30:02.587458010+00:00,aqt.particle.pm2.5,1.3,5min,Particulate Matter less than 2.5 microns in diameter,000048b02dd3c6d5.ws-nxcore,waggle-aqt530-5511,-9999.9,000048b02dd3c6d5,registry.sagecontinuum.org/kaludib/waggle-aqt530:1.00,vaisala-aqt530,waggle-aqt530,microgram per cubic meter,W095,core,W095
2026-07-15 09:35:02.799715740+00:00,aqt.particle.pm2.5,1.3,5min,Particulate Matter less than 2.5 microns in diameter,000048b02dd3c6d5.ws-nxcore,waggle-aqt530-5511,-9999.9,000048b02dd3c6d5,registry.sagecontinuum.org/kaludib/waggle-aqt530:1.00,vaisala-aqt530,waggle-aqt530,microgram per cubic meter,W095,core,W095
2026-07-15 09:40:03.023939869+00:00,aqt.particle.pm2.5,1.1,5min,Particulate Matter less than 2.5 microns in diameter,000048b02dd3c6d5.ws-nxcore,waggle-aqt530-5511,-9999.9,000048b02dd3c6d5,registry.sagecontinuum.org/kaludib/waggle-aqt530:1.00,vaisala-aqt530,waggle-aqt530,microgram per cubic meter,W095,core,W095
2026-07-15 09:45:03.245598204+00:00,aqt.particle.pm2.5,0.8,5min,Particulate Matter less than 2.5 microns in diameter,000048b02dd3c6d5.ws-nxcore,waggle-aqt530-5511,-9999.9,000048b02dd3c6d5,registry.sagecontinuum.org/kaludib/waggle-aqt530:1.00,vaisala-aqt530,waggle-aqt530,microgram per cubic meter,W095,core,W095
2026-07-15 09:50:02.459812393+00:00,aqt.particle.pm2.5,0.6,5min,Particulate Matter less than 2.5 microns in diameter,000048b02dd3c6d5.ws-nxcore,waggle-aqt530-5511,-9999.9,000048b02dd3c6d5,registry.sagecontinuum.org/kaludib/waggle-aqt530:1.00,vaisala-aqt530,waggle-aqt530,microgram per cubic meter,W095,core,W095
2026-07-15 09:55:02.666706700+00:00,aqt.particle.pm2.5,0.4,5min,Particulate Matter less than 2.5 microns in diameter,000048b02dd3c6d5.ws-nxcore,waggle-aqt530-5511,-9999.9,000048b02dd3c6d5,registry.sagecontinuum.org/kaludib/waggle-aqt530:1.00,vaisala-aqt530,waggle-aqt530,microgram per cubic meter,W095,core,W095
2026-07-15 10:00:02.919578900+00:00,aqt.particle.pm2.5,0.4,5min,Particulate Matter less than 2.5 microns in diameter,000048b02dd3c6d5.ws-nxcore,waggle-aqt530-5511,-9999.9,000048b02dd3c6d5,registry.sagecontinuum.org/kaludib/waggle-aqt530:1.00,vaisala-aqt530,waggle-aqt530,microgram per cubic meter,W095,core,W095
2026-07-15 10:05:03.157802055+00:00,aqt.particle.pm2.5,0.4,5min,Particulate Matter less than 2.5 microns in diameter,000048b02dd3c6d5.ws-nxcore,waggle-aqt530-5511,-9999.9,000048b02dd3c6d5,registry.sagecontinuum.org/kaludib/waggle-aqt530:1.00,vaisala-aqt530,waggle-aqt530,microgram per cubic meter,W095,core,W095
2026-07-15 10:10:02.384627759+00:00,aqt.particle.pm2.5,0.3,5min,Particulate Matter less than 2.5 microns in diameter,000048b02dd3c6d5.ws-nxcore,waggle-aqt530-5511,-9999.9,000048b02dd3c6d5,registry.sagecontinuum.org/kaludib/waggle-aqt530:1.00,vaisala-aqt530,waggle-aqt530,microgram per cubic meter,W095,core,W095
2026-07-15 10:15:02.599578533+00:00,aqt.particle.pm2.5,0.2,5min,Particulate Matter less than 2.5 microns in diameter,000048b02dd3c6d5.ws-nxcore,waggle-aqt530-5511,-9999.9,000048b02dd3c6d5,registry.sagecontinuum.org/kaludib/waggle-aqt530:1.00,vaisala-aqt530,waggle-aqt530,microgram per cubic meter,W095,core,W095
2026-07-15 10:20:02.827010708+00:00,aqt.particle.pm2.5,0.1,5min,Particulate Matter less than 2.5 microns in diameter,000048b02dd3c6d5.ws-nxcore,waggle-aqt530-5511,-9999.9,000048b02dd3c6d5,registry.sagecontinuum.org/kaludib/waggle-aqt530:1.00,vaisala-aqt530,waggle-aqt530,microgram per cubic meter,W095,core,W095
2026-07-15 10:25:03.052974507+00:00,aqt.particle.pm2.5,0.4,5min,Particulate Matter less than 2.5 microns in diameter,000048b02dd3c6d5.ws-nxcore,waggle-aqt530-5511,-9999.9,000048b02dd3c6d5,registry.sagecontinuum.org/kaludib/waggle-aqt530:1.00,vaisala-aqt530,waggle-aqt530,microgram per cubic meter,W095,core,W095
2026-07-15 10:30:03.279406349+00:00,aqt.particle.pm2.5,0.2,5min,Particulate Matter less than 2.5 microns in diameter,000048b02dd3c6d5.ws-nxcore,waggle-aqt530-5511,-9999.9,000048b02dd3c6d5,registry.sagecontinuum.org/kaludib/waggle-aqt530:1.00,vaisala-aqt530,waggle-aqt530,microgram per cubic meter,W095,core,W095
2026-07-15 10:35:02.440263548+00:00,aqt.particle.pm2.5,0.3,5min,Particulate Matter less than 2.5 microns in diameter,000048b02dd3c6d5.ws-nxcore,waggle-aqt530-5511,-9999.9,000048b02dd3c6d5,registry.sagecontinuum.org/kaludib/waggle-aqt530:1.00,vaisala-aqt530,waggle-aqt530,microgram per cubic meter,W095,core,W095
2026-07-15 10:40:02.602437176+00:00,aqt.particle.pm2.5,0.2,5min,Particulate Matter less than 2.5 microns in diameter,000048b02dd3c6d5.ws-nxcore,waggle-aqt530-5511,-9999.9,000048b02dd3c6d5,registry.sagecontinuum.org/kaludib/waggle-aqt530:1.00,vaisala-aqt530,waggle-aqt530,microgram per cubic meter,W095,core,W095
2026-07-15 10:45:02.794167784+00:00,aqt.particle.pm2.5,0.3,5min,Particulate Matter less than 2.5 microns in diameter,000048b02dd3c6d5.ws-nxcore,waggle-aqt530-5511,-9999.9,000048b02dd3c6d5,registry.sagecontinuum.org/kaludib/waggle-aqt530:1.00,vaisala-aqt530,waggle-aqt530,microgram per cubic meter,W095,core,W095
2026-07-15 10:50:02.994439025+00:00,aqt.particle.pm2.5,0.3,5min,Particulate Matter less than 2.5 microns in diameter,000048b02dd3c6d5.ws-nxcore,waggle-aqt530-5511,-9999.9,000048b02dd3c6d5,registry.sagecontinuum.org/kaludib/waggle-aqt530:1.00,vaisala-aqt530,waggle-aqt530,microgram per cubic meter,W095,core,W095
2026-07-15 10:55:03.185110689+00:00,aqt.particle.pm2.5,0.2,5min,Particulate Matter less than 2.5 microns in diameter,000048b02dd3c6d5.ws-nxcore,waggle-aqt530-5511,-9999.9,000048b02dd3c6d5,registry.sagecontinuum.org/kaludib/waggle-aqt530:1.00,vaisala-aqt530,waggle-aqt530,microgram per cubic meter,W095,core,W095
2026-07-15 11:00:02.386039207+00:00,aqt.particle.pm2.5,0.3,5min,Particulate Matter less than 2.5 microns in diameter,000048b02dd3c6d5.ws-nxcore,waggle-aqt530-5511,-9999.9,000048b02dd3c6d5,registry.sagecontinuum.org/kaludib/waggle-aqt530:1.00,vaisala-aqt530,waggle-aqt530,microgram per cubic meter,W095,core,W095
2026-07-15 11:05:02.595053600+00:00,aqt.particle.pm2.5,0.4,5min,Particulate Matter less than 2.5 microns in diameter,000048b02dd3c6d5.ws-nxcore,waggle-aqt530-5511,-9999.9,000048b02dd3c6d5,registry.sagecontinuum.org/kaludib/waggle-aqt530:1.00,vaisala-aqt530,waggle-aqt530,microgram per cubic meter,W095,core,W095
2026-07-15 11:10:02.805508997+00:00,aqt.particle.pm2.5,0.3,5min,Particulate Matter less than 2.5 microns in diameter,000048b02dd3c6d5.ws-nxcore,waggle-aqt530-5511,-9999.9,000048b02dd3c6d5,registry.sagecontinuum.org/kaludib/waggle-aqt530:1.00,vaisala-aqt530,waggle-aqt530,microgram per cubic meter,W095,core,W095
2026-07-15 11:15:03.001861086+00:00,aqt.particle.pm2.5,0.4,5min,Particulate Matter less than 2.5 microns in diameter,000048b02dd3c6d5.ws-nxcore,waggle-aqt530-5511,-9999.9,000048b02dd3c6d5,registry.sagecontinuum.org/kaludib/waggle-aqt530:1.00,vaisala-aqt530,waggle-aqt530,microgram per cubic meter,W095,core,W095
2026-07-15 11:20:02.222308750+00:00,aqt.particle.pm2.5,0.3,5min,Particulate Matter less than 2.5 microns in diameter,000048b02dd3c6d5.ws-nxcore,waggle-aqt530-5511,-9999.9,000048b02dd3c6d5,registry.sagecontinuum.org/kaludib/waggle-aqt530:1.00,vaisala-aqt530,waggle-aqt530,microgram per cubic meter,W095,core,W095
2026-07-15 11:25:02.459207127+00:00,aqt.particle.pm2.5,0.4,5min,Particulate Matter less than 2.5 microns in diameter,000048b02dd3c6d5.ws-nxcore,waggle-aqt530-5511,-9999.9,000048b02dd3c6d5,registry.sagecontinuum.org/kaludib/waggle-aqt530:1.00,vaisala-aqt530,waggle-aqt530,microgram per cubic meter,W095,core,W095
2026-07-15 11:30:02.711042392+00:00,aqt.particle.pm2.5,0.7,5min,Particulate Matter less than 2.5 microns in diameter,000048b02dd3c6d5.ws-nxcore,waggle-aqt530-5511,-9999.9,000048b02dd3c6d5,registry.sagecontinuum.org/kaludib/waggle-aqt530:1.00,vaisala-aqt530,waggle-aqt530,microgram per cubic meter,W095,core,W095
2026-07-15 11:35:02.929366063+00:00,aqt.particle.pm2.5,3.5,5min,Particulate Matter less than 2.5 microns in diameter,000048b02dd3c6d5.ws-nxcore,waggle-aqt530-5511,-9999.9,000048b02dd3c6d5,registry.sagecontinuum.org/kaludib/waggle-aqt530:1.00,vaisala-aqt530,waggle-aqt530,microgram per cubic meter,W095,core,W095
2026-07-15 11:40:03.156994428+00:00,aqt.particle.pm2.5,4.7,5min,Particulate Matter less than 2.5 microns in diameter,000048b02dd3c6d5.ws-nxcore,waggle-aqt530-5511,-9999.9,000048b02dd3c6d5,registry.sagecontinuum.org/kaludib/waggle-aqt530:1.00,vaisala-aqt530,waggle-aqt530,microgram per cubic meter,W095,core,W095
2026-07-15 11:45:02.365152807+00:00,aqt.particle.pm2.5,3.9,5min,Particulate Matter less than 2.5 microns in diameter,000048b02dd3c6d5.ws-nxcore,waggle-aqt530-5511,-9999.9,000048b02dd3c6d5,registry.sagecontinuum.org/kaludib/waggle-aqt530:1.00,vaisala-aqt530,waggle-aqt530,microgram per cubic meter,W095,core,W095
2026-07-15 11:50:02.585337756+00:00,aqt.particle.pm2.5,2.8,5min,Particulate Matter less than 2.5 microns in diameter,000048b02dd3c6d5.ws-nxcore,waggle-aqt530-5511,-9999.9,000048b02dd3c6d5,registry.sagecontinuum.org/kaludib/waggle-aqt530:1.00,vaisala-aqt530,waggle-aqt530,microgram per cubic meter,W095,core,W095
2026-07-15 11:55:02.793826509+00:00,aqt.particle.pm2.5,5.3,5min,Particulate Matter less than 2.5 microns in diameter,000048b02dd3c6d5.ws-nxcore,waggle-aqt530-5511,-9999.9,000048b02dd3c6d5,registry.sagecontinuum.org/kaludib/waggle-aqt530:1.00,vaisala-aqt530,waggle-aqt530,microgram per cubic meter,W095,core,W095
2026-07-15 12:00:03.017947587+00:00,aqt.particle.pm2.5,8.2,5min,Particulate Matter less than 2.5 microns in diameter,000048b02dd3c6d5.ws-nxcore,waggle-aqt530-5511,-9999.9,000048b02dd3c6d5,registry.sagecontinuum.org/kaludib/waggle-aqt530:1.00,vaisala-aqt530,waggle-aqt530,microgram per cubic meter,W095,core,W095
2026-07-15 12:05:02.231209520+00:00,aqt.particle.pm2.5,3.0,5min,Particulate Matter less than 2.5 microns in diameter,000048b02dd3c6d5.ws-nxcore,waggle-aqt530-5511,-9999.9,000048b02dd3c6d5,registry.sagecontinuum.org/kaludib/waggle-aqt530:1.00,vaisala-aqt530,waggle-aqt530,microgram per cubic meter,W095,core,W095
2026-07-15 12:10:02.453696132+00:00,aqt.particle.pm2.5,1.9,5min,Particulate Matter less than 2.5 microns in diameter,000048b02dd3c6d5.ws-nxcore,waggle-aqt530-5511,-9999.9,000048b02dd3c6d5,registry.sagecontinuum.org/kaludib/waggle-aqt530:1.00,vaisala-aqt530,waggle-aqt530,microgram per cubic meter,W095,core,W095
2026-07-15 12:15:02.659487927+00:00,aqt.particle.pm2.5,2.1,5min,Particulate Matter less than 2.5 microns in diameter,000048b02dd3c6d5.ws-nxcore,waggle-aqt530-5511,-9999.9,000048b02dd3c6d5,registry.sagecontinuum.org/kaludib/waggle-aqt530:1.00,vaisala-aqt530,waggle-aqt530,microgram per cubic meter,W095,core,W095
2026-07-15 12:20:02.874362961+00:00,aqt.particle.pm2.5,2.4,5min,Particulate Matter less than 2.5 microns in diameter,000048b02dd3c6d5.ws-nxcore,waggle-aqt530-5511,-9999.9,000048b02dd3c6d5,registry.sagecontinuum.org/kaludib/waggle-aqt530:1.00,vaisala-aqt530,waggle-aqt530,microgram per cubic meter,W095,core,W095
2026-07-15 12:25:03.092699996+00:00,aqt.particle.pm2.5,5.7,5min,Particulate Matter less than 2.5 microns in diameter,000048b02dd3c6d5.ws-nxcore,waggle-aqt530-5511,-9999.9,000048b02dd3c6d5,registry.sagecontinuum.org/kaludib/waggle-aqt530:1.00,vaisala-aqt530,waggle-aqt530,microgram per cubic meter,W095,core,W095
2026-07-15 12:30:02.306027499+00:00,aqt.particle.pm2.5,5.9,5min,Particulate Matter less than 2.5 microns in diameter,000048b02dd3c6d5.ws-nxcore,waggle-aqt530-5511,-9999.9,000048b02dd3c6d5,registry.sagecontinuum.org/kaludib/waggle-aqt530:1.00,vaisala-aqt530,waggle-aqt530,microgram per cubic meter,W095,core,W095
2026-07-15 12:35:02.525413291+00:00,aqt.particle.pm2.5,9.8,5min,Particulate Matter less than 2.5 microns in diameter,000048b02dd3c6d5.ws-nxcore,waggle-aqt530-5511,-9999.9,000048b02dd3c6d5,registry.sagecontinuum.org/kaludib/waggle-aqt530:1.00,vaisala-aqt530,waggle-aqt530,microgram per cubic meter,W095,core,W095
2026-07-15 12:40:02.732094981+00:00,aqt.particle.pm2.5,5.7,5min,Particulate Matter less than 2.5 microns in diameter,000048b02dd3c6d5.ws-nxcore,waggle-aqt530-5511,-9999.9,000048b02dd3c6d5,registry.sagecontinuum.org/kaludib/waggle-aqt530:1.00,vaisala-aqt530,waggle-aqt530,microgram per cubic meter,W095,core,W095
2026-07-15 12:45:02.953275847+00:00,aqt.particle.pm2.5,1.0,5min,Particulate Matter less than 2.5 microns in diameter,000048b02dd3c6d5.ws-nxcore,waggle-aqt530-5511,-9999.9,000048b02dd3c6d5,registry.sagecontinuum.org/kaludib/waggle-aqt530:1.00,vaisala-aqt530,waggle-aqt530,microgram per cubic meter,W095,core,W095
2026-07-15 12:50:03.168412498+00:00,aqt.particle.pm2.5,1.5,5min,Particulate Matter less than 2.5 microns in diameter,000048b02dd3c6d5.ws-nxcore,waggle-aqt530-5511,-9999.9,000048b02dd3c6d5,registry.sagecontinuum.org/kaludib/waggle-aqt530:1.00,vaisala-aqt530,waggle-aqt530,microgram per cubic meter,W095,core,W095
2026-07-15 12:55:02.403745679+00:00,aqt.particle.pm2.5,0.8,5min,Particulate Matter less than 2.5 microns in diameter,000048b02dd3c6d5.ws-nxcore,waggle-aqt530-5511,-9999.9,000048b02dd3c6d5,registry.sagecontinuum.org/kaludib/waggle-aqt530:1.00,vaisala-aqt530,waggle-aqt530,microgram per cubic meter,W095,core,W095
2026-07-15 13:00:02.615941691+00:00,aqt.particle.pm2.5,0.1,5min,Particulate Matter less than 2.5 microns in diameter,000048b02dd3c6d5.ws-nxcore,waggle-aqt530-5511,-9999.9,000048b02dd3c6d5,registry.sagecontinuum.org/kaludib/waggle-aqt530:1.00,vaisala-aqt530,waggle-aqt530,microgram per cubic meter,W095,core,W095
2026-07-15 13:05:02.841399507+00:00,aqt.particle.pm2.5,2.5,5min,Particulate Matter less than 2.5 microns in diameter,000048b02dd3c6d5.ws-nxcore,waggle-aqt530-5511,-9999.9,000048b02dd3c6d5,registry.sagecontinuum.org/kaludib/waggle-aqt530:1.00,vaisala-aqt530,waggle-aqt530,microgram per cubic meter,W095,core,W095
2026-07-15 13:10:03.054110829+00:00,aqt.particle.pm2.5,2.2,5min,Particulate Matter less than 2.5 microns in diameter,000048b02dd3c6d5.ws-nxcore,waggle-aqt530-5511,-9999.9,000048b02dd3c6d5,registry.sagecontinuum.org/kaludib/waggle-aqt530:1.00,vaisala-aqt530,waggle-aqt530,microgram per cubic meter,W095,core,W095
2026-07-15 13:15:02.268280131+00:00,aqt.particle.pm2.5,2.3,5min,Particulate Matter less than 2.5 microns in diameter,000048b02dd3c6d5.ws-nxcore,waggle-aqt530-5511,-9999.9,000048b02dd3c6d5,registry.sagecontinuum.org/kaludib/waggle-aqt530:1.00,vaisala-aqt530,waggle-aqt530,microgram per cubic meter,W095,core,W095
2026-07-15 13:20:02.493424740+00:00,aqt.particle.pm2.5,0.7,5min,Particulate Matter less than 2.5 microns in diameter,000048b02dd3c6d5.ws-nxcore,waggle-aqt530-5511,-9999.9,000048b02dd3c6d5,registry.sagecontinuum.org/kaludib/waggle-aqt530:1.00,vaisala-aqt530,waggle-aqt530,microgram per cubic meter,W095,core,W095
2026-07-15 13:25:02.697371800+00:00,aqt.particle.pm2.5,0.0,5min,Particulate Matter less than 2.5 microns in diameter,000048b02dd3c6d5.ws-nxcore,waggle-aqt530-5511,-9999.9,000048b02dd3c6d5,registry.sagecontinuum.org/kaludib/waggle-aqt530:1.00,vaisala-aqt530,waggle-aqt530,microgram per cubic meter,W095,core,W095
2026-07-15 13:30:02.886678438+00:00,aqt.particle.pm2.5,0.1,5min,Particulate Matter less than 2.5 microns in diameter,000048b02dd3c6d5.ws-nxcore,waggle-aqt530-5511,-9999.9,000048b02dd3c6d5,registry.sagecontinuum.org/kaludib/waggle-aqt530:1.00,vaisala-aqt530,waggle-aqt530,microgram per cubic meter,W095,core,W095
2026-07-15 13:35:03.097751261+00:00,aqt.particle.pm2.5,0.3,5min,Particulate Matter less than 2.5 microns in diameter,000048b02dd3c6d5.ws-nxcore,waggle-aqt530-5511,-9999.9,000048b02dd3c6d5,registry.sagecontinuum.org/kaludib/waggle-aqt530:1.00,vaisala-aqt530,waggle-aqt530,microgram per cubic meter,W095,core,W095
2026-07-15 13:40:02.306119692+00:00,aqt.particle.pm2.5,1.0,5min,Particulate Matter less than 2.5 microns in diameter,000048b02dd3c6d5.ws-nxcore,waggle-aqt530-5511,-9999.9,000048b02dd3c6d5,registry.sagecontinuum.org/kaludib/waggle-aqt530:1.00,vaisala-aqt530,waggle-aqt530,microgram per cubic meter,W095,core,W095
2026-07-15 13:45:02.521967195+00:00,aqt.particle.pm2.5,2.6,5min,Particulate Matter less than 2.5 microns in diameter,000048b02dd3c6d5.ws-nxcore,waggle-aqt530-5511,-9999.9,000048b02dd3c6d5,registry.sagecontinuum.org/kaludib/waggle-aqt530:1.00,vaisala-aqt530,waggle-aqt530,microgram per cubic meter,W095,core,W095
2026-07-15 13:50:02.725973411+00:00,aqt.particle.pm2.5,3.1,5min,Particulate Matter less than 2.5 microns in diameter,000048b02dd3c6d5.ws-nxcore,waggle-aqt530-5511,-9999.9,000048b02dd3c6d5,registry.sagecontinuum.org/kaludib/waggle-aqt530:1.00,vaisala-aqt530,waggle-aqt530,microgram per cubic meter,W095,core,W095
2026-07-15 13:55:02.944953051+00:00,aqt.particle.pm2.5,12.8,5min,Particulate Matter less than 2.5 microns in diameter,000048b02dd3c6d5.ws-nxcore,waggle-aqt530-5511,-9999.9,000048b02dd3c6d5,registry.sagecontinuum.org/kaludib/waggle-aqt530:1.00,vaisala-aqt530,waggle-aqt530,microgram per cubic meter,W095,core,W095
2026-07-15 14:00:02.181191840+00:00,aqt.particle.pm2.5,5.2,5min,Particulate Matter less than 2.5 microns in diameter,000048b02dd3c6d5.ws-nxcore,waggle-aqt530-5511,-9999.9,000048b02dd3c6d5,registry.sagecontinuum.org/kaludib/waggle-aqt530:1.00,vaisala-aqt530,waggle-aqt530,microgram per cubic meter,W095,core,W095
2026-07-15 14:05:02.419961820+00:00,aqt.particle.pm2.5,3.3,5min,Particulate Matter less than 2.5 microns in diameter,000048b02dd3c6d5.ws-nxcore,waggle-aqt530-5511,-9999.9,000048b02dd3c6d5,registry.sagecontinuum.org/kaludib/waggle-aqt530:1.00,vaisala-aqt530,waggle-aqt530,microgram per cubic meter,W095,core,W095
2026-07-15 14:10:02.666000435+00:00,aqt.particle.pm2.5,1.3,5min,Particulate Matter less than 2.5 microns in diameter,000048b02dd3c6d5.ws-nxcore,waggle-aqt530-5511,-9999.9,000048b02dd3c6d5,registry.sagecontinuum.org/kaludib/waggle-aqt530:1.00,vaisala-aqt530,waggle-aqt530,microgram per cubic meter,W095,core,W095
2026-07-15 14:15:02.866308319+00:00,aqt.particle.pm2.5,0.5,5min,Particulate Matter less than 2.5 microns in diameter,000048b02dd3c6d5.ws-nxcore,waggle-aqt530-5511,-9999.9,000048b02dd3c6d5,registry.sagecontinuum.org/kaludib/waggle-aqt530:1.00,vaisala-aqt530,waggle-aqt530,microgram per cubic meter,W095,core,W095
2026-07-15 14:20:03.092268517+00:00,aqt.particle.pm2.5,0.4,5min,Particulate Matter less than 2.5 microns in diameter,000048b02dd3c6d5.ws-nxcore,waggle-aqt530-5511,-9999.9,000048b02dd3c6d5,registry.sagecontinuum.org/kaludib/waggle-aqt530:1.00,vaisala-aqt530,waggle-aqt530,microgram per cubic meter,W095,core,W095
2026-07-15 14:25:02.309921070+00:00,aqt.particle.pm2.5,4.2,5min,Particulate Matter less than 2.5 microns in diameter,000048b02dd3c6d5.ws-nxcore,waggle-aqt530-5511,-9999.9,000048b02dd3c6d5,registry.sagecontinuum.org/kaludib/waggle-aqt530:1.00,vaisala-aqt530,waggle-aqt530,microgram per cubic meter,W095,core,W095
2026-07-15 14:30:02.520619749+00:00,aqt.particle.pm2.5,2.1,5min,Particulate Matter less than 2.5 microns in diameter,000048b02dd3c6d5.ws-nxcore,waggle-aqt530-5511,-9999.9,000048b02dd3c6d5,registry.sagecontinuum.org/kaludib/waggle-aqt530:1.00,vaisala-aqt530,waggle-aqt530,microgram per cubic meter,W095,core,W095
2026-07-15 14:35:02.702470761+00:00,aqt.particle.pm2.5,0.2,5min,Particulate Matter less than 2.5 microns in diameter,000048b02dd3c6d5.ws-nxcore,waggle-aqt530-5511,-9999.9,000048b02dd3c6d5,registry.sagecontinuum.org/kaludib/waggle-aqt530:1.00,vaisala-aqt530,waggle-aqt530,microgram per cubic meter,W095,core,W095
2026-07-15 14:40:02.901506202+00:00,aqt.particle.pm2.5,0.3,5min,Particulate Matter less than 2.5 microns in diameter,000048b02dd3c6d5.ws-nxcore,waggle-aqt530-5511,-9999.9,000048b02dd3c6d5,registry.sagecontinuum.org/kaludib/waggle-aqt530:1.00,vaisala-aqt530,waggle-aqt530,microgram per cubic meter,W095,core,W095
2026-07-15 14:45:03.090360620+00:00,aqt.particle.pm2.5,0.4,5min,Particulate Matter less than 2.5 microns in diameter,000048b02dd3c6d5.ws-nxcore,waggle-aqt530-5511,-9999.9,000048b02dd3c6d5,registry.sagecontinuum.org/kaludib/waggle-aqt530:1.00,vaisala-aqt530,waggle-aqt530,microgram per cubic meter,W095,core,W095
2026-07-15 14:50:02.307343829+00:00,aqt.particle.pm2.5,2.6,5min,Particulate Matter less than 2.5 microns in diameter,000048b02dd3c6d5.ws-nxcore,waggle-aqt530-5511,-9999.9,000048b02dd3c6d5,registry.sagecontinuum.org/kaludib/waggle-aqt530:1.00,vaisala-aqt530,waggle-aqt530,microgram per cubic meter,W095,core,W095
2026-07-15 14:55:02.505155784+00:00,aqt.particle.pm2.5,4.9,5min,Particulate Matter less than 2.5 microns in diameter,000048b02dd3c6d5.ws-nxcore,waggle-aqt530-5511,-9999.9,000048b02dd3c6d5,registry.sagecontinuum.org/kaludib/waggle-aqt530:1.00,vaisala-aqt530,waggle-aqt530,microgram per cubic meter,W095,core,W095
2026-07-15 15:00:02.719809758+00:00,aqt.particle.pm2.5,4.8,5min,Particulate Matter less than 2.5 microns in diameter,000048b02dd3c6d5.ws-nxcore,waggle-aqt530-5511,-9999.9,000048b02dd3c6d5,registry.sagecontinuum.org/kaludib/waggle-aqt530:1.00,vaisala-aqt530,waggle-aqt530,microgram per cubic meter,W095,core,W095
2026-07-15 15:05:02.924964579+00:00,aqt.particle.pm2.5,1.0,5min,Particulate Matter less than 2.5 microns in diameter,000048b02dd3c6d5.ws-nxcore,waggle-aqt530-5511,-9999.9,000048b02dd3c6d5,registry.sagecontinuum.org/kaludib/waggle-aqt530:1.00,vaisala-aqt530,waggle-aqt530,microgram per cubic meter,W095,core,W095
2026-07-15 15:10:02.172762243+00:00,aqt.particle.pm2.5,2.3,5min,Particulate Matter less than 2.5 microns in diameter,000048b02dd3c6d5.ws-nxcore,waggle-aqt530-5511,-9999.9,000048b02dd3c6d5,registry.sagecontinuum.org/kaludib/waggle-aqt530:1.00,vaisala-aqt530,waggle-aqt530,microgram per cubic meter,W095,core,W095
2026-07-15 15:15:02.389551396+00:00,aqt.particle.pm2.5,0.5,5min,Particulate Matter less than 2.5 microns in diameter,000048b02dd3c6d5.ws-nxcore,waggle-aqt530-5511,-9999.9,000048b02dd3c6d5,registry.sagecontinuum.org/kaludib/waggle-aqt530:1.00,vaisala-aqt530,waggle-aqt530,microgram per cubic meter,W095,core,W095
2026-07-15 15:20:02.615627790+00:00,aqt.particle.pm2.5,1.8,5min,Particulate Matter less than 2.5 microns in diameter,000048b02dd3c6d5.ws-nxcore,waggle-aqt530-5511,-9999.9,000048b02dd3c6d5,registry.sagecontinuum.org/kaludib/waggle-aqt530:1.00,vaisala-aqt530,waggle-aqt530,microgram per cubic meter,W095,core,W095
2026-07-15 15:25:02.838514082+00:00,aqt.particle.pm2.5,1.3,5min,Particulate Matter less than 2.5 microns in diameter,000048b02dd3c6d5.ws-nxcore,waggle-aqt530-5511,-9999.9,000048b02dd3c6d5,registry.sagecontinuum.org/kaludib/waggle-aqt530:1.00,vaisala-aqt530,waggle-aqt530,microgram per cubic meter,W095,core,W095
2026-07-15 15:30:03.045774435+00:00,aqt.particle.pm2.5,3.0,5min,Particulate Matter less than 2.5 microns in diameter,000048b02dd3c6d5.ws-nxcore,waggle-aqt530-5511,-9999.9,000048b02dd3c6d5,registry.sagecontinuum.org/kaludib/waggle-aqt530:1.00,vaisala-aqt530,waggle-aqt530,microgram per cubic meter,W095,core,W095
2026-07-15 15:35:02.260148655+00:00,aqt.particle.pm2.5,2.5,5min,Particulate Matter less than 2.5 microns in diameter,000048b02dd3c6d5.ws-nxcore,waggle-aqt530-5511,-9999.9,000048b02dd3c6d5,registry.sagecontinuum.org/kaludib/waggle-aqt530:1.00,vaisala-aqt530,waggle-aqt530,microgram per cubic meter,W095,core,W095
2026-07-15 15:40:02.479183393+00:00,aqt.particle.pm2.5,1.6,5min,Particulate Matter less than 2.5 microns in diameter,000048b02dd3c6d5.ws-nxcore,waggle-aqt530-5511,-9999.9,000048b02dd3c6d5,registry.sagecontinuum.org/kaludib/waggle-aqt530:1.00,vaisala-aqt530,waggle-aqt530,microgram per cubic meter,W095,core,W095
2026-07-15 15:45:02.680907407+00:00,aqt.particle.pm2.5,1.1,5min,Particulate Matter less than 2.5 microns in diameter,000048b02dd3c6d5.ws-nxcore,waggle-aqt530-5511,-9999.9,000048b02dd3c6d5,registry.sagecontinuum.org/kaludib/waggle-aqt530:1.00,vaisala-aqt530,waggle-aqt530,microgram per cubic meter,W095,core,W095
2026-07-15 15:50:02.898529427+00:00,aqt.particle.pm2.5,1.1,5min,Particulate Matter less than 2.5 microns in diameter,000048b02dd3c6d5.ws-nxcore,waggle-aqt530-5511,-9999.9,000048b02dd3c6d5,registry.sagecontinuum.org/kaludib/waggle-aqt530:1.00,vaisala-aqt530,waggle-aqt530,microgram per cubic meter,W095,core,W095
2026-07-15 15:55:02.110766513+00:00,aqt.particle.pm2.5,2.8,5min,Particulate Matter less than 2.5 microns in diameter,000048b02dd3c6d5.ws-nxcore,waggle-aqt530-5511,-9999.9,000048b02dd3c6d5,registry.sagecontinuum.org/kaludib/waggle-aqt530:1.00,vaisala-aqt530,waggle-aqt530,microgram per cubic meter,W095,core,W095
2026-07-15 16:00:02.328872534+00:00,aqt.particle.pm2.5,2.6,5min,Particulate Matter less than 2.5 microns in diameter,000048b02dd3c6d5.ws-nxcore,waggle-aqt530-5511,-9999.9,000048b02dd3c6d5,registry.sagecontinuum.org/kaludib/waggle-aqt530:1.00,vaisala-aqt530,waggle-aqt530,microgram per cubic meter,W095,core,W095
2026-07-15 16:05:02.533419217+00:00,aqt.particle.pm2.5,2.5,5min,Particulate Matter less than 2.5 microns in diameter,000048b02dd3c6d5.ws-nxcore,waggle-aqt530-5511,-9999.9,000048b02dd3c6d5,registry.sagecontinuum.org/kaludib/waggle-aqt530:1.00,vaisala-aqt530,waggle-aqt530,microgram per cubic meter,W095,core,W095
2026-07-15 16:10:02.752362097+00:00,aqt.particle.pm2.5,0.9,5min,Particulate Matter less than 2.5 microns in diameter,000048b02dd3c6d5.ws-nxcore,waggle-aqt530-5511,-9999.9,000048b02dd3c6d5,registry.sagecontinuum.org/kaludib/waggle-aqt530:1.00,vaisala-aqt530,waggle-aqt530,microgram per cubic meter,W095,core,W095
2026-07-15 16:15:02.971759870+00:00,aqt.particle.pm2.5,1.0,5min,Particulate Matter less than 2.5 microns in diameter,000048b02dd3c6d5.ws-nxcore,waggle-aqt530-5511,-9999.9,000048b02dd3c6d5,registry.sagecontinuum.org/kaludib/waggle-aqt530:1.00,vaisala-aqt530,waggle-aqt530,microgram per cubic meter,W095,core,W095
2026-07-15 16:20:02.184813732+00:00,aqt.particle.pm2.5,0.7,5min,Particulate Matter less than 2.5 microns in diameter,000048b02dd3c6d5.ws-nxcore,waggle-aqt530-5511,-9999.9,000048b02dd3c6d5,registry.sagecontinuum.org/kaludib/waggle-aqt530:1.00,vaisala-aqt530,waggle-aqt530,microgram per cubic meter,W095,core,W095
2026-07-15 16:25:02.390422040+00:00,aqt.particle.pm2.5,0.7,5min,Particulate Matter less than 2.5 microns in diameter,000048b02dd3c6d5.ws-nxcore,waggle-aqt530-5511,-9999.9,000048b02dd3c6d5,registry.sagecontinuum.org/kaludib/waggle-aqt530:1.00,vaisala-aqt530,waggle-aqt530,microgram per cubic meter,W095,core,W095
2026-07-15 16:30:02.609658497+00:00,aqt.particle.pm2.5,0.2,5min,Particulate Matter less than 2.5 microns in diameter,000048b02dd3c6d5.ws-nxcore,waggle-aqt530-5511,-9999.9,000048b02dd3c6d5,registry.sagecontinuum.org/kaludib/waggle-aqt530:1.00,vaisala-aqt530,waggle-aqt530,microgram per cubic meter,W095,core,W095
2026-07-15 16:35:02.829777941+00:00,aqt.particle.pm2.5,0.3,5min,Particulate Matter less than 2.5 microns in diameter,000048b02dd3c6d5.ws-nxcore,waggle-aqt530-5511,-9999.9,000048b02dd3c6d5,registry.sagecontinuum.org/kaludib/waggle-aqt530:1.00,vaisala-aqt530,waggle-aqt530,microgram per cubic meter,W095,core,W095
2026-07-15 16:40:03.035929479+00:00,aqt.particle.pm2.5,0.2,5min,Particulate Matter less than 2.5 microns in diameter,000048b02dd3c6d5.ws-nxcore,waggle-aqt530-5511,-9999.9,000048b02dd3c6d5,registry.sagecontinuum.org/kaludib/waggle-aqt530:1.00,vaisala-aqt530,waggle-aqt530,microgram per cubic meter,W095,core,W095
2026-07-15 16:45:02.247427140+00:00,aqt.particle.pm2.5,0.1,5min,Particulate Matter less than 2.5 microns in diameter,000048b02dd3c6d5.ws-nxcore,waggle-aqt530-5511,-9999.9,000048b02dd3c6d5,registry.sagecontinuum.org/kaludib/waggle-aqt530:1.00,vaisala-aqt530,waggle-aqt530,microgram per cubic meter,W095,core,W095
2026-07-15 16:50:02.474235894+00:00,aqt.particle.pm2.5,0.4,5min,Particulate Matter less than 2.5 microns in diameter,000048b02dd3c6d5.ws-nxcore,waggle-aqt530-5511,-9999.9,000048b02dd3c6d5,registry.sagecontinuum.org/kaludib/waggle-aqt530:1.00,vaisala-aqt530,waggle-aqt530,microgram per cubic meter,W095,core,W095
2026-07-15 16:55:02.700992672+00:00,aqt.particle.pm2.5,0.4,5min,Particulate Matter less than 2.5 microns in diameter,000048b02dd3c6d5.ws-nxcore,waggle-aqt530-5511,-9999.9,000048b02dd3c6d5,registry.sagecontinuum.org/kaludib/waggle-aqt530:1.00,vaisala-aqt530,waggle-aqt530,microgram per cubic meter,W095,core,W095
2026-07-15 17:00:02.911495077+00:00,aqt.particle.pm2.5,2.9,5min,Particulate Matter less than 2.5 microns in diameter,000048b02dd3c6d5.ws-nxcore,waggle-aqt530-5511,-9999.9,000048b02dd3c6d5,registry.sagecontinuum.org/kaludib/waggle-aqt530:1.00,vaisala-aqt530,waggle-aqt530,microgram per cubic meter,W095,core,W095
2026-07-15 17:05:02.127549397+00:00,aqt.particle.pm2.5,3.0,5min,Particulate Matter less than 2.5 microns in diameter,000048b02dd3c6d5.ws-nxcore,waggle-aqt530-5511,-9999.9,000048b02dd3c6d5,registry.sagecontinuum.org/kaludib/waggle-aqt530:1.00,vaisala-aqt530,waggle-aqt530,microgram per cubic meter,W095,core,W095
2026-07-15 17:10:02.352906644+00:00,aqt.particle.pm2.5,6.3,5min,Particulate Matter less than 2.5 microns in diameter,000048b02dd3c6d5.ws-nxcore,waggle-aqt530-5511,-9999.9,000048b02dd3c6d5,registry.sagecontinuum.org/kaludib/waggle-aqt530:1.00,vaisala-aqt530,waggle-aqt530,microgram per cubic meter,W095,core,W095
2026-07-15 17:15:02.573115521+00:00,aqt.particle.pm2.5,6.4,5min,Particulate Matter less than 2.5 microns in diameter,000048b02dd3c6d5.ws-nxcore,waggle-aqt530-5511,-9999.9,000048b02dd3c6d5,registry.sagecontinuum.org/kaludib/waggle-aqt530:1.00,vaisala-aqt530,waggle-aqt530,microgram per cubic meter,W095,core,W095
2026-07-15 17:20:02.779386185+00:00,aqt.particle.pm2.5,7.8,5min,Particulate Matter less than 2.5 microns in diameter,000048b02dd3c6d5.ws-nxcore,waggle-aqt530-5511,-9999.9,000048b02dd3c6d5,registry.sagecontinuum.org/kaludib/waggle-aqt530:1.00,vaisala-aqt530,waggle-aqt530,microgram per cubic meter,W095,core,W095
2026-07-15 17:25:03.001631570+00:00,aqt.particle.pm2.5,5.3,5min,Particulate Matter less than 2.5 microns in diameter,000048b02dd3c6d5.ws-nxcore,waggle-aqt530-5511,-9999.9,000048b02dd3c6d5,registry.sagecontinuum.org/kaludib/waggle-aqt530:1.00,vaisala-aqt530,waggle-aqt530,microgram per cubic meter,W095,core,W095
2026-07-15 17:30:02.215613398+00:00,aqt.particle.pm2.5,3.0,5min,Particulate Matter less than 2.5 microns in diameter,000048b02dd3c6d5.ws-nxcore,waggle-aqt530-5511,-9999.9,000048b02dd3c6d5,registry.sagecontinuum.org/kaludib/waggle-aqt530:1.00,vaisala-aqt530,waggle-aqt530,microgram per cubic meter,W095,core,W095
2026-07-15 17:35:02.437300948+00:00,aqt.particle.pm2.5,3.8,5min,Particulate Matter less than 2.5 microns in diameter,000048b02dd3c6d5.ws-nxcore,waggle-aqt530-5511,-9999.9,000048b02dd3c6d5,registry.sagecontinuum.org/kaludib/waggle-aqt530:1.00,vaisala-aqt530,waggle-aqt530,microgram per cubic meter,W095,core,W095
2026-07-15 17:40:02.644770864+00:00,aqt.particle.pm2.5,1.6,5min,Particulate Matter less than 2.5 microns in diameter,000048b02dd3c6d5.ws-nxcore,waggle-aqt530-5511,-9999.9,000048b02dd3c6d5,registry.sagecontinuum.org/kaludib/waggle-aqt530:1.00,vaisala-aqt530,waggle-aqt530,microgram per cubic meter,W095,core,W095
2026-07-15 17:45:02.866960915+00:00,aqt.particle.pm2.5,1.0,5min,Particulate Matter less than 2.5 microns in diameter,000048b02dd3c6d5.ws-nxcore,waggle-aqt530-5511,-9999.9,000048b02dd3c6d5,registry.sagecontinuum.org/kaludib/waggle-aqt530:1.00,vaisala-aqt530,waggle-aqt530,microgram per cubic meter,W095,core,W095
2026-07-15 17:50:02.081392700+00:00,aqt.particle.pm2.5,0.6,5min,Particulate Matter less than 2.5 microns in diameter,000048b02dd3c6d5.ws-nxcore,waggle-aqt530-5511,-9999.9,000048b02dd3c6d5,registry.sagecontinuum.org/kaludib/waggle-aqt530:1.00,vaisala-aqt530,waggle-aqt530,microgram per cubic meter,W095,core,W095
2026-07-15 17:55:02.303898425+00:00,aqt.particle.pm2.5,1.1,5min,Particulate Matter less than 2.5 microns in diameter,000048b02dd3c6d5.ws-nxcore,waggle-aqt530-5511,-9999.9,000048b02dd3c6d5,registry.sagecontinuum.org/kaludib/waggle-aqt530:1.00,vaisala-aqt530,waggle-aqt530,microgram per cubic meter,W095,core,W095
2026-07-15 18:00:02.574341933+00:00,aqt.particle.pm2.5,1.9,5min,Particulate Matter less than 2.5 microns in diameter,000048b02dd3c6d5.ws-nxcore,waggle-aqt530-5511,-9999.9,000048b02dd3c6d5,registry.sagecontinuum.org/kaludib/waggle-aqt530:1.00,vaisala-aqt530,waggle-aqt530,microgram per cubic meter,W095,core,W095
2026-07-15 18:05:02.795443682+00:00,aqt.particle.pm2.5,2.3,5min,Particulate Matter less than 2.5 microns in diameter,000048b02dd3c6d5.ws-nxcore,waggle-aqt530-5511,-9999.9,000048b02dd3c6d5,registry.sagecontinuum.org/kaludib/waggle-aqt530:1.00,vaisala-aqt530,waggle-aqt530,microgram per cubic meter,W095,core,W095
2026-07-15 18:10:03.032896172+00:00,aqt.particle.pm2.5,4.0,5min,Particulate Matter less than 2.5 microns in diameter,000048b02dd3c6d5.ws-nxcore,waggle-aqt530-5511,-9999.9,000048b02dd3c6d5,registry.sagecontinuum.org/kaludib/waggle-aqt530:1.00,vaisala-aqt530,waggle-aqt530,microgram per cubic meter,W095,core,W095
2026-07-15 18:15:02.258664304+00:00,aqt.particle.pm2.5,2.2,5min,Particulate Matter less than 2.5 microns in diameter,000048b02dd3c6d5.ws-nxcore,waggle-aqt530-5511,-9999.9,000048b02dd3c6d5,registry.sagecontinuum.org/kaludib/waggle-aqt530:1.00,vaisala-aqt530,waggle-aqt530,microgram per cubic meter,W095,core,W095
2026-07-15 18:20:02.475900803+00:00,aqt.particle.pm2.5,0.4,5min,Particulate Matter less than 2.5 microns in diameter,000048b02dd3c6d5.ws-nxcore,waggle-aqt530-5511,-9999.9,000048b02dd3c6d5,registry.sagecontinuum.org/kaludib/waggle-aqt530:1.00,vaisala-aqt530,waggle-aqt530,microgram per cubic meter,W095,core,W095
2026-07-15 18:25:02.706061663+00:00,aqt.particle.pm2.5,0.4,5min,Particulate Matter less than 2.5 microns in diameter,000048b02dd3c6d5.ws-nxcore,waggle-aqt530-5511,-9999.9,000048b02dd3c6d5,registry.sagecontinuum.org/kaludib/waggle-aqt530:1.00,vaisala-aqt530,waggle-aqt530,microgram per cubic meter,W095,core,W095
2026-07-15 18:30:02.913695732+00:00,aqt.particle.pm2.5,2.2,5min,Particulate Matter less than 2.5 microns in diameter,000048b02dd3c6d5.ws-nxcore,waggle-aqt530-5511,-9999.9,000048b02dd3c6d5,registry.sagecontinuum.org/kaludib/waggle-aqt530:1.00,vaisala-aqt530,waggle-aqt530,microgram per cubic meter,W095,core,W095
2026-07-15 18:35:03.100824392+00:00,aqt.particle.pm2.5,3.1,5min,Particulate Matter less than 2.5 microns in diameter,000048b02dd3c6d5.ws-nxcore,waggle-aqt530-5511,-9999.9,000048b02dd3c6d5,registry.sagecontinuum.org/kaludib/waggle-aqt530:1.00,vaisala-aqt530,waggle-aqt530,microgram per cubic meter,W095,core,W095
2026-07-15 18:40:02.301077091+00:00,aqt.particle.pm2.5,2.4,5min,Particulate Matter less than 2.5 microns in diameter,000048b02dd3c6d5.ws-nxcore,waggle-aqt530-5511,-9999.9,000048b02dd3c6d5,registry.sagecontinuum.org/kaludib/waggle-aqt530:1.00,vaisala-aqt530,waggle-aqt530,microgram per cubic meter,W095,core,W095
2026-07-15 18:45:02.509262625+00:00,aqt.particle.pm2.5,1.4,5min,Particulate Matter less than 2.5 microns in diameter,000048b02dd3c6d5.ws-nxcore,waggle-aqt530-5511,-9999.9,000048b02dd3c6d5,registry.sagecontinuum.org/kaludib/waggle-aqt530:1.00,vaisala-aqt530,waggle-aqt530,microgram per cubic meter,W095,core,W095
2026-07-15 18:50:02.724552502+00:00,aqt.particle.pm2.5,1.0,5min,Particulate Matter less than 2.5 microns in diameter,000048b02dd3c6d5.ws-nxcore,waggle-aqt530-5511,-9999.9,000048b02dd3c6d5,registry.sagecontinuum.org/kaludib/waggle-aqt530:1.00,vaisala-aqt530,waggle-aqt530,microgram per cubic meter,W095,core,W095
2026-07-15 18:55:02.926984726+00:00,aqt.particle.pm2.5,4.4,5min,Particulate Matter less than 2.5 microns in diameter,000048b02dd3c6d5.ws-nxcore,waggle-aqt530-5511,-9999.9,000048b02dd3c6d5,registry.sagecontinuum.org/kaludib/waggle-aqt530:1.00,vaisala-aqt530,waggle-aqt530,microgram per cubic meter,W095,core,W095
2026-07-15 19:00:02.138021547+00:00,aqt.particle.pm2.5,2.9,5min,Particulate Matter less than 2.5 microns in diameter,000048b02dd3c6d5.ws-nxcore,waggle-aqt530-5511,-9999.9,000048b02dd3c6d5,registry.sagecontinuum.org/kaludib/waggle-aqt530:1.00,vaisala-aqt530,waggle-aqt530,microgram per cubic meter,W095,core,W095
2026-07-15 19:05:02.348591607+00:00,aqt.particle.pm2.5,4.4,5min,Particulate Matter less than 2.5 microns in diameter,000048b02dd3c6d5.ws-nxcore,waggle-aqt530-5511,-9999.9,000048b02dd3c6d5,registry.sagecontinuum.org/kaludib/waggle-aqt530:1.00,vaisala-aqt530,waggle-aqt530,microgram per cubic meter,W095,core,W095
2026-07-15 19:10:02.538189736+00:00,aqt.particle.pm2.5,0.4,5min,Particulate Matter less than 2.5 microns in diameter,000048b02dd3c6d5.ws-nxcore,waggle-aqt530-5511,-9999.9,000048b02dd3c6d5,registry.sagecontinuum.org/kaludib/waggle-aqt530:1.00,vaisala-aqt530,waggle-aqt530,microgram per cubic meter,W095,core,W095
2026-07-15 19:15:02.746492691+00:00,aqt.particle.pm2.5,1.4,5min,Particulate Matter less than 2.5 microns in diameter,000048b02dd3c6d5.ws-nxcore,waggle-aqt530-5511,-9999.9,000048b02dd3c6d5,registry.sagecontinuum.org/kaludib/waggle-aqt530:1.00,vaisala-aqt530,waggle-aqt530,microgram per cubic meter,W095,core,W095
2026-07-15 19:20:02.958726473+00:00,aqt.particle.pm2.5,2.0,5min,Particulate Matter less than 2.5 microns in diameter,000048b02dd3c6d5.ws-nxcore,waggle-aqt530-5511,-9999.9,000048b02dd3c6d5,registry.sagecontinuum.org/kaludib/waggle-aqt530:1.00,vaisala-aqt530,waggle-aqt530,microgram per cubic meter,W095,core,W095
2026-07-15 19:25:02.165865516+00:00,aqt.particle.pm2.5,3.6,5min,Particulate Matter less than 2.5 microns in diameter,000048b02dd3c6d5.ws-nxcore,waggle-aqt530-5511,-9999.9,000048b02dd3c6d5,registry.sagecontinuum.org/kaludib/waggle-aqt530:1.00,vaisala-aqt530,waggle-aqt530,microgram per cubic meter,W095,core,W095
2026-07-15 19:30:02.381633215+00:00,aqt.particle.pm2.5,7.7,5min,Particulate Matter less than 2.5 microns in diameter,000048b02dd3c6d5.ws-nxcore,waggle-aqt530-5511,-9999.9,000048b02dd3c6d5,registry.sagecontinuum.org/kaludib/waggle-aqt530:1.00,vaisala-aqt530,waggle-aqt530,microgram per cubic meter,W095,core,W095
2026-07-15 19:35:02.583979127+00:00,aqt.particle.pm2.5,5.5,5min,Particulate Matter less than 2.5 microns in diameter,000048b02dd3c6d5.ws-nxcore,waggle-aqt530-5511,-9999.9,000048b02dd3c6d5,registry.sagecontinuum.org/kaludib/waggle-aqt530:1.00,vaisala-aqt530,waggle-aqt530,microgram per cubic meter,W095,core,W095
2026-07-15 19:40:02.801937462+00:00,aqt.particle.pm2.5,5.4,5min,Particulate Matter less than 2.5 microns in diameter,000048b02dd3c6d5.ws-nxcore,waggle-aqt530-5511,-9999.9,000048b02dd3c6d5,registry.sagecontinuum.org/kaludib/waggle-aqt530:1.00,vaisala-aqt530,waggle-aqt530,microgram per cubic meter,W095,core,W095
2026-07-15 19:45:03.020762012+00:00,aqt.particle.pm2.5,2.2,5min,Particulate Matter less than 2.5 microns in diameter,000048b02dd3c6d5.ws-nxcore,waggle-aqt530-5511,-9999.9,000048b02dd3c6d5,registry.sagecontinuum.org/kaludib/waggle-aqt530:1.00,vaisala-aqt530,waggle-aqt530,microgram per cubic meter,W095,core,W095
2026-07-15 19:50:02.231520540+00:00,aqt.particle.pm2.5,2.9,5min,Particulate Matter less than 2.5 microns in diameter,000048b02dd3c6d5.ws-nxcore,waggle-aqt530-5511,-9999.9,000048b02dd3c6d5,registry.sagecontinuum.org/kaludib/waggle-aqt530:1.00,vaisala-aqt530,waggle-aqt530,microgram per cubic meter,W095,core,W095
2026-07-15 19:55:02.434698188+00:00,aqt.particle.pm2.5,2.8,5min,Particulate Matter less than 2.5 microns in diameter,000048b02dd3c6d5.ws-nxcore,waggle-aqt530-5511,-9999.9,000048b02dd3c6d5,registry.sagecontinuum.org/kaludib/waggle-aqt530:1.00,vaisala-aqt530,waggle-aqt530,microgram per cubic meter,W095,core,W095
2026-07-15 20:00:02.653056038+00:00,aqt.particle.pm2.5,1.6,5min,Particulate Matter less than 2.5 microns in diameter,000048b02dd3c6d5.ws-nxcore,waggle-aqt530-5511,-9999.9,000048b02dd3c6d5,registry.sagecontinuum.org/kaludib/waggle-aqt530:1.00,vaisala-aqt530,waggle-aqt530,microgram per cubic meter,W095,core,W095
2026-07-15 20:05:02.855141127+00:00,aqt.particle.pm2.5,0.6,5min,Particulate Matter less than 2.5 microns in diameter,000048b02dd3c6d5.ws-nxcore,waggle-aqt530-5511,-9999.9,000048b02dd3c6d5,registry.sagecontinuum.org/kaludib/waggle-aqt530:1.00,vaisala-aqt530,waggle-aqt530,microgram per cubic meter,W095,core,W095
2026-07-15 20:10:02.082344607+00:00,aqt.particle.pm2.5,0.3,5min,Particulate Matter less than 2.5 microns in diameter,000048b02dd3c6d5.ws-nxcore,waggle-aqt530-5511,-9999.9,000048b02dd3c6d5,registry.sagecontinuum.org/kaludib/waggle-aqt530:1.00,vaisala-aqt530,waggle-aqt530,microgram per cubic meter,W095,core,W095
2026-07-15 20:15:02.300301026+00:00,aqt.particle.pm2.5,0.5,5min,Particulate Matter less than 2.5 microns in diameter,000048b02dd3c6d5.ws-nxcore,waggle-aqt530-5511,-9999.9,000048b02dd3c6d5,registry.sagecontinuum.org/kaludib/waggle-aqt530:1.00,vaisala-aqt530,waggle-aqt530,microgram per cubic meter,W095,core,W095
2026-07-15 20:20:02.527917359+00:00,aqt.particle.pm2.5,0.5,5min,Particulate Matter less than 2.5 microns in diameter,000048b02dd3c6d5.ws-nxcore,waggle-aqt530-5511,-9999.9,000048b02dd3c6d5,registry.sagecontinuum.org/kaludib/waggle-aqt530:1.00,vaisala-aqt530,waggle-aqt530,microgram per cubic meter,W095,core,W095
2026-07-15 20:25:02.739941598+00:00,aqt.particle.pm2.5,0.4,5min,Particulate Matter less than 2.5 microns in diameter,000048b02dd3c6d5.ws-nxcore,waggle-aqt530-5511,-9999.9,000048b02dd3c6d5,registry.sagecontinuum.org/kaludib/waggle-aqt530:1.00,vaisala-aqt530,waggle-aqt530,microgram per cubic meter,W095,core,W095
2026-07-15 20:30:02.962674949+00:00,aqt.particle.pm2.5,0.3,5min,Particulate Matter less than 2.5 microns in diameter,000048b02dd3c6d5.ws-nxcore,waggle-aqt530-5511,-9999.9,000048b02dd3c6d5,registry.sagecontinuum.org/kaludib/waggle-aqt530:1.00,vaisala-aqt530,waggle-aqt530,microgram per cubic meter,W095,core,W095
2026-07-15 20:35:02.176189157+00:00,aqt.particle.pm2.5,0.9,5min,Particulate Matter less than 2.5 microns in diameter,000048b02dd3c6d5.ws-nxcore,waggle-aqt530-5511,-9999.9,000048b02dd3c6d5,registry.sagecontinuum.org/kaludib/waggle-aqt530:1.00,vaisala-aqt530,waggle-aqt530,microgram per cubic meter,W095,core,W095
2026-07-15 20:40:02.397410458+00:00,aqt.particle.pm2.5,0.8,5min,Particulate Matter less than 2.5 microns in diameter,000048b02dd3c6d5.ws-nxcore,waggle-aqt530-5511,-9999.9,000048b02dd3c6d5,registry.sagecontinuum.org/kaludib/waggle-aqt530:1.00,vaisala-aqt530,waggle-aqt530,microgram per cubic meter,W095,core,W095
2026-07-15 20:45:02.603444306+00:00,aqt.particle.pm2.5,0.5,5min,Particulate Matter less than 2.5 microns in diameter,000048b02dd3c6d5.ws-nxcore,waggle-aqt530-5511,-9999.9,000048b02dd3c6d5,registry.sagecontinuum.org/kaludib/waggle-aqt530:1.00,vaisala-aqt530,waggle-aqt530,microgram per cubic meter,W095,core,W095
2026-07-15 20:50:02.860820118+00:00,aqt.particle.pm2.5,0.7,5min,Particulate Matter less than 2.5 microns in diameter,000048b02dd3c6d5.ws-nxcore,waggle-aqt530-5511,-9999.9,000048b02dd3c6d5,registry.sagecontinuum.org/kaludib/waggle-aqt530:1.00,vaisala-aqt530,waggle-aqt530,microgram per cubic meter,W095,core,W095
2026-07-15 20:55:02.101036715+00:00,aqt.particle.pm2.5,0.9,5min,Particulate Matter less than 2.5 microns in diameter,000048b02dd3c6d5.ws-nxcore,waggle-aqt530-5511,-9999.9,000048b02dd3c6d5,registry.sagecontinuum.org/kaludib/waggle-aqt530:1.00,vaisala-aqt530,waggle-aqt530,microgram per cubic meter,W095,core,W095
2026-07-15 21:00:02.340002577+00:00,aqt.particle.pm2.5,0.4,5min,Particulate Matter less than 2.5 microns in diameter,000048b02dd3c6d5.ws-nxcore,waggle-aqt530-5511,-9999.9,000048b02dd3c6d5,registry.sagecontinuum.org/kaludib/waggle-aqt530:1.00,vaisala-aqt530,waggle-aqt530,microgram per cubic meter,W095,core,W095
2026-07-15 21:05:02.575259267+00:00,aqt.particle.pm2.5,0.4,5min,Particulate Matter less than 2.5 microns in diameter,000048b02dd3c6d5.ws-nxcore,waggle-aqt530-5511,-9999.9,000048b02dd3c6d5,registry.sagecontinuum.org/kaludib/waggle-aqt530:1.00,vaisala-aqt530,waggle-aqt530,microgram per cubic meter,W095,core,W095
2026-07-15 21:10:02.794234360+00:00,aqt.particle.pm2.5,0.7,5min,Particulate Matter less than 2.5 microns in diameter,000048b02dd3c6d5.ws-nxcore,waggle-aqt530-5511,-9999.9,000048b02dd3c6d5,registry.sagecontinuum.org/kaludib/waggle-aqt530:1.00,vaisala-aqt530,waggle-aqt530,microgram per cubic meter,W095,core,W095
2026-07-15 21:15:03.021932491+00:00,aqt.particle.pm2.5,0.8,5min,Particulate Matter less than 2.5 microns in diameter,000048b02dd3c6d5.ws-nxcore,waggle-aqt530-5511,-9999.9,000048b02dd3c6d5,registry.sagecontinuum.org/kaludib/waggle-aqt530:1.00,vaisala-aqt530,waggle-aqt530,microgram per cubic meter,W095,core,W095
2026-07-15 21:20:02.244658402+00:00,aqt.particle.pm2.5,0.9,5min,Particulate Matter less than 2.5 microns in diameter,000048b02dd3c6d5.ws-nxcore,waggle-aqt530-5511,-9999.9,000048b02dd3c6d5,registry.sagecontinuum.org/kaludib/waggle-aqt530:1.00,vaisala-aqt530,waggle-aqt530,microgram per cubic meter,W095,core,W095
2026-07-15 21:25:02.440731384+00:00,aqt.particle.pm2.5,0.4,5min,Particulate Matter less than 2.5 microns in diameter,000048b02dd3c6d5.ws-nxcore,waggle-aqt530-5511,-9999.9,000048b02dd3c6d5,registry.sagecontinuum.org/kaludib/waggle-aqt530:1.00,vaisala-aqt530,waggle-aqt530,microgram per cubic meter,W095,core,W095
2026-07-15 21:30:02.659388424+00:00,aqt.particle.pm2.5,0.4,5min,Particulate Matter less than 2.5 microns in diameter,000048b02dd3c6d5.ws-nxcore,waggle-aqt530-5511,-9999.9,000048b02dd3c6d5,registry.sagecontinuum.org/kaludib/waggle-aqt530:1.00,vaisala-aqt530,waggle-aqt530,microgram per cubic meter,W095,core,W095
2026-07-15 21:35:02.881003169+00:00,aqt.particle.pm2.5,0.3,5min,Particulate Matter less than 2.5 microns in diameter,000048b02dd3c6d5.ws-nxcore,waggle-aqt530-5511,-9999.9,000048b02dd3c6d5,registry.sagecontinuum.org/kaludib/waggle-aqt530:1.00,vaisala-aqt530,waggle-aqt530,microgram per cubic meter,W095,core,W095
2026-07-15 21:40:03.089671608+00:00,aqt.particle.pm2.5,0.9,5min,Particulate Matter less than 2.5 microns in diameter,000048b02dd3c6d5.ws-nxcore,waggle-aqt530-5511,-9999.9,000048b02dd3c6d5,registry.sagecontinuum.org/kaludib/waggle-aqt530:1.00,vaisala-aqt530,waggle-aqt530,microgram per cubic meter,W095,core,W095
2026-07-15 21:45:02.307366472+00:00,aqt.particle.pm2.5,0.7,5min,Particulate Matter less than 2.5 microns in diameter,000048b02dd3c6d5.ws-nxcore,waggle-aqt530-5511,-9999.9,000048b02dd3c6d5,registry.sagecontinuum.org/kaludib/waggle-aqt530:1.00,vaisala-aqt530,waggle-aqt530,microgram per cubic meter,W095,core,W095
2026-07-15 21:50:02.533692897+00:00,aqt.particle.pm2.5,1.6,5min,Particulate Matter less than 2.5 microns in diameter,000048b02dd3c6d5.ws-nxcore,waggle-aqt530-5511,-9999.9,000048b02dd3c6d5,registry.sagecontinuum.org/kaludib/waggle-aqt530:1.00,vaisala-aqt530,waggle-aqt530,microgram per cubic meter,W095,core,W095
2026-07-15 21:55:02.757487056+00:00,aqt.particle.pm2.5,0.5,5min,Particulate Matter less than 2.5 microns in diameter,000048b02dd3c6d5.ws-nxcore,waggle-aqt530-5511,-9999.9,000048b02dd3c6d5,registry.sagecontinuum.org/kaludib/waggle-aqt530:1.00,vaisala-aqt530,waggle-aqt530,microgram per cubic meter,W095,core,W095
2026-07-15 22:00:02.968978831+00:00,aqt.particle.pm2.5,1.0,5min,Particulate Matter less than 2.5 microns in diameter,000048b02dd3c6d5.ws-nxcore,waggle-aqt530-5511,-9999.9,000048b02dd3c6d5,registry.sagecontinuum.org/kaludib/waggle-aqt530:1.00,vaisala-aqt530,waggle-aqt530,microgram per cubic meter,W095,core,W095
2026-07-15 22:05:02.186420574+00:00,aqt.particle.pm2.5,1.1,5min,Particulate Matter less than 2.5 microns in diameter,000048b02dd3c6d5.ws-nxcore,waggle-aqt530-5511,-9999.9,000048b02dd3c6d5,registry.sagecontinuum.org/kaludib/waggle-aqt530:1.00,vaisala-aqt530,waggle-aqt530,microgram per cubic meter,W095,core,W095
2026-07-15 22:10:02.411952755+00:00,aqt.particle.pm2.5,1.5,5min,Particulate Matter less than 2.5 microns in diameter,000048b02dd3c6d5.ws-nxcore,waggle-aqt530-5511,-9999.9,000048b02dd3c6d5,registry.sagecontinuum.org/kaludib/waggle-aqt530:1.00,vaisala-aqt530,waggle-aqt530,microgram per cubic meter,W095,core,W095
2026-07-15 22:15:02.533623842+00:00,aqt.particle.pm2.5,2.0,5min,Particulate Matter less than 2.5 microns in diameter,000048b02dd3c6d5.ws-nxcore,waggle-aqt530-5511,-9999.9,000048b02dd3c6d5,registry.sagecontinuum.org/kaludib/waggle-aqt530:1.00,vaisala-aqt530,waggle-aqt530,microgram per cubic meter,W095,core,W095
2026-07-15 22:20:02.698556441+00:00,aqt.particle.pm2.5,2.1,5min,Particulate Matter less than 2.5 microns in diameter,000048b02dd3c6d5.ws-nxcore,waggle-aqt530-5511,-9999.9,000048b02dd3c6d5,registry.sagecontinuum.org/kaludib/waggle-aqt530:1.00,vaisala-aqt530,waggle-aqt530,microgram per cubic meter,W095,core,W095
2026-07-15 22:25:02.874554623+00:00,aqt.particle.pm2.5,3.2,5min,Particulate Matter less than 2.5 microns in diameter,000048b02dd3c6d5.ws-nxcore,waggle-aqt530-5511,-9999.9,000048b02dd3c6d5,registry.sagecontinuum.org/kaludib/waggle-aqt530:1.00,vaisala-aqt530,waggle-aqt530,microgram per cubic meter,W095,core,W095
2026-07-15 22:30:02.077813915+00:00,aqt.particle.pm2.5,6.0,5min,Particulate Matter less than 2.5 microns in diameter,000048b02dd3c6d5.ws-nxcore,waggle-aqt530-5511,-9999.9,000048b02dd3c6d5,registry.sagecontinuum.org/kaludib/waggle-aqt530:1.00,vaisala-aqt530,waggle-aqt530,microgram per cubic meter,W095,core,W095
2026-07-15 22:35:02.299396807+00:00,aqt.particle.pm2.5,2.0,5min,Particulate Matter less than 2.5 microns in diameter,000048b02dd3c6d5.ws-nxcore,waggle-aqt530-5511,-9999.9,000048b02dd3c6d5,registry.sagecontinuum.org/kaludib/waggle-aqt530:1.00,vaisala-aqt530,waggle-aqt530,microgram per cubic meter,W095,core,W095
2026-07-15 22:40:02.513509976+00:00,aqt.particle.pm2.5,2.1,5min,Particulate Matter less than 2.5 microns in diameter,000048b02dd3c6d5.ws-nxcore,waggle-aqt530-5511,-9999.9,000048b02dd3c6d5,registry.sagecontinuum.org/kaludib/waggle-aqt530:1.00,vaisala-aqt530,waggle-aqt530,microgram per cubic meter,W095,core,W095
2026-07-15 22:45:02.709060202+00:00,aqt.particle.pm2.5,3.9,5min,Particulate Matter less than 2.5 microns in diameter,000048b02dd3c6d5.ws-nxcore,waggle-aqt530-5511,-9999.9,000048b02dd3c6d5,registry.sagecontinuum.org/kaludib/waggle-aqt530:1.00,vaisala-aqt530,waggle-aqt530,microgram per cubic meter,W095,core,W095
2026-07-15 22:50:02.917015759+00:00,aqt.particle.pm2.5,4.3,5min,Particulate Matter less than 2.5 microns in diameter,000048b02dd3c6d5.ws-nxcore,waggle-aqt530-5511,-9999.9,000048b02dd3c6d5,registry.sagecontinuum.org/kaludib/waggle-aqt530:1.00,vaisala-aqt530,waggle-aqt530,microgram per cubic meter,W095,core,W095
2026-07-15 22:55:02.116993297+00:00,aqt.particle.pm2.5,4.7,5min,Particulate Matter less than 2.5 microns in diameter,000048b02dd3c6d5.ws-nxcore,waggle-aqt530-5511,-9999.9,000048b02dd3c6d5,registry.sagecontinuum.org/kaludib/waggle-aqt530:1.00,vaisala-aqt530,waggle-aqt530,microgram per cubic meter,W095,core,W095
2026-07-15 23:00:02.311707334+00:00,aqt.particle.pm2.5,3.4,5min,Particulate Matter less than 2.5 microns in diameter,000048b02dd3c6d5.ws-nxcore,waggle-aqt530-5511,-9999.9,000048b02dd3c6d5,registry.sagecontinuum.org/kaludib/waggle-aqt530:1.00,vaisala-aqt530,waggle-aqt530,microgram per cubic meter,W095,core,W095
2026-07-15 23:05:02.557780458+00:00,aqt.particle.pm2.5,2.0,5min,Particulate Matter less than 2.5 microns in diameter,000048b02dd3c6d5.ws-nxcore,waggle-aqt530-5511,-9999.9,000048b02dd3c6d5,registry.sagecontinuum.org/kaludib/waggle-aqt530:1.00,vaisala-aqt530,waggle-aqt530,microgram per cubic meter,W095,core,W095
2026-07-15 23:10:02.820669477+00:00,aqt.particle.pm2.5,2.4,5min,Particulate Matter less than 2.5 microns in diameter,000048b02dd3c6d5.ws-nxcore,waggle-aqt530-5511,-9999.9,000048b02dd3c6d5,registry.sagecontinuum.org/kaludib/waggle-aqt530:1.00,vaisala-aqt530,waggle-aqt530,microgram per cubic meter,W095,core,W095
2026-07-15 23:15:02.048951232+00:00,aqt.particle.pm2.5,2.7,5min,Particulate Matter less than 2.5 microns in diameter,000048b02dd3c6d5.ws-nxcore,waggle-aqt530-5511,-9999.9,000048b02dd3c6d5,registry.sagecontinuum.org/kaludib/waggle-aqt530:1.00,vaisala-aqt530,waggle-aqt530,microgram per cubic meter,W095,core,W095
2026-07-15 23:20:02.277241641+00:00,aqt.particle.pm2.5,2.3,5min,Particulate Matter less than 2.5 microns in diameter,000048b02dd3c6d5.ws-nxcore,waggle-aqt530-5511,-9999.9,000048b02dd3c6d5,registry.sagecontinuum.org/kaludib/waggle-aqt530:1.00,vaisala-aqt530,waggle-aqt530,microgram per cubic meter,W095,core,W095
2026-07-15 23:25:02.484269548+00:00,aqt.particle.pm2.5,2.3,5min,Particulate Matter less than 2.5 microns in diameter,000048b02dd3c6d5.ws-nxcore,waggle-aqt530-5511,-9999.9,000048b02dd3c6d5,registry.sagecontinuum.org/kaludib/waggle-aqt530:1.00,vaisala-aqt530,waggle-aqt530,microgram per cubic meter,W095,core,W095
2026-07-15 23:30:02.704277476+00:00,aqt.particle.pm2.5,0.8,5min,Particulate Matter less than 2.5 microns in diameter,000048b02dd3c6d5.ws-nxcore,waggle-aqt530-5511,-9999.9,000048b02dd3c6d5,registry.sagecontinuum.org/kaludib/waggle-aqt530:1.00,vaisala-aqt530,waggle-aqt530,microgram per cubic meter,W095,core,W095
2026-07-15 23:35:02.920421032+00:00,aqt.particle.pm2.5,2.0,5min,Particulate Matter less than 2.5 microns in diameter,000048b02dd3c6d5.ws-nxcore,waggle-aqt530-5511,-9999.9,000048b02dd3c6d5,registry.sagecontinuum.org/kaludib/waggle-aqt530:1.00,vaisala-aqt530,waggle-aqt530,microgram per cubic meter,W095,core,W095
2026-07-15 23:40:02.147359010+00:00,aqt.particle.pm2.5,3.9,5min,Particulate Matter less than 2.5 microns in diameter,000048b02dd3c6d5.ws-nxcore,waggle-aqt530-5511,-9999.9,000048b02dd3c6d5,registry.sagecontinuum.org/kaludib/waggle-aqt530:1.00,vaisala-aqt530,waggle-aqt530,microgram per cubic meter,W095,core,W095
2026-07-15 23:45:02.364773874+00:00,aqt.particle.pm2.5,5.5,5min,Particulate Matter less than 2.5 microns in diameter,000048b02dd3c6d5.ws-nxcore,waggle-aqt530-5511,-9999.9,000048b02dd3c6d5,registry.sagecontinuum.org/kaludib/waggle-aqt530:1.00,vaisala-aqt530,waggle-aqt530,microgram per cubic meter,W095,core,W095
2026-07-15 23:50:02.590427269+00:00,aqt.particle.pm2.5,4.0,5min,Particulate Matter less than 2.5 microns in diameter,000048b02dd3c6d5.ws-nxcore,waggle-aqt530-5511,-9999.9,000048b02dd3c6d5,registry.sagecontinuum.org/kaludib/waggle-aqt530:1.00,vaisala-aqt530,waggle-aqt530,microgram per cubic meter,W095,core,W095
2026-07-15 23:55:03.310032819+00:00,aqt.particle.pm2.5,4.6,5min,Particulate Matter less than 2.5 microns in diameter,000048b02dd3c6d5.ws-nxcore,waggle-aqt530-5511,-9999.9,000048b02dd3c6d5,registry.sagecontinuum.org/kaludib/waggle-aqt530:1.00,vaisala-aqt530,waggle-aqt530,microgram per cubic meter,W095,core,W095
2026-07-16 00:00:02.026737607+00:00,aqt.particle.pm2.5,5.5,5min,Particulate Matter less than 2.5 microns in diameter,000048b02dd3c6d5.ws-nxcore,waggle-aqt530-5511,-9999.9,000048b02dd3c6d5,registry.sagecontinuum.org/kaludib/waggle-aqt530:1.00,vaisala-aqt530,waggle-aqt530,microgram per cubic meter,W095,core,W095
2026-07-16 00:05:02.231564305+00:00,aqt.particle.pm2.5,2.4,5min,Particulate Matter less than 2.5 microns in diameter,000048b02dd3c6d5.ws-nxcore,waggle-aqt530-5511,-9999.9,000048b02dd3c6d5,registry.sagecontinuum.org/kaludib/waggle-aqt530:1.00,vaisala-aqt530,waggle-aqt530,microgram per cubic meter,W095,core,W095
2026-07-16 00:10:02.458779413+00:00,aqt.particle.pm2.5,1.3,5min,Particulate Matter less than 2.5 microns in diameter,000048b02dd3c6d5.ws-nxcore,waggle-aqt530-5511,-9999.9,000048b02dd3c6d5,registry.sagecontinuum.org/kaludib/waggle-aqt530:1.00,vaisala-aqt530,waggle-aqt530,microgram per cubic meter,W095,core,W095
2026-07-16 00:15:02.702262809+00:00,aqt.particle.pm2.5,1.5,5min,Particulate Matter less than 2.5 microns in diameter,000048b02dd3c6d5.ws-nxcore,waggle-aqt530-5511,-9999.9,000048b02dd3c6d5,registry.sagecontinuum.org/kaludib/waggle-aqt530:1.00,vaisala-aqt530,waggle-aqt530,microgram per cubic meter,W095,core,W095
2026-07-16 00:20:02.930714056+00:00,aqt.particle.pm2.5,2.0,5min,Particulate Matter less than 2.5 microns in diameter,000048b02dd3c6d5.ws-nxcore,waggle-aqt530-5511,-9999.9,000048b02dd3c6d5,registry.sagecontinuum.org/kaludib/waggle-aqt530:1.00,vaisala-aqt530,waggle-aqt530,microgram per cubic meter,W095,core,W095
2026-07-16 00:25:02.161143232+00:00,aqt.particle.pm2.5,2.7,5min,Particulate Matter less than 2.5 microns in diameter,000048b02dd3c6d5.ws-nxcore,waggle-aqt530-5511,-9999.9,000048b02dd3c6d5,registry.sagecontinuum.org/kaludib/waggle-aqt530:1.00,vaisala-aqt530,waggle-aqt530,microgram per cubic meter,W095,core,W095
2026-07-16 00:30:02.389460531+00:00,aqt.particle.pm2.5,4.6,5min,Particulate Matter less than 2.5 microns in diameter,000048b02dd3c6d5.ws-nxcore,waggle-aqt530-5511,-9999.9,000048b02dd3c6d5,registry.sagecontinuum.org/kaludib/waggle-aqt530:1.00,vaisala-aqt530,waggle-aqt530,microgram per cubic meter,W095,core,W095
2026-07-16 00:35:02.617636984+00:00,aqt.particle.pm2.5,6.4,5min,Particulate Matter less than 2.5 microns in diameter,000048b02dd3c6d5.ws-nxcore,waggle-aqt530-5511,-9999.9,000048b02dd3c6d5,registry.sagecontinuum.org/kaludib/waggle-aqt530:1.00,vaisala-aqt530,waggle-aqt530,microgram per cubic meter,W095,core,W095
2026-07-16 00:40:02.830779956+00:00,aqt.particle.pm2.5,5.9,5min,Particulate Matter less than 2.5 microns in diameter,000048b02dd3c6d5.ws-nxcore,waggle-aqt530-5511,-9999.9,000048b02dd3c6d5,registry.sagecontinuum.org/kaludib/waggle-aqt530:1.00,vaisala-aqt530,waggle-aqt530,microgram per cubic meter,W095,core,W095
2026-07-16 00:45:03.052522300+00:00,aqt.particle.pm2.5,7.8,5min,Particulate Matter less than 2.5 microns in diameter,000048b02dd3c6d5.ws-nxcore,waggle-aqt530-5511,-9999.9,000048b02dd3c6d5,registry.sagecontinuum.org/kaludib/waggle-aqt530:1.00,vaisala-aqt530,waggle-aqt530,microgram per cubic meter,W095,core,W095
2026-07-16 00:50:02.234367443+00:00,aqt.particle.pm2.5,4.7,5min,Particulate Matter less than 2.5 microns in diameter,000048b02dd3c6d5.ws-nxcore,waggle-aqt530-5511,-9999.9,000048b02dd3c6d5,registry.sagecontinuum.org/kaludib/waggle-aqt530:1.00,vaisala-aqt530,waggle-aqt530,microgram per cubic meter,W095,core,W095
2026-07-16 00:55:02.437030951+00:00,aqt.particle.pm2.5,3.3,5min,Particulate Matter less than 2.5 microns in diameter,000048b02dd3c6d5.ws-nxcore,waggle-aqt530-5511,-9999.9,000048b02dd3c6d5,registry.sagecontinuum.org/kaludib/waggle-aqt530:1.00,vaisala-aqt530,waggle-aqt530,microgram per cubic meter,W095,core,W095
2026-07-16 01:00:02.633512769+00:00,aqt.particle.pm2.5,3.0,5min,Particulate Matter less than 2.5 microns in diameter,000048b02dd3c6d5.ws-nxcore,waggle-aqt530-5511,-9999.9,000048b02dd3c6d5,registry.sagecontinuum.org/kaludib/waggle-aqt530:1.00,vaisala-aqt530,waggle-aqt530,microgram per cubic meter,W095,core,W095
2026-07-16 01:05:02.848549115+00:00,aqt.particle.pm2.5,3.0,5min,Particulate Matter less than 2.5 microns in diameter,000048b02dd3c6d5.ws-nxcore,waggle-aqt530-5511,-9999.9,000048b02dd3c6d5,registry.sagecontinuum.org/kaludib/waggle-aqt530:1.00,vaisala-aqt530,waggle-aqt530,microgram per cubic meter,W095,core,W095
2026-07-16 01:10:02.057641963+00:00,aqt.particle.pm2.5,4.1,5min,Particulate Matter less than 2.5 microns in diameter,000048b02dd3c6d5.ws-nxcore,waggle-aqt530-5511,-9999.9,000048b02dd3c6d5,registry.sagecontinuum.org/kaludib/waggle-aqt530:1.00,vaisala-aqt530,waggle-aqt530,microgram per cubic meter,W095,core,W095
2026-07-16 01:15:02.276125513+00:00,aqt.particle.pm2.5,0.5,5min,Particulate Matter less than 2.5 microns in diameter,000048b02dd3c6d5.ws-nxcore,waggle-aqt530-5511,-9999.9,000048b02dd3c6d5,registry.sagecontinuum.org/kaludib/waggle-aqt530:1.00,vaisala-aqt530,waggle-aqt530,microgram per cubic meter,W095,core,W095
2026-07-16 01:20:02.474595259+00:00,aqt.particle.pm2.5,0.3,5min,Particulate Matter less than 2.5 microns in diameter,000048b02dd3c6d5.ws-nxcore,waggle-aqt530-5511,-9999.9,000048b02dd3c6d5,registry.sagecontinuum.org/kaludib/waggle-aqt530:1.00,vaisala-aqt530,waggle-aqt530,microgram per cubic meter,W095,core,W095
2026-07-16 01:25:02.676427710+00:00,aqt.particle.pm2.5,0.2,5min,Particulate Matter less than 2.5 microns in diameter,000048b02dd3c6d5.ws-nxcore,waggle-aqt530-5511,-9999.9,000048b02dd3c6d5,registry.sagecontinuum.org/kaludib/waggle-aqt530:1.00,vaisala-aqt530,waggle-aqt530,microgram per cubic meter,W095,core,W095
2026-07-16 01:30:02.886241492+00:00,aqt.particle.pm2.5,0.3,5min,Particulate Matter less than 2.5 microns in diameter,000048b02dd3c6d5.ws-nxcore,waggle-aqt530-5511,-9999.9,000048b02dd3c6d5,registry.sagecontinuum.org/kaludib/waggle-aqt530:1.00,vaisala-aqt530,waggle-aqt530,microgram per cubic meter,W095,core,W095
2026-07-16 01:35:02.090509929+00:00,aqt.particle.pm2.5,1.5,5min,Particulate Matter less than 2.5 microns in diameter,000048b02dd3c6d5.ws-nxcore,waggle-aqt530-5511,-9999.9,000048b02dd3c6d5,registry.sagecontinuum.org/kaludib/waggle-aqt530:1.00,vaisala-aqt530,waggle-aqt530,microgram per cubic meter,W095,core,W095
2026-07-16 01:40:02.308513332+00:00,aqt.particle.pm2.5,2.2,5min,Particulate Matter less than 2.5 microns in diameter,000048b02dd3c6d5.ws-nxcore,waggle-aqt530-5511,-9999.9,000048b02dd3c6d5,registry.sagecontinuum.org/kaludib/waggle-aqt530:1.00,vaisala-aqt530,waggle-aqt530,microgram per cubic meter,W095,core,W095
2026-07-16 01:45:02.506181293+00:00,aqt.particle.pm2.5,1.0,5min,Particulate Matter less than 2.5 microns in diameter,000048b02dd3c6d5.ws-nxcore,waggle-aqt530-5511,-9999.9,000048b02dd3c6d5,registry.sagecontinuum.org/kaludib/waggle-aqt530:1.00,vaisala-aqt530,waggle-aqt530,microgram per cubic meter,W095,core,W095
2026-07-16 01:50:02.722471954+00:00,aqt.particle.pm2.5,0.6,5min,Particulate Matter less than 2.5 microns in diameter,000048b02dd3c6d5.ws-nxcore,waggle-aqt530-5511,-9999.9,000048b02dd3c6d5,registry.sagecontinuum.org/kaludib/waggle-aqt530:1.00,vaisala-aqt530,waggle-aqt530,microgram per cubic meter,W095,core,W095
2026-07-16 01:55:01.938681553+00:00,aqt.particle.pm2.5,3.6,5min,Particulate Matter less than 2.5 microns in diameter,000048b02dd3c6d5.ws-nxcore,waggle-aqt530-5511,-9999.9,000048b02dd3c6d5,registry.sagecontinuum.org/kaludib/waggle-aqt530:1.00,vaisala-aqt530,waggle-aqt530,microgram per cubic meter,W095,core,W095
2026-07-16 02:00:02.166166751+00:00,aqt.particle.pm2.5,1.7,5min,Particulate Matter less than 2.5 microns in diameter,000048b02dd3c6d5.ws-nxcore,waggle-aqt530-5511,-9999.9,000048b02dd3c6d5,registry.sagecontinuum.org/kaludib/waggle-aqt530:1.00,vaisala-aqt530,waggle-aqt530,microgram per cubic meter,W095,core,W095
2026-07-16 02:05:02.375831916+00:00,aqt.particle.pm2.5,2.7,5min,Particulate Matter less than 2.5 microns in diameter,000048b02dd3c6d5.ws-nxcore,waggle-aqt530-5511,-9999.9,000048b02dd3c6d5,registry.sagecontinuum.org/kaludib/waggle-aqt530:1.00,vaisala-aqt530,waggle-aqt530,microgram per cubic meter,W095,core,W095
2026-07-16 02:10:02.597316810+00:00,aqt.particle.pm2.5,0.3,5min,Particulate Matter less than 2.5 microns in diameter,000048b02dd3c6d5.ws-nxcore,waggle-aqt530-5511,-9999.9,000048b02dd3c6d5,registry.sagecontinuum.org/kaludib/waggle-aqt530:1.00,vaisala-aqt530,waggle-aqt530,microgram per cubic meter,W095,core,W095
2026-07-16 02:15:02.817385891+00:00,aqt.particle.pm2.5,2.2,5min,Particulate Matter less than 2.5 microns in diameter,000048b02dd3c6d5.ws-nxcore,waggle-aqt530-5511,-9999.9,000048b02dd3c6d5,registry.sagecontinuum.org/kaludib/waggle-aqt530:1.00,vaisala-aqt530,waggle-aqt530,microgram per cubic meter,W095,core,W095
2026-07-16 02:20:02.030009183+00:00,aqt.particle.pm2.5,3.3,5min,Particulate Matter less than 2.5 microns in diameter,000048b02dd3c6d5.ws-nxcore,waggle-aqt530-5511,-9999.9,000048b02dd3c6d5,registry.sagecontinuum.org/kaludib/waggle-aqt530:1.00,vaisala-aqt530,waggle-aqt530,microgram per cubic meter,W095,core,W095
2026-07-16 02:25:02.235190377+00:00,aqt.particle.pm2.5,0.5,5min,Particulate Matter less than 2.5 microns in diameter,000048b02dd3c6d5.ws-nxcore,waggle-aqt530-5511,-9999.9,000048b02dd3c6d5,registry.sagecontinuum.org/kaludib/waggle-aqt530:1.00,vaisala-aqt530,waggle-aqt530,microgram per cubic meter,W095,core,W095
2026-07-16 02:30:02.459448849+00:00,aqt.particle.pm2.5,0.4,5min,Particulate Matter less than 2.5 microns in diameter,000048b02dd3c6d5.ws-nxcore,waggle-aqt530-5511,-9999.9,000048b02dd3c6d5,registry.sagecontinuum.org/kaludib/waggle-aqt530:1.00,vaisala-aqt530,waggle-aqt530,microgram per cubic meter,W095,core,W095
2026-07-16 02:35:02.684636590+00:00,aqt.particle.pm2.5,0.2,5min,Particulate Matter less than 2.5 microns in diameter,000048b02dd3c6d5.ws-nxcore,waggle-aqt530-5511,-9999.9,000048b02dd3c6d5,registry.sagecontinuum.org/kaludib/waggle-aqt530:1.00,vaisala-aqt530,waggle-aqt530,microgram per cubic meter,W095,core,W095
2026-07-16 02:40:02.918014811+00:00,aqt.particle.pm2.5,0.2,5min,Particulate Matter less than 2.5 microns in diameter,000048b02dd3c6d5.ws-nxcore,waggle-aqt530-5511,-9999.9,000048b02dd3c6d5,registry.sagecontinuum.org/kaludib/waggle-aqt530:1.00,vaisala-aqt530,waggle-aqt530,microgram per cubic meter,W095,core,W095
2026-07-16 02:45:02.105756216+00:00,aqt.particle.pm2.5,2.3,5min,Particulate Matter less than 2.5 microns in diameter,000048b02dd3c6d5.ws-nxcore,waggle-aqt530-5511,-9999.9,000048b02dd3c6d5,registry.sagecontinuum.org/kaludib/waggle-aqt530:1.00,vaisala-aqt530,waggle-aqt530,microgram per cubic meter,W095,core,W095
2026-07-16 02:50:02.326561054+00:00,aqt.particle.pm2.5,6.3,5min,Particulate Matter less than 2.5 microns in diameter,000048b02dd3c6d5.ws-nxcore,waggle-aqt530-5511,-9999.9,000048b02dd3c6d5,registry.sagecontinuum.org/kaludib/waggle-aqt530:1.00,vaisala-aqt530,waggle-aqt530,microgram per cubic meter,W095,core,W095
2026-07-16 02:55:02.547200185+00:00,aqt.particle.pm2.5,4.4,5min,Particulate Matter less than 2.5 microns in diameter,000048b02dd3c6d5.ws-nxcore,waggle-aqt530-5511,-9999.9,000048b02dd3c6d5,registry.sagecontinuum.org/kaludib/waggle-aqt530:1.00,vaisala-aqt530,waggle-aqt530,microgram per cubic meter,W095,core,W095
2026-07-16 03:00:02.754110518+00:00,aqt.particle.pm2.5,3.4,5min,Particulate Matter less than 2.5 microns in diameter,000048b02dd3c6d5.ws-nxcore,waggle-aqt530-5511,-9999.9,000048b02dd3c6d5,registry.sagecontinuum.org/kaludib/waggle-aqt530:1.00,vaisala-aqt530,waggle-aqt530,microgram per cubic meter,W095,core,W095
2026-07-16 03:05:01.974703024+00:00,aqt.particle.pm2.5,2.4,5min,Particulate Matter less than 2.5 microns in diameter,000048b02dd3c6d5.ws-nxcore,waggle-aqt530-5511,-9999.9,000048b02dd3c6d5,registry.sagecontinuum.org/kaludib/waggle-aqt530:1.00,vaisala-aqt530,waggle-aqt530,microgram per cubic meter,W095,core,W095
2026-07-16 03:10:02.201971417+00:00,aqt.particle.pm2.5,1.6,5min,Particulate Matter less than 2.5 microns in diameter,000048b02dd3c6d5.ws-nxcore,waggle-aqt530-5511,-9999.9,000048b02dd3c6d5,registry.sagecontinuum.org/kaludib/waggle-aqt530:1.00,vaisala-aqt530,waggle-aqt530,microgram per cubic meter,W095,core,W095
2026-07-16 03:15:02.426878215+00:00,aqt.particle.pm2.5,1.7,5min,Particulate Matter less than 2.5 microns in diameter,000048b02dd3c6d5.ws-nxcore,waggle-aqt530-5511,-9999.9,000048b02dd3c6d5,registry.sagecontinuum.org/kaludib/waggle-aqt530:1.00,vaisala-aqt530,waggle-aqt530,microgram per cubic meter,W095,core,W095
2026-07-16 03:20:02.636212557+00:00,aqt.particle.pm2.5,1.0,5min,Particulate Matter less than 2.5 microns in diameter,000048b02dd3c6d5.ws-nxcore,waggle-aqt530-5511,-9999.9,000048b02dd3c6d5,registry.sagecontinuum.org/kaludib/waggle-aqt530:1.00,vaisala-aqt530,waggle-aqt530,microgram per cubic meter,W095,core,W095
2026-07-16 03:25:02.857478232+00:00,aqt.particle.pm2.5,0.5,5min,Particulate Matter less than 2.5 microns in diameter,000048b02dd3c6d5.ws-nxcore,waggle-aqt530-5511,-9999.9,000048b02dd3c6d5,registry.sagecontinuum.org/kaludib/waggle-aqt530:1.00,vaisala-aqt530,waggle-aqt530,microgram per cubic meter,W095,core,W095
2026-07-16 03:30:02.072881711+00:00,aqt.particle.pm2.5,0.3,5min,Particulate Matter less than 2.5 microns in diameter,000048b02dd3c6d5.ws-nxcore,waggle-aqt530-5511,-9999.9,000048b02dd3c6d5,registry.sagecontinuum.org/kaludib/waggle-aqt530:1.00,vaisala-aqt530,waggle-aqt530,microgram per cubic meter,W095,core,W095
2026-07-16 03:35:02.293942624+00:00,aqt.particle.pm2.5,3.7,5min,Particulate Matter less than 2.5 microns in diameter,000048b02dd3c6d5.ws-nxcore,waggle-aqt530-5511,-9999.9,000048b02dd3c6d5,registry.sagecontinuum.org/kaludib/waggle-aqt530:1.00,vaisala-aqt530,waggle-aqt530,microgram per cubic meter,W095,core,W095
2026-07-16 03:40:02.507857476+00:00,aqt.particle.pm2.5,2.7,5min,Particulate Matter less than 2.5 microns in diameter,000048b02dd3c6d5.ws-nxcore,waggle-aqt530-5511,-9999.9,000048b02dd3c6d5,registry.sagecontinuum.org/kaludib/waggle-aqt530:1.00,vaisala-aqt530,waggle-aqt530,microgram per cubic meter,W095,core,W095
2026-07-16 03:45:02.732640991+00:00,aqt.particle.pm2.5,3.1,5min,Particulate Matter less than 2.5 microns in diameter,000048b02dd3c6d5.ws-nxcore,waggle-aqt530-5511,-9999.9,000048b02dd3c6d5,registry.sagecontinuum.org/kaludib/waggle-aqt530:1.00,vaisala-aqt530,waggle-aqt530,microgram per cubic meter,W095,core,W095
2026-07-16 03:50:01.955116001+00:00,aqt.particle.pm2.5,1.1,5min,Particulate Matter less than 2.5 microns in diameter,000048b02dd3c6d5.ws-nxcore,waggle-aqt530-5511,-9999.9,000048b02dd3c6d5,registry.sagecontinuum.org/kaludib/waggle-aqt530:1.00,vaisala-aqt530,waggle-aqt530,microgram per cubic meter,W095,core,W095
2026-07-16 03:55:02.172108776+00:00,aqt.particle.pm2.5,0.2,5min,Particulate Matter less than 2.5 microns in diameter,000048b02dd3c6d5.ws-nxcore,waggle-aqt530-5511,-9999.9,000048b02dd3c6d5,registry.sagecontinuum.org/kaludib/waggle-aqt530:1.00,vaisala-aqt530,waggle-aqt530,microgram per cubic meter,W095,core,W095
2026-07-16 04:00:02.399139085+00:00,aqt.particle.pm2.5,0.0,5min,Particulate Matter less than 2.5 microns in diameter,000048b02dd3c6d5.ws-nxcore,waggle-aqt530-5511,-9999.9,000048b02dd3c6d5,registry.sagecontinuum.org/kaludib/waggle-aqt530:1.00,vaisala-aqt530,waggle-aqt530,microgram per cubic meter,W095,core,W095
2026-07-16 04:05:02.603480247+00:00,aqt.particle.pm2.5,0.4,5min,Particulate Matter less than 2.5 microns in diameter,000048b02dd3c6d5.ws-nxcore,waggle-aqt530-5511,-9999.9,000048b02dd3c6d5,registry.sagecontinuum.org/kaludib/waggle-aqt530:1.00,vaisala-aqt530,waggle-aqt530,microgram per cubic meter,W095,core,W095
2026-07-16 04:10:02.823847476+00:00,aqt.particle.pm2.5,3.0,5min,Particulate Matter less than 2.5 microns in diameter,000048b02dd3c6d5.ws-nxcore,waggle-aqt530-5511,-9999.9,000048b02dd3c6d5,registry.sagecontinuum.org/kaludib/waggle-aqt530:1.00,vaisala-aqt530,waggle-aqt530,microgram per cubic meter,W095,core,W095
2026-07-16 04:15:02.025876305+00:00,aqt.particle.pm2.5,4.9,5min,Particulate Matter less than 2.5 microns in diameter,000048b02dd3c6d5.ws-nxcore,waggle-aqt530-5511,-9999.9,000048b02dd3c6d5,registry.sagecontinuum.org/kaludib/waggle-aqt530:1.00,vaisala-aqt530,waggle-aqt530,microgram per cubic meter,W095,core,W095
2026-07-16 04:20:02.245059070+00:00,aqt.particle.pm2.5,3.4,5min,Particulate Matter less than 2.5 microns in diameter,000048b02dd3c6d5.ws-nxcore,waggle-aqt530-5511,-9999.9,000048b02dd3c6d5,registry.sagecontinuum.org/kaludib/waggle-aqt530:1.00,vaisala-aqt530,waggle-aqt530,microgram per cubic meter,W095,core,W095
2026-07-16 04:25:02.441727537+00:00,aqt.particle.pm2.5,0.0,5min,Particulate Matter less than 2.5 microns in diameter,000048b02dd3c6d5.ws-nxcore,waggle-aqt530-5511,-9999.9,000048b02dd3c6d5,registry.sagecontinuum.org/kaludib/waggle-aqt530:1.00,vaisala-aqt530,waggle-aqt530,microgram per cubic meter,W095,core,W095
2026-07-16 04:30:02.664217589+00:00,aqt.particle.pm2.5,0.0,5min,Particulate Matter less than 2.5 microns in diameter,000048b02dd3c6d5.ws-nxcore,waggle-aqt530-5511,-9999.9,000048b02dd3c6d5,registry.sagecontinuum.org/kaludib/waggle-aqt530:1.00,vaisala-aqt530,waggle-aqt530,microgram per cubic meter,W095,core,W095
2026-07-16 04:35:02.879260670+00:00,aqt.particle.pm2.5,1.5,5min,Particulate Matter less than 2.5 microns in diameter,000048b02dd3c6d5.ws-nxcore,waggle-aqt530-5511,-9999.9,000048b02dd3c6d5,registry.sagecontinuum.org/kaludib/waggle-aqt530:1.00,vaisala-aqt530,waggle-aqt530,microgram per cubic meter,W095,core,W095
2026-07-16 04:40:02.092565168+00:00,aqt.particle.pm2.5,2.7,5min,Particulate Matter less than 2.5 microns in diameter,000048b02dd3c6d5.ws-nxcore,waggle-aqt530-5511,-9999.9,000048b02dd3c6d5,registry.sagecontinuum.org/kaludib/waggle-aqt530:1.00,vaisala-aqt530,waggle-aqt530,microgram per cubic meter,W095,core,W095
2026-07-16 04:45:02.300214740+00:00,aqt.particle.pm2.5,2.1,5min,Particulate Matter less than 2.5 microns in diameter,000048b02dd3c6d5.ws-nxcore,waggle-aqt530-5511,-9999.9,000048b02dd3c6d5,registry.sagecontinuum.org/kaludib/waggle-aqt530:1.00,vaisala-aqt530,waggle-aqt530,microgram per cubic meter,W095,core,W095
2026-07-16 04:50:02.527961055+00:00,aqt.particle.pm2.5,2.4,5min,Particulate Matter less than 2.5 microns in diameter,000048b02dd3c6d5.ws-nxcore,waggle-aqt530-5511,-9999.9,000048b02dd3c6d5,registry.sagecontinuum.org/kaludib/waggle-aqt530:1.00,vaisala-aqt530,waggle-aqt530,microgram per cubic meter,W095,core,W095
2026-07-16 04:55:02.753116294+00:00,aqt.particle.pm2.5,3.3,5min,Particulate Matter less than 2.5 microns in diameter,000048b02dd3c6d5.ws-nxcore,waggle-aqt530-5511,-9999.9,000048b02dd3c6d5,registry.sagecontinuum.org/kaludib/waggle-aqt530:1.00,vaisala-aqt530,waggle-aqt530,microgram per cubic meter,W095,core,W095
2026-07-16 05:00:01.970637805+00:00,aqt.particle.pm2.5,3.4,5min,Particulate Matter less than 2.5 microns in diameter,000048b02dd3c6d5.ws-nxcore,waggle-aqt530-5511,-9999.9,000048b02dd3c6d5,registry.sagecontinuum.org/kaludib/waggle-aqt530:1.00,vaisala-aqt530,waggle-aqt530,microgram per cubic meter,W095,core,W095
2026-07-16 05:05:02.178590414+00:00,aqt.particle.pm2.5,3.0,5min,Particulate Matter less than 2.5 microns in diameter,000048b02dd3c6d5.ws-nxcore,waggle-aqt530-5511,-9999.9,000048b02dd3c6d5,registry.sagecontinuum.org/kaludib/waggle-aqt530:1.00,vaisala-aqt530,waggle-aqt530,microgram per cubic meter,W095,core,W095
2026-07-16 05:10:02.400517021+00:00,aqt.particle.pm2.5,3.8,5min,Particulate Matter less than 2.5 microns in diameter,000048b02dd3c6d5.ws-nxcore,waggle-aqt530-5511,-9999.9,000048b02dd3c6d5,registry.sagecontinuum.org/kaludib/waggle-aqt530:1.00,vaisala-aqt530,waggle-aqt530,microgram per cubic meter,W095,core,W095
2026-07-16 05:15:02.624023550+00:00,aqt.particle.pm2.5,3.0,5min,Particulate Matter less than 2.5 microns in diameter,000048b02dd3c6d5.ws-nxcore,waggle-aqt530-5511,-9999.9,000048b02dd3c6d5,registry.sagecontinuum.org/kaludib/waggle-aqt530:1.00,vaisala-aqt530,waggle-aqt530,microgram per cubic meter,W095,core,W095
2026-07-16 05:20:02.835702609+00:00,aqt.particle.pm2.5,2.9,5min,Particulate Matter less than 2.5 microns in diameter,000048b02dd3c6d5.ws-nxcore,waggle-aqt530-5511,-9999.9,000048b02dd3c6d5,registry.sagecontinuum.org/kaludib/waggle-aqt530:1.00,vaisala-aqt530,waggle-aqt530,microgram per cubic meter,W095,core,W095
2026-07-16 05:25:02.058297673+00:00,aqt.particle.pm2.5,3.1,5min,Particulate Matter less than 2.5 microns in diameter,000048b02dd3c6d5.ws-nxcore,waggle-aqt530-5511,-9999.9,000048b02dd3c6d5,registry.sagecontinuum.org/kaludib/waggle-aqt530:1.00,vaisala-aqt530,waggle-aqt530,microgram per cubic meter,W095,core,W095
2026-07-16 05:30:02.285583686+00:00,aqt.particle.pm2.5,5.4,5min,Particulate Matter less than 2.5 microns in diameter,000048b02dd3c6d5.ws-nxcore,waggle-aqt530-5511,-9999.9,000048b02dd3c6d5,registry.sagecontinuum.org/kaludib/waggle-aqt530:1.00,vaisala-aqt530,waggle-aqt530,microgram per cubic meter,W095,core,W095
2026-07-16 05:35:02.512045675+00:00,aqt.particle.pm2.5,9.4,5min,Particulate Matter less than 2.5 microns in diameter,000048b02dd3c6d5.ws-nxcore,waggle-aqt530-5511,-9999.9,000048b02dd3c6d5,registry.sagecontinuum.org/kaludib/waggle-aqt530:1.00,vaisala-aqt530,waggle-aqt530,microgram per cubic meter,W095,core,W095
2026-07-16 05:40:02.722029652+00:00,aqt.particle.pm2.5,9.4,5min,Particulate Matter less than 2.5 microns in diameter,000048b02dd3c6d5.ws-nxcore,waggle-aqt530-5511,-9999.9,000048b02dd3c6d5,registry.sagecontinuum.org/kaludib/waggle-aqt530:1.00,vaisala-aqt530,waggle-aqt530,microgram per cubic meter,W095,core,W095
2026-07-16 05:45:01.953053213+00:00,aqt.particle.pm2.5,9.5,5min,Particulate Matter less than 2.5 microns in diameter,000048b02dd3c6d5.ws-nxcore,waggle-aqt530-5511,-9999.9,000048b02dd3c6d5,registry.sagecontinuum.org/kaludib/waggle-aqt530:1.00,vaisala-aqt530,waggle-aqt530,microgram per cubic meter,W095,core,W095
2026-07-16 05:50:02.163649791+00:00,aqt.particle.pm2.5,3.3,5min,Particulate Matter less than 2.5 microns in diameter,000048b02dd3c6d5.ws-nxcore,waggle-aqt530-5511,-9999.9,000048b02dd3c6d5,registry.sagecontinuum.org/kaludib/waggle-aqt530:1.00,vaisala-aqt530,waggle-aqt530,microgram per cubic meter,W095,core,W095
2026-07-16 05:55:02.385471933+00:00,aqt.particle.pm2.5,3.5,5min,Particulate Matter less than 2.5 microns in diameter,000048b02dd3c6d5.ws-nxcore,waggle-aqt530-5511,-9999.9,000048b02dd3c6d5,registry.sagecontinuum.org/kaludib/waggle-aqt530:1.00,vaisala-aqt530,waggle-aqt530,microgram per cubic meter,W095,core,W095
2026-07-16 06:00:02.608982028+00:00,aqt.particle.pm2.5,3.9,5min,Particulate Matter less than 2.5 microns in diameter,000048b02dd3c6d5.ws-nxcore,waggle-aqt530-5511,-9999.9,000048b02dd3c6d5,registry.sagecontinuum.org/kaludib/waggle-aqt530:1.00,vaisala-aqt530,waggle-aqt530,microgram per cubic meter,W095,core,W095
2026-07-16 06:05:02.818422561+00:00,aqt.particle.pm2.5,2.4,5min,Particulate Matter less than 2.5 microns in diameter,000048b02dd3c6d5.ws-nxcore,waggle-aqt530-5511,-9999.9,000048b02dd3c6d5,registry.sagecontinuum.org/kaludib/waggle-aqt530:1.00,vaisala-aqt530,waggle-aqt530,microgram per cubic meter,W095,core,W095
2026-07-16 06:10:02.010679170+00:00,aqt.particle.pm2.5,3.7,5min,Particulate Matter less than 2.5 microns in diameter,000048b02dd3c6d5.ws-nxcore,waggle-aqt530-5511,-9999.9,000048b02dd3c6d5,registry.sagecontinuum.org/kaludib/waggle-aqt530:1.00,vaisala-aqt530,waggle-aqt530,microgram per cubic meter,W095,core,W095
2026-07-16 06:15:02.173649773+00:00,aqt.particle.pm2.5,3.0,5min,Particulate Matter less than 2.5 microns in diameter,000048b02dd3c6d5.ws-nxcore,waggle-aqt530-5511,-9999.9,000048b02dd3c6d5,registry.sagecontinuum.org/kaludib/waggle-aqt530:1.00,vaisala-aqt530,waggle-aqt530,microgram per cubic meter,W095,core,W095
2026-07-16 06:20:02.371925366+00:00,aqt.particle.pm2.5,1.8,5min,Particulate Matter less than 2.5 microns in diameter,000048b02dd3c6d5.ws-nxcore,waggle-aqt530-5511,-9999.9,000048b02dd3c6d5,registry.sagecontinuum.org/kaludib/waggle-aqt530:1.00,vaisala-aqt530,waggle-aqt530,microgram per cubic meter,W095,core,W095
2026-07-16 06:25:02.557683967+00:00,aqt.particle.pm2.5,2.7,5min,Particulate Matter less than 2.5 microns in diameter,000048b02dd3c6d5.ws-nxcore,waggle-aqt530-5511,-9999.9,000048b02dd3c6d5,registry.sagecontinuum.org/kaludib/waggle-aqt530:1.00,vaisala-aqt530,waggle-aqt530,microgram per cubic meter,W095,core,W095
2026-07-16 06:30:01.779174133+00:00,aqt.particle.pm2.5,4.4,5min,Particulate Matter less than 2.5 microns in diameter,000048b02dd3c6d5.ws-nxcore,waggle-aqt530-5511,-9999.9,000048b02dd3c6d5,registry.sagecontinuum.org/kaludib/waggle-aqt530:1.00,vaisala-aqt530,waggle-aqt530,microgram per cubic meter,W095,core,W095
2026-07-16 06:35:01.984404228+00:00,aqt.particle.pm2.5,2.6,5min,Particulate Matter less than 2.5 microns in diameter,000048b02dd3c6d5.ws-nxcore,waggle-aqt530-5511,-9999.9,000048b02dd3c6d5,registry.sagecontinuum.org/kaludib/waggle-aqt530:1.00,vaisala-aqt530,waggle-aqt530,microgram per cubic meter,W095,core,W095
2026-07-16 06:40:02.197919438+00:00,aqt.particle.pm2.5,2.6,5min,Particulate Matter less than 2.5 microns in diameter,000048b02dd3c6d5.ws-nxcore,waggle-aqt530-5511,-9999.9,000048b02dd3c6d5,registry.sagecontinuum.org/kaludib/waggle-aqt530:1.00,vaisala-aqt530,waggle-aqt530,microgram per cubic meter,W095,core,W095
2026-07-16 06:45:02.395761058+00:00,aqt.particle.pm2.5,2.3,5min,Particulate Matter less than 2.5 microns in diameter,000048b02dd3c6d5.ws-nxcore,waggle-aqt530-5511,-9999.9,000048b02dd3c6d5,registry.sagecontinuum.org/kaludib/waggle-aqt530:1.00,vaisala-aqt530,waggle-aqt530,microgram per cubic meter,W095,core,W095
2026-07-16 06:50:02.607533933+00:00,aqt.particle.pm2.5,2.6,5min,Particulate Matter less than 2.5 microns in diameter,000048b02dd3c6d5.ws-nxcore,waggle-aqt530-5511,-9999.9,000048b02dd3c6d5,registry.sagecontinuum.org/kaludib/waggle-aqt530:1.00,vaisala-aqt530,waggle-aqt530,microgram per cubic meter,W095,core,W095
2026-07-16 06:55:01.811587660+00:00,aqt.particle.pm2.5,1.4,5min,Particulate Matter less than 2.5 microns in diameter,000048b02dd3c6d5.ws-nxcore,waggle-aqt530-5511,-9999.9,000048b02dd3c6d5,registry.sagecontinuum.org/kaludib/waggle-aqt530:1.00,vaisala-aqt530,waggle-aqt530,microgram per cubic meter,W095,core,W095
2026-07-16 07:00:02.025413274+00:00,aqt.particle.pm2.5,1.4,5min,Particulate Matter less than 2.5 microns in diameter,000048b02dd3c6d5.ws-nxcore,waggle-aqt530-5511,-9999.9,000048b02dd3c6d5,registry.sagecontinuum.org/kaludib/waggle-aqt530:1.00,vaisala-aqt530,waggle-aqt530,microgram per cubic meter,W095,core,W095
2026-07-16 07:05:02.252886049+00:00,aqt.particle.pm2.5,1.3,5min,Particulate Matter less than 2.5 microns in diameter,000048b02dd3c6d5.ws-nxcore,waggle-aqt530-5511,-9999.9,000048b02dd3c6d5,registry.sagecontinuum.org/kaludib/waggle-aqt530:1.00,vaisala-aqt530,waggle-aqt530,microgram per cubic meter,W095,core,W095
2026-07-16 07:10:02.484250468+00:00,aqt.particle.pm2.5,1.1,5min,Particulate Matter less than 2.5 microns in diameter,000048b02dd3c6d5.ws-nxcore,waggle-aqt530-5511,-9999.9,000048b02dd3c6d5,registry.sagecontinuum.org/kaludib/waggle-aqt530:1.00,vaisala-aqt530,waggle-aqt530,microgram per cubic meter,W095,core,W095
2026-07-16 07:15:02.709100300+00:00,aqt.particle.pm2.5,1.3,5min,Particulate Matter less than 2.5 microns in diameter,000048b02dd3c6d5.ws-nxcore,waggle-aqt530-5511,-9999.9,000048b02dd3c6d5,registry.sagecontinuum.org/kaludib/waggle-aqt530:1.00,vaisala-aqt530,waggle-aqt530,microgram per cubic meter,W095,core,W095
2026-07-16 07:20:01.924943896+00:00,aqt.particle.pm2.5,1.2,5min,Particulate Matter less than 2.5 microns in diameter,000048b02dd3c6d5.ws-nxcore,waggle-aqt530-5511,-9999.9,000048b02dd3c6d5,registry.sagecontinuum.org/kaludib/waggle-aqt530:1.00,vaisala-aqt530,waggle-aqt530,microgram per cubic meter,W095,core,W095
2026-07-16 07:25:02.126373693+00:00,aqt.particle.pm2.5,1.4,5min,Particulate Matter less than 2.5 microns in diameter,000048b02dd3c6d5.ws-nxcore,waggle-aqt530-5511,-9999.9,000048b02dd3c6d5,registry.sagecontinuum.org/kaludib/waggle-aqt530:1.00,vaisala-aqt530,waggle-aqt530,microgram per cubic meter,W095,core,W095
2026-07-16 07:30:02.343107929+00:00,aqt.particle.pm2.5,1.1,5min,Particulate Matter less than 2.5 microns in diameter,000048b02dd3c6d5.ws-nxcore,waggle-aqt530-5511,-9999.9,000048b02dd3c6d5,registry.sagecontinuum.org/kaludib/waggle-aqt530:1.00,vaisala-aqt530,waggle-aqt530,microgram per cubic meter,W095,core,W095
2026-07-16 07:35:02.566257838+00:00,aqt.particle.pm2.5,1.0,5min,Particulate Matter less than 2.5 microns in diameter,000048b02dd3c6d5.ws-nxcore,waggle-aqt530-5511,-9999.9,000048b02dd3c6d5,registry.sagecontinuum.org/kaludib/waggle-aqt530:1.00,vaisala-aqt530,waggle-aqt530,microgram per cubic meter,W095,core,W095
2026-07-16 07:40:01.809023043+00:00,aqt.particle.pm2.5,1.1,5min,Particulate Matter less than 2.5 microns in diameter,000048b02dd3c6d5.ws-nxcore,waggle-aqt530-5511,-9999.9,000048b02dd3c6d5,registry.sagecontinuum.org/kaludib/waggle-aqt530:1.00,vaisala-aqt530,waggle-aqt530,microgram per cubic meter,W095,core,W095
2026-07-16 07:45:02.044743811+00:00,aqt.particle.pm2.5,1.6,5min,Particulate Matter less than 2.5 microns in diameter,000048b02dd3c6d5.ws-nxcore,waggle-aqt530-5511,-9999.9,000048b02dd3c6d5,registry.sagecontinuum.org/kaludib/waggle-aqt530:1.00,vaisala-aqt530,waggle-aqt530,microgram per cubic meter,W095,core,W095
2026-07-16 07:50:02.258375570+00:00,aqt.particle.pm2.5,0.9,5min,Particulate Matter less than 2.5 microns in diameter,000048b02dd3c6d5.ws-nxcore,waggle-aqt530-5511,-9999.9,000048b02dd3c6d5,registry.sagecontinuum.org/kaludib/waggle-aqt530:1.00,vaisala-aqt530,waggle-aqt530,microgram per cubic meter,W095,core,W095
2026-07-16 07:55:02.482562553+00:00,aqt.particle.pm2.5,2.4,5min,Particulate Matter less than 2.5 microns in diameter,000048b02dd3c6d5.ws-nxcore,waggle-aqt530-5511,-9999.9,000048b02dd3c6d5,registry.sagecontinuum.org/kaludib/waggle-aqt530:1.00,vaisala-aqt530,waggle-aqt530,microgram per cubic meter,W095,core,W095
2026-07-16 08:00:02.705367464+00:00,aqt.particle.pm2.5,3.0,5min,Particulate Matter less than 2.5 microns in diameter,000048b02dd3c6d5.ws-nxcore,waggle-aqt530-5511,-9999.9,000048b02dd3c6d5,registry.sagecontinuum.org/kaludib/waggle-aqt530:1.00,vaisala-aqt530,waggle-aqt530,microgram per cubic meter,W095,core,W095
2026-07-16 08:05:01.920452004+00:00,aqt.particle.pm2.5,1.4,5min,Particulate Matter less than 2.5 microns in diameter,000048b02dd3c6d5.ws-nxcore,waggle-aqt530-5511,-9999.9,000048b02dd3c6d5,registry.sagecontinuum.org/kaludib/waggle-aqt530:1.00,vaisala-aqt530,waggle-aqt530,microgram per cubic meter,W095,core,W095
2026-07-16 08:10:02.117090428+00:00,aqt.particle.pm2.5,1.4,5min,Particulate Matter less than 2.5 microns in diameter,000048b02dd3c6d5.ws-nxcore,waggle-aqt530-5511,-9999.9,000048b02dd3c6d5,registry.sagecontinuum.org/kaludib/waggle-aqt530:1.00,vaisala-aqt530,waggle-aqt530,microgram per cubic meter,W095,core,W095
2026-07-16 08:15:02.311735386+00:00,aqt.particle.pm2.5,1.4,5min,Particulate Matter less than 2.5 microns in diameter,000048b02dd3c6d5.ws-nxcore,waggle-aqt530-5511,-9999.9,000048b02dd3c6d5,registry.sagecontinuum.org/kaludib/waggle-aqt530:1.00,vaisala-aqt530,waggle-aqt530,microgram per cubic meter,W095,core,W095
2026-07-16 08:20:02.516119108+00:00,aqt.particle.pm2.5,1.5,5min,Particulate Matter less than 2.5 microns in diameter,000048b02dd3c6d5.ws-nxcore,waggle-aqt530-5511,-9999.9,000048b02dd3c6d5,registry.sagecontinuum.org/kaludib/waggle-aqt530:1.00,vaisala-aqt530,waggle-aqt530,microgram per cubic meter,W095,core,W095
2026-07-16 08:25:01.718820999+00:00,aqt.particle.pm2.5,1.8,5min,Particulate Matter less than 2.5 microns in diameter,000048b02dd3c6d5.ws-nxcore,waggle-aqt530-5511,-9999.9,000048b02dd3c6d5,registry.sagecontinuum.org/kaludib/waggle-aqt530:1.00,vaisala-aqt530,waggle-aqt530,microgram per cubic meter,W095,core,W095
2026-07-16 08:30:01.918871383+00:00,aqt.particle.pm2.5,1.7,5min,Particulate Matter less than 2.5 microns in diameter,000048b02dd3c6d5.ws-nxcore,waggle-aqt530-5511,-9999.9,000048b02dd3c6d5,registry.sagecontinuum.org/kaludib/waggle-aqt530:1.00,vaisala-aqt530,waggle-aqt530,microgram per cubic meter,W095,core,W095
2026-07-16 08:35:02.131709369+00:00,aqt.particle.pm2.5,1.7,5min,Particulate Matter less than 2.5 microns in diameter,000048b02dd3c6d5.ws-nxcore,waggle-aqt530-5511,-9999.9,000048b02dd3c6d5,registry.sagecontinuum.org/kaludib/waggle-aqt530:1.00,vaisala-aqt530,waggle-aqt530,microgram per cubic meter,W095,core,W095
2026-07-16 08:40:02.348845150+00:00,aqt.particle.pm2.5,1.6,5min,Particulate Matter less than 2.5 microns in diameter,000048b02dd3c6d5.ws-nxcore,waggle-aqt530-5511,-9999.9,000048b02dd3c6d5,registry.sagecontinuum.org/kaludib/waggle-aqt530:1.00,vaisala-aqt530,waggle-aqt530,microgram per cubic meter,W095,core,W095
2026-07-16 08:45:02.558055352+00:00,aqt.particle.pm2.5,1.7,5min,Particulate Matter less than 2.5 microns in diameter,000048b02dd3c6d5.ws-nxcore,waggle-aqt530-5511,-9999.9,000048b02dd3c6d5,registry.sagecontinuum.org/kaludib/waggle-aqt530:1.00,vaisala-aqt530,waggle-aqt530,microgram per cubic meter,W095,core,W095
2026-07-16 08:50:01.781182439+00:00,aqt.particle.pm2.5,1.6,5min,Particulate Matter less than 2.5 microns in diameter,000048b02dd3c6d5.ws-nxcore,waggle-aqt530-5511,-9999.9,000048b02dd3c6d5,registry.sagecontinuum.org/kaludib/waggle-aqt530:1.00,vaisala-aqt530,waggle-aqt530,microgram per cubic meter,W095,core,W095
2026-07-16 08:55:02.007147170+00:00,aqt.particle.pm2.5,1.4,5min,Particulate Matter less than 2.5 microns in diameter,000048b02dd3c6d5.ws-nxcore,waggle-aqt530-5511,-9999.9,000048b02dd3c6d5,registry.sagecontinuum.org/kaludib/waggle-aqt530:1.00,vaisala-aqt530,waggle-aqt530,microgram per cubic meter,W095,core,W095
2026-07-16 09:00:02.229968803+00:00,aqt.particle.pm2.5,1.4,5min,Particulate Matter less than 2.5 microns in diameter,000048b02dd3c6d5.ws-nxcore,waggle-aqt530-5511,-9999.9,000048b02dd3c6d5,registry.sagecontinuum.org/kaludib/waggle-aqt530:1.00,vaisala-aqt530,waggle-aqt530,microgram per cubic meter,W095,core,W095
2026-07-16 09:05:02.436863566+00:00,aqt.particle.pm2.5,1.5,5min,Particulate Matter less than 2.5 microns in diameter,000048b02dd3c6d5.ws-nxcore,waggle-aqt530-5511,-9999.9,000048b02dd3c6d5,registry.sagecontinuum.org/kaludib/waggle-aqt530:1.00,vaisala-aqt530,waggle-aqt530,microgram per cubic meter,W095,core,W095
2026-07-16 09:10:01.668061237+00:00,aqt.particle.pm2.5,1.4,5min,Particulate Matter less than 2.5 microns in diameter,000048b02dd3c6d5.ws-nxcore,waggle-aqt530-5511,-9999.9,000048b02dd3c6d5,registry.sagecontinuum.org/kaludib/waggle-aqt530:1.00,vaisala-aqt530,waggle-aqt530,microgram per cubic meter,W095,core,W095
2026-07-16 09:15:01.872037729+00:00,aqt.particle.pm2.5,1.5,5min,Particulate Matter less than 2.5 microns in diameter,000048b02dd3c6d5.ws-nxcore,waggle-aqt530-5511,-9999.9,000048b02dd3c6d5,registry.sagecontinuum.org/kaludib/waggle-aqt530:1.00,vaisala-aqt530,waggle-aqt530,microgram per cubic meter,W095,core,W095
2026-07-16 09:20:02.115932953+00:00,aqt.particle.pm2.5,1.3,5min,Particulate Matter less than 2.5 microns in diameter,000048b02dd3c6d5.ws-nxcore,waggle-aqt530-5511,-9999.9,000048b02dd3c6d5,registry.sagecontinuum.org/kaludib/waggle-aqt530:1.00,vaisala-aqt530,waggle-aqt530,microgram per cubic meter,W095,core,W095
2026-07-16 09:25:02.345700633+00:00,aqt.particle.pm2.5,1.6,5min,Particulate Matter less than 2.5 microns in diameter,000048b02dd3c6d5.ws-nxcore,waggle-aqt530-5511,-9999.9,000048b02dd3c6d5,registry.sagecontinuum.org/kaludib/waggle-aqt530:1.00,vaisala-aqt530,waggle-aqt530,microgram per cubic meter,W095,core,W095
2026-07-16 09:30:02.582307913+00:00,aqt.particle.pm2.5,1.5,5min,Particulate Matter less than 2.5 microns in diameter,000048b02dd3c6d5.ws-nxcore,waggle-aqt530-5511,-9999.9,000048b02dd3c6d5,registry.sagecontinuum.org/kaludib/waggle-aqt530:1.00,vaisala-aqt530,waggle-aqt530,microgram per cubic meter,W095,core,W095
2026-07-16 09:35:01.805067406+00:00,aqt.particle.pm2.5,1.1,5min,Particulate Matter less than 2.5 microns in diameter,000048b02dd3c6d5.ws-nxcore,waggle-aqt530-5511,-9999.9,000048b02dd3c6d5,registry.sagecontinuum.org/kaludib/waggle-aqt530:1.00,vaisala-aqt530,waggle-aqt530,microgram per cubic meter,W095,core,W095
2026-07-16 09:40:02.034024184+00:00,aqt.particle.pm2.5,1.3,5min,Particulate Matter less than 2.5 microns in diameter,000048b02dd3c6d5.ws-nxcore,waggle-aqt530-5511,-9999.9,000048b02dd3c6d5,registry.sagecontinuum.org/kaludib/waggle-aqt530:1.00,vaisala-aqt530,waggle-aqt530,microgram per cubic meter,W095,core,W095
2026-07-16 09:45:02.259951058+00:00,aqt.particle.pm2.5,0.5,5min,Particulate Matter less than 2.5 microns in diameter,000048b02dd3c6d5.ws-nxcore,waggle-aqt530-5511,-9999.9,000048b02dd3c6d5,registry.sagecontinuum.org/kaludib/waggle-aqt530:1.00,vaisala-aqt530,waggle-aqt530,microgram per cubic meter,W095,core,W095
2026-07-16 09:50:02.471286091+00:00,aqt.particle.pm2.5,0.3,5min,Particulate Matter less than 2.5 microns in diameter,000048b02dd3c6d5.ws-nxcore,waggle-aqt530-5511,-9999.9,000048b02dd3c6d5,registry.sagecontinuum.org/kaludib/waggle-aqt530:1.00,vaisala-aqt530,waggle-aqt530,microgram per cubic meter,W095,core,W095
2026-07-16 09:55:02.648988436+00:00,aqt.particle.pm2.5,0.3,5min,Particulate Matter less than 2.5 microns in diameter,000048b02dd3c6d5.ws-nxcore,waggle-aqt530-5511,-9999.9,000048b02dd3c6d5,registry.sagecontinuum.org/kaludib/waggle-aqt530:1.00,vaisala-aqt530,waggle-aqt530,microgram per cubic meter,W095,core,W095
2026-07-16 10:00:01.836752178+00:00,aqt.particle.pm2.5,0.3,5min,Particulate Matter less than 2.5 microns in diameter,000048b02dd3c6d5.ws-nxcore,waggle-aqt530-5511,-9999.9,000048b02dd3c6d5,registry.sagecontinuum.org/kaludib/waggle-aqt530:1.00,vaisala-aqt530,waggle-aqt530,microgram per cubic meter,W095,core,W095
2026-07-16 10:05:02.033048957+00:00,aqt.particle.pm2.5,0.6,5min,Particulate Matter less than 2.5 microns in diameter,000048b02dd3c6d5.ws-nxcore,waggle-aqt530-5511,-9999.9,000048b02dd3c6d5,registry.sagecontinuum.org/kaludib/waggle-aqt530:1.00,vaisala-aqt530,waggle-aqt530,microgram per cubic meter,W095,core,W095
2026-07-16 10:10:02.229099495+00:00,aqt.particle.pm2.5,1.6,5min,Particulate Matter less than 2.5 microns in diameter,000048b02dd3c6d5.ws-nxcore,waggle-aqt530-5511,-9999.9,000048b02dd3c6d5,registry.sagecontinuum.org/kaludib/waggle-aqt530:1.00,vaisala-aqt530,waggle-aqt530,microgram per cubic meter,W095,core,W095
2026-07-16 10:15:02.440252928+00:00,aqt.particle.pm2.5,2.5,5min,Particulate Matter less than 2.5 microns in diameter,000048b02dd3c6d5.ws-nxcore,waggle-aqt530-5511,-9999.9,000048b02dd3c6d5,registry.sagecontinuum.org/kaludib/waggle-aqt530:1.00,vaisala-aqt530,waggle-aqt530,microgram per cubic meter,W095,core,W095
2026-07-16 10:20:01.656333976+00:00,aqt.particle.pm2.5,2.4,5min,Particulate Matter less than 2.5 microns in diameter,000048b02dd3c6d5.ws-nxcore,waggle-aqt530-5511,-9999.9,000048b02dd3c6d5,registry.sagecontinuum.org/kaludib/waggle-aqt530:1.00,vaisala-aqt530,waggle-aqt530,microgram per cubic meter,W095,core,W095
2026-07-16 10:25:01.862384293+00:00,aqt.particle.pm2.5,4.5,5min,Particulate Matter less than 2.5 microns in diameter,000048b02dd3c6d5.ws-nxcore,waggle-aqt530-5511,-9999.9,000048b02dd3c6d5,registry.sagecontinuum.org/kaludib/waggle-aqt530:1.00,vaisala-aqt530,waggle-aqt530,microgram per cubic meter,W095,core,W095
2026-07-16 10:30:02.091968795+00:00,aqt.particle.pm2.5,2.1,5min,Particulate Matter less than 2.5 microns in diameter,000048b02dd3c6d5.ws-nxcore,waggle-aqt530-5511,-9999.9,000048b02dd3c6d5,registry.sagecontinuum.org/kaludib/waggle-aqt530:1.00,vaisala-aqt530,waggle-aqt530,microgram per cubic meter,W095,core,W095
2026-07-16 10:35:02.297652861+00:00,aqt.particle.pm2.5,1.7,5min,Particulate Matter less than 2.5 microns in diameter,000048b02dd3c6d5.ws-nxcore,waggle-aqt530-5511,-9999.9,000048b02dd3c6d5,registry.sagecontinuum.org/kaludib/waggle-aqt530:1.00,vaisala-aqt530,waggle-aqt530,microgram per cubic meter,W095,core,W095
2026-07-16 10:40:02.522418474+00:00,aqt.particle.pm2.5,1.0,5min,Particulate Matter less than 2.5 microns in diameter,000048b02dd3c6d5.ws-nxcore,waggle-aqt530-5511,-9999.9,000048b02dd3c6d5,registry.sagecontinuum.org/kaludib/waggle-aqt530:1.00,vaisala-aqt530,waggle-aqt530,microgram per cubic meter,W095,core,W095
2026-07-16 10:45:01.731578268+00:00,aqt.particle.pm2.5,0.6,5min,Particulate Matter less than 2.5 microns in diameter,000048b02dd3c6d5.ws-nxcore,waggle-aqt530-5511,-9999.9,000048b02dd3c6d5,registry.sagecontinuum.org/kaludib/waggle-aqt530:1.00,vaisala-aqt530,waggle-aqt530,microgram per cubic meter,W095,core,W095
2026-07-16 10:50:01.951807486+00:00,aqt.particle.pm2.5,1.9,5min,Particulate Matter less than 2.5 microns in diameter,000048b02dd3c6d5.ws-nxcore,waggle-aqt530-5511,-9999.9,000048b02dd3c6d5,registry.sagecontinuum.org/kaludib/waggle-aqt530:1.00,vaisala-aqt530,waggle-aqt530,microgram per cubic meter,W095,core,W095
2026-07-16 10:55:02.159983668+00:00,aqt.particle.pm2.5,2.2,5min,Particulate Matter less than 2.5 microns in diameter,000048b02dd3c6d5.ws-nxcore,waggle-aqt530-5511,-9999.9,000048b02dd3c6d5,registry.sagecontinuum.org/kaludib/waggle-aqt530:1.00,vaisala-aqt530,waggle-aqt530,microgram per cubic meter,W095,core,W095
2026-07-16 11:00:02.382443372+00:00,aqt.particle.pm2.5,0.9,5min,Particulate Matter less than 2.5 microns in diameter,000048b02dd3c6d5.ws-nxcore,waggle-aqt530-5511,-9999.9,000048b02dd3c6d5,registry.sagecontinuum.org/kaludib/waggle-aqt530:1.00,vaisala-aqt530,waggle-aqt530,microgram per cubic meter,W095,core,W095
2026-07-16 11:05:01.626746661+00:00,aqt.particle.pm2.5,1.9,5min,Particulate Matter less than 2.5 microns in diameter,000048b02dd3c6d5.ws-nxcore,waggle-aqt530-5511,-9999.9,000048b02dd3c6d5,registry.sagecontinuum.org/kaludib/waggle-aqt530:1.00,vaisala-aqt530,waggle-aqt530,microgram per cubic meter,W095,core,W095
2026-07-16 11:10:01.868336144+00:00,aqt.particle.pm2.5,3.3,5min,Particulate Matter less than 2.5 microns in diameter,000048b02dd3c6d5.ws-nxcore,waggle-aqt530-5511,-9999.9,000048b02dd3c6d5,registry.sagecontinuum.org/kaludib/waggle-aqt530:1.00,vaisala-aqt530,waggle-aqt530,microgram per cubic meter,W095,core,W095
2026-07-16 11:15:02.087158509+00:00,aqt.particle.pm2.5,2.2,5min,Particulate Matter less than 2.5 microns in diameter,000048b02dd3c6d5.ws-nxcore,waggle-aqt530-5511,-9999.9,000048b02dd3c6d5,registry.sagecontinuum.org/kaludib/waggle-aqt530:1.00,vaisala-aqt530,waggle-aqt530,microgram per cubic meter,W095,core,W095
2026-07-16 11:20:02.317699530+00:00,aqt.particle.pm2.5,2.6,5min,Particulate Matter less than 2.5 microns in diameter,000048b02dd3c6d5.ws-nxcore,waggle-aqt530-5511,-9999.9,000048b02dd3c6d5,registry.sagecontinuum.org/kaludib/waggle-aqt530:1.00,vaisala-aqt530,waggle-aqt530,microgram per cubic meter,W095,core,W095
2026-07-16 11:25:02.531318751+00:00,aqt.particle.pm2.5,4.3,5min,Particulate Matter less than 2.5 microns in diameter,000048b02dd3c6d5.ws-nxcore,waggle-aqt530-5511,-9999.9,000048b02dd3c6d5,registry.sagecontinuum.org/kaludib/waggle-aqt530:1.00,vaisala-aqt530,waggle-aqt530,microgram per cubic meter,W095,core,W095
2026-07-16 11:30:01.765250804+00:00,aqt.particle.pm2.5,7.1,5min,Particulate Matter less than 2.5 microns in diameter,000048b02dd3c6d5.ws-nxcore,waggle-aqt530-5511,-9999.9,000048b02dd3c6d5,registry.sagecontinuum.org/kaludib/waggle-aqt530:1.00,vaisala-aqt530,waggle-aqt530,microgram per cubic meter,W095,core,W095
2026-07-16 11:35:01.958843549+00:00,aqt.particle.pm2.5,6.1,5min,Particulate Matter less than 2.5 microns in diameter,000048b02dd3c6d5.ws-nxcore,waggle-aqt530-5511,-9999.9,000048b02dd3c6d5,registry.sagecontinuum.org/kaludib/waggle-aqt530:1.00,vaisala-aqt530,waggle-aqt530,microgram per cubic meter,W095,core,W095
2026-07-16 11:40:02.149916597+00:00,aqt.particle.pm2.5,6.1,5min,Particulate Matter less than 2.5 microns in diameter,000048b02dd3c6d5.ws-nxcore,waggle-aqt530-5511,-9999.9,000048b02dd3c6d5,registry.sagecontinuum.org/kaludib/waggle-aqt530:1.00,vaisala-aqt530,waggle-aqt530,microgram per cubic meter,W095,core,W095
2026-07-16 11:45:02.352599758+00:00,aqt.particle.pm2.5,7.5,5min,Particulate Matter less than 2.5 microns in diameter,000048b02dd3c6d5.ws-nxcore,waggle-aqt530-5511,-9999.9,000048b02dd3c6d5,registry.sagecontinuum.org/kaludib/waggle-aqt530:1.00,vaisala-aqt530,waggle-aqt530,microgram per cubic meter,W095,core,W095
2026-07-16 11:50:02.549751451+00:00,aqt.particle.pm2.5,5.4,5min,Particulate Matter less than 2.5 microns in diameter,000048b02dd3c6d5.ws-nxcore,waggle-aqt530-5511,-9999.9,000048b02dd3c6d5,registry.sagecontinuum.org/kaludib/waggle-aqt530:1.00,vaisala-aqt530,waggle-aqt530,microgram per cubic meter,W095,core,W095
2026-07-16 11:55:01.755291522+00:00,aqt.particle.pm2.5,3.7,5min,Particulate Matter less than 2.5 microns in diameter,000048b02dd3c6d5.ws-nxcore,waggle-aqt530-5511,-9999.9,000048b02dd3c6d5,registry.sagecontinuum.org/kaludib/waggle-aqt530:1.00,vaisala-aqt530,waggle-aqt530,microgram per cubic meter,W095,core,W095
2026-07-16 12:00:01.973101874+00:00,aqt.particle.pm2.5,3.9,5min,Particulate Matter less than 2.5 microns in diameter,000048b02dd3c6d5.ws-nxcore,waggle-aqt530-5511,-9999.9,000048b02dd3c6d5,registry.sagecontinuum.org/kaludib/waggle-aqt530:1.00,vaisala-aqt530,waggle-aqt530,microgram per cubic meter,W095,core,W095
2026-07-16 12:05:02.190508435+00:00,aqt.particle.pm2.5,3.2,5min,Particulate Matter less than 2.5 microns in diameter,000048b02dd3c6d5.ws-nxcore,waggle-aqt530-5511,-9999.9,000048b02dd3c6d5,registry.sagecontinuum.org/kaludib/waggle-aqt530:1.00,vaisala-aqt530,waggle-aqt530,microgram per cubic meter,W095,core,W095
2026-07-16 12:10:02.408057851+00:00,aqt.particle.pm2.5,3.1,5min,Particulate Matter less than 2.5 microns in diameter,000048b02dd3c6d5.ws-nxcore,waggle-aqt530-5511,-9999.9,000048b02dd3c6d5,registry.sagecontinuum.org/kaludib/waggle-aqt530:1.00,vaisala-aqt530,waggle-aqt530,microgram per cubic meter,W095,core,W095
2026-07-16 12:15:01.635938519+00:00,aqt.particle.pm2.5,2.9,5min,Particulate Matter less than 2.5 microns in diameter,000048b02dd3c6d5.ws-nxcore,waggle-aqt530-5511,-9999.9,000048b02dd3c6d5,registry.sagecontinuum.org/kaludib/waggle-aqt530:1.00,vaisala-aqt530,waggle-aqt530,microgram per cubic meter,W095,core,W095
2026-07-16 12:20:01.865804007+00:00,aqt.particle.pm2.5,3.0,5min,Particulate Matter less than 2.5 microns in diameter,000048b02dd3c6d5.ws-nxcore,waggle-aqt530-5511,-9999.9,000048b02dd3c6d5,registry.sagecontinuum.org/kaludib/waggle-aqt530:1.00,vaisala-aqt530,waggle-aqt530,microgram per cubic meter,W095,core,W095
2026-07-16 12:25:02.091709801+00:00,aqt.particle.pm2.5,4.1,5min,Particulate Matter less than 2.5 microns in diameter,000048b02dd3c6d5.ws-nxcore,waggle-aqt530-5511,-9999.9,000048b02dd3c6d5,registry.sagecontinuum.org/kaludib/waggle-aqt530:1.00,vaisala-aqt530,waggle-aqt530,microgram per cubic meter,W095,core,W095
2026-07-16 12:30:02.302230880+00:00,aqt.particle.pm2.5,3.0,5min,Particulate Matter less than 2.5 microns in diameter,000048b02dd3c6d5.ws-nxcore,waggle-aqt530-5511,-9999.9,000048b02dd3c6d5,registry.sagecontinuum.org/kaludib/waggle-aqt530:1.00,vaisala-aqt530,waggle-aqt530,microgram per cubic meter,W095,core,W095
2026-07-16 12:35:02.527728552+00:00,aqt.particle.pm2.5,0.6,5min,Particulate Matter less than 2.5 microns in diameter,000048b02dd3c6d5.ws-nxcore,waggle-aqt530-5511,-9999.9,000048b02dd3c6d5,registry.sagecontinuum.org/kaludib/waggle-aqt530:1.00,vaisala-aqt530,waggle-aqt530,microgram per cubic meter,W095,core,W095
2026-07-16 12:40:01.747168768+00:00,aqt.particle.pm2.5,0.4,5min,Particulate Matter less than 2.5 microns in diameter,000048b02dd3c6d5.ws-nxcore,waggle-aqt530-5511,-9999.9,000048b02dd3c6d5,registry.sagecontinuum.org/kaludib/waggle-aqt530:1.00,vaisala-aqt530,waggle-aqt530,microgram per cubic meter,W095,core,W095
2026-07-16 12:45:01.940361380+00:00,aqt.particle.pm2.5,0.5,5min,Particulate Matter less than 2.5 microns in diameter,000048b02dd3c6d5.ws-nxcore,waggle-aqt530-5511,-9999.9,000048b02dd3c6d5,registry.sagecontinuum.org/kaludib/waggle-aqt530:1.00,vaisala-aqt530,waggle-aqt530,microgram per cubic meter,W095,core,W095
2026-07-16 12:50:02.124342404+00:00,aqt.particle.pm2.5,0.1,5min,Particulate Matter less than 2.5 microns in diameter,000048b02dd3c6d5.ws-nxcore,waggle-aqt530-5511,-9999.9,000048b02dd3c6d5,registry.sagecontinuum.org/kaludib/waggle-aqt530:1.00,vaisala-aqt530,waggle-aqt530,microgram per cubic meter,W095,core,W095
2026-07-16 12:55:02.332275136+00:00,aqt.particle.pm2.5,0.0,5min,Particulate Matter less than 2.5 microns in diameter,000048b02dd3c6d5.ws-nxcore,waggle-aqt530-5511,-9999.9,000048b02dd3c6d5,registry.sagecontinuum.org/kaludib/waggle-aqt530:1.00,vaisala-aqt530,waggle-aqt530,microgram per cubic meter,W095,core,W095
2026-07-16 13:00:01.538261554+00:00,aqt.particle.pm2.5,0.0,5min,Particulate Matter less than 2.5 microns in diameter,000048b02dd3c6d5.ws-nxcore,waggle-aqt530-5511,-9999.9,000048b02dd3c6d5,registry.sagecontinuum.org/kaludib/waggle-aqt530:1.00,vaisala-aqt530,waggle-aqt530,microgram per cubic meter,W095,core,W095
2026-07-16 13:05:01.757033247+00:00,aqt.particle.pm2.5,0.4,5min,Particulate Matter less than 2.5 microns in diameter,000048b02dd3c6d5.ws-nxcore,waggle-aqt530-5511,-9999.9,000048b02dd3c6d5,registry.sagecontinuum.org/kaludib/waggle-aqt530:1.00,vaisala-aqt530,waggle-aqt530,microgram per cubic meter,W095,core,W095
2026-07-16 13:10:01.954803162+00:00,aqt.particle.pm2.5,0.5,5min,Particulate Matter less than 2.5 microns in diameter,000048b02dd3c6d5.ws-nxcore,waggle-aqt530-5511,-9999.9,000048b02dd3c6d5,registry.sagecontinuum.org/kaludib/waggle-aqt530:1.00,vaisala-aqt530,waggle-aqt530,microgram per cubic meter,W095,core,W095
2026-07-16 13:15:02.170618349+00:00,aqt.particle.pm2.5,3.1,5min,Particulate Matter less than 2.5 microns in diameter,000048b02dd3c6d5.ws-nxcore,waggle-aqt530-5511,-9999.9,000048b02dd3c6d5,registry.sagecontinuum.org/kaludib/waggle-aqt530:1.00,vaisala-aqt530,waggle-aqt530,microgram per cubic meter,W095,core,W095
2026-07-16 13:20:02.439387228+00:00,aqt.particle.pm2.5,6.1,5min,Particulate Matter less than 2.5 microns in diameter,000048b02dd3c6d5.ws-nxcore,waggle-aqt530-5511,-9999.9,000048b02dd3c6d5,registry.sagecontinuum.org/kaludib/waggle-aqt530:1.00,vaisala-aqt530,waggle-aqt530,microgram per cubic meter,W095,core,W095
2026-07-16 13:25:01.676051900+00:00,aqt.particle.pm2.5,4.5,5min,Particulate Matter less than 2.5 microns in diameter,000048b02dd3c6d5.ws-nxcore,waggle-aqt530-5511,-9999.9,000048b02dd3c6d5,registry.sagecontinuum.org/kaludib/waggle-aqt530:1.00,vaisala-aqt530,waggle-aqt530,microgram per cubic meter,W095,core,W095
2026-07-16 13:30:01.902177329+00:00,aqt.particle.pm2.5,5.4,5min,Particulate Matter less than 2.5 microns in diameter,000048b02dd3c6d5.ws-nxcore,waggle-aqt530-5511,-9999.9,000048b02dd3c6d5,registry.sagecontinuum.org/kaludib/waggle-aqt530:1.00,vaisala-aqt530,waggle-aqt530,microgram per cubic meter,W095,core,W095
2026-07-16 13:35:02.137182789+00:00,aqt.particle.pm2.5,1.4,5min,Particulate Matter less than 2.5 microns in diameter,000048b02dd3c6d5.ws-nxcore,waggle-aqt530-5511,-9999.9,000048b02dd3c6d5,registry.sagecontinuum.org/kaludib/waggle-aqt530:1.00,vaisala-aqt530,waggle-aqt530,microgram per cubic meter,W095,core,W095
2026-07-16 13:40:02.368810951+00:00,aqt.particle.pm2.5,3.3,5min,Particulate Matter less than 2.5 microns in diameter,000048b02dd3c6d5.ws-nxcore,waggle-aqt530-5511,-9999.9,000048b02dd3c6d5,registry.sagecontinuum.org/kaludib/waggle-aqt530:1.00,vaisala-aqt530,waggle-aqt530,microgram per cubic meter,W095,core,W095
2026-07-16 13:45:01.592643419+00:00,aqt.particle.pm2.5,2.4,5min,Particulate Matter less than 2.5 microns in diameter,000048b02dd3c6d5.ws-nxcore,waggle-aqt530-5511,-9999.9,000048b02dd3c6d5,registry.sagecontinuum.org/kaludib/waggle-aqt530:1.00,vaisala-aqt530,waggle-aqt530,microgram per cubic meter,W095,core,W095
2026-07-16 13:50:01.804177608+00:00,aqt.particle.pm2.5,10.5,5min,Particulate Matter less than 2.5 microns in diameter,000048b02dd3c6d5.ws-nxcore,waggle-aqt530-5511,-9999.9,000048b02dd3c6d5,registry.sagecontinuum.org/kaludib/waggle-aqt530:1.00,vaisala-aqt530,waggle-aqt530,microgram per cubic meter,W095,core,W095
2026-07-16 13:55:01.997581555+00:00,aqt.particle.pm2.5,5.4,5min,Particulate Matter less than 2.5 microns in diameter,000048b02dd3c6d5.ws-nxcore,waggle-aqt530-5511,-9999.9,000048b02dd3c6d5,registry.sagecontinuum.org/kaludib/waggle-aqt530:1.00,vaisala-aqt530,waggle-aqt530,microgram per cubic meter,W095,core,W095
2026-07-16 14:00:02.203790225+00:00,aqt.particle.pm2.5,0.4,5min,Particulate Matter less than 2.5 microns in diameter,000048b02dd3c6d5.ws-nxcore,waggle-aqt530-5511,-9999.9,000048b02dd3c6d5,registry.sagecontinuum.org/kaludib/waggle-aqt530:1.00,vaisala-aqt530,waggle-aqt530,microgram per cubic meter,W095,core,W095
2026-07-16 14:05:02.403470614+00:00,aqt.particle.pm2.5,5.4,5min,Particulate Matter less than 2.5 microns in diameter,000048b02dd3c6d5.ws-nxcore,waggle-aqt530-5511,-9999.9,000048b02dd3c6d5,registry.sagecontinuum.org/kaludib/waggle-aqt530:1.00,vaisala-aqt530,waggle-aqt530,microgram per cubic meter,W095,core,W095
2026-07-16 14:10:01.614192304+00:00,aqt.particle.pm2.5,8.0,5min,Particulate Matter less than 2.5 microns in diameter,000048b02dd3c6d5.ws-nxcore,waggle-aqt530-5511,-9999.9,000048b02dd3c6d5,registry.sagecontinuum.org/kaludib/waggle-aqt530:1.00,vaisala-aqt530,waggle-aqt530,microgram per cubic meter,W095,core,W095
2026-07-16 14:15:01.834159926+00:00,aqt.particle.pm2.5,10.7,5min,Particulate Matter less than 2.5 microns in diameter,000048b02dd3c6d5.ws-nxcore,waggle-aqt530-5511,-9999.9,000048b02dd3c6d5,registry.sagecontinuum.org/kaludib/waggle-aqt530:1.00,vaisala-aqt530,waggle-aqt530,microgram per cubic meter,W095,core,W095
2026-07-16 14:20:02.055365130+00:00,aqt.particle.pm2.5,10.7,5min,Particulate Matter less than 2.5 microns in diameter,000048b02dd3c6d5.ws-nxcore,waggle-aqt530-5511,-9999.9,000048b02dd3c6d5,registry.sagecontinuum.org/kaludib/waggle-aqt530:1.00,vaisala-aqt530,waggle-aqt530,microgram per cubic meter,W095,core,W095
2026-07-16 14:25:02.254351002+00:00,aqt.particle.pm2.5,6.9,5min,Particulate Matter less than 2.5 microns in diameter,000048b02dd3c6d5.ws-nxcore,waggle-aqt530-5511,-9999.9,000048b02dd3c6d5,registry.sagecontinuum.org/kaludib/waggle-aqt530:1.00,vaisala-aqt530,waggle-aqt530,microgram per cubic meter,W095,core,W095
2026-07-16 14:30:02.448589817+00:00,aqt.particle.pm2.5,5.4,5min,Particulate Matter less than 2.5 microns in diameter,000048b02dd3c6d5.ws-nxcore,waggle-aqt530-5511,-9999.9,000048b02dd3c6d5,registry.sagecontinuum.org/kaludib/waggle-aqt530:1.00,vaisala-aqt530,waggle-aqt530,microgram per cubic meter,W095,core,W095
2026-07-16 14:35:01.645965940+00:00,aqt.particle.pm2.5,7.3,5min,Particulate Matter less than 2.5 microns in diameter,000048b02dd3c6d5.ws-nxcore,waggle-aqt530-5511,-9999.9,000048b02dd3c6d5,registry.sagecontinuum.org/kaludib/waggle-aqt530:1.00,vaisala-aqt530,waggle-aqt530,microgram per cubic meter,W095,core,W095
2026-07-16 14:40:01.856832692+00:00,aqt.particle.pm2.5,0.4,5min,Particulate Matter less than 2.5 microns in diameter,000048b02dd3c6d5.ws-nxcore,waggle-aqt530-5511,-9999.9,000048b02dd3c6d5,registry.sagecontinuum.org/kaludib/waggle-aqt530:1.00,vaisala-aqt530,waggle-aqt530,microgram per cubic meter,W095,core,W095
2026-07-16 14:45:02.059227325+00:00,aqt.particle.pm2.5,0.3,5min,Particulate Matter less than 2.5 microns in diameter,000048b02dd3c6d5.ws-nxcore,waggle-aqt530-5511,-9999.9,000048b02dd3c6d5,registry.sagecontinuum.org/kaludib/waggle-aqt530:1.00,vaisala-aqt530,waggle-aqt530,microgram per cubic meter,W095,core,W095
2026-07-16 14:50:02.272629485+00:00,aqt.particle.pm2.5,0.4,5min,Particulate Matter less than 2.5 microns in diameter,000048b02dd3c6d5.ws-nxcore,waggle-aqt530-5511,-9999.9,000048b02dd3c6d5,registry.sagecontinuum.org/kaludib/waggle-aqt530:1.00,vaisala-aqt530,waggle-aqt530,microgram per cubic meter,W095,core,W095
2026-07-16 14:55:01.482662952+00:00,aqt.particle.pm2.5,0.2,5min,Particulate Matter less than 2.5 microns in diameter,000048b02dd3c6d5.ws-nxcore,waggle-aqt530-5511,-9999.9,000048b02dd3c6d5,registry.sagecontinuum.org/kaludib/waggle-aqt530:1.00,vaisala-aqt530,waggle-aqt530,microgram per cubic meter,W095,core,W095
2026-07-16 15:00:01.699155561+00:00,aqt.particle.pm2.5,0.2,5min,Particulate Matter less than 2.5 microns in diameter,000048b02dd3c6d5.ws-nxcore,waggle-aqt530-5511,-9999.9,000048b02dd3c6d5,registry.sagecontinuum.org/kaludib/waggle-aqt530:1.00,vaisala-aqt530,waggle-aqt530,microgram per cubic meter,W095,core,W095
2026-07-16 15:05:01.899412968+00:00,aqt.particle.pm2.5,0.6,5min,Particulate Matter less than 2.5 microns in diameter,000048b02dd3c6d5.ws-nxcore,waggle-aqt530-5511,-9999.9,000048b02dd3c6d5,registry.sagecontinuum.org/kaludib/waggle-aqt530:1.00,vaisala-aqt530,waggle-aqt530,microgram per cubic meter,W095,core,W095
2026-07-16 15:10:02.119872466+00:00,aqt.particle.pm2.5,0.8,5min,Particulate Matter less than 2.5 microns in diameter,000048b02dd3c6d5.ws-nxcore,waggle-aqt530-5511,-9999.9,000048b02dd3c6d5,registry.sagecontinuum.org/kaludib/waggle-aqt530:1.00,vaisala-aqt530,waggle-aqt530,microgram per cubic meter,W095,core,W095
2026-07-16 15:15:02.332188298+00:00,aqt.particle.pm2.5,8.9,5min,Particulate Matter less than 2.5 microns in diameter,000048b02dd3c6d5.ws-nxcore,waggle-aqt530-5511,-9999.9,000048b02dd3c6d5,registry.sagecontinuum.org/kaludib/waggle-aqt530:1.00,vaisala-aqt530,waggle-aqt530,microgram per cubic meter,W095,core,W095
2026-07-16 15:20:01.541949749+00:00,aqt.particle.pm2.5,6.3,5min,Particulate Matter less than 2.5 microns in diameter,000048b02dd3c6d5.ws-nxcore,waggle-aqt530-5511,-9999.9,000048b02dd3c6d5,registry.sagecontinuum.org/kaludib/waggle-aqt530:1.00,vaisala-aqt530,waggle-aqt530,microgram per cubic meter,W095,core,W095
2026-07-16 15:25:01.745720+00:00,aqt.particle.pm2.5,0.9,5min,Particulate Matter less than 2.5 microns in diameter,000048b02dd3c6d5.ws-nxcore,waggle-aqt530-5511,-9999.9,000048b02dd3c6d5,registry.sagecontinuum.org/kaludib/waggle-aqt530:1.00,vaisala-aqt530,waggle-aqt530,microgram per cubic meter,W095,core,W095
2026-07-16 15:30:01.963057288+00:00,aqt.particle.pm2.5,2.2,5min,Particulate Matter less than 2.5 microns in diameter,000048b02dd3c6d5.ws-nxcore,waggle-aqt530-5511,-9999.9,000048b02dd3c6d5,registry.sagecontinuum.org/kaludib/waggle-aqt530:1.00,vaisala-aqt530,waggle-aqt530,microgram per cubic meter,W095,core,W095
2026-07-16 15:35:02.193952282+00:00,aqt.particle.pm2.5,1.7,5min,Particulate Matter less than 2.5 microns in diameter,000048b02dd3c6d5.ws-nxcore,waggle-aqt530-5511,-9999.9,000048b02dd3c6d5,registry.sagecontinuum.org/kaludib/waggle-aqt530:1.00,vaisala-aqt530,waggle-aqt530,microgram per cubic meter,W095,core,W095
2026-07-16 15:40:01.416796817+00:00,aqt.particle.pm2.5,1.5,5min,Particulate Matter less than 2.5 microns in diameter,000048b02dd3c6d5.ws-nxcore,waggle-aqt530-5511,-9999.9,000048b02dd3c6d5,registry.sagecontinuum.org/kaludib/waggle-aqt530:1.00,vaisala-aqt530,waggle-aqt530,microgram per cubic meter,W095,core,W095
2026-07-16 15:45:01.629005793+00:00,aqt.particle.pm2.5,3.7,5min,Particulate Matter less than 2.5 microns in diameter,000048b02dd3c6d5.ws-nxcore,waggle-aqt530-5511,-9999.9,000048b02dd3c6d5,registry.sagecontinuum.org/kaludib/waggle-aqt530:1.00,vaisala-aqt530,waggle-aqt530,microgram per cubic meter,W095,core,W095
2026-07-16 15:50:01.852892940+00:00,aqt.particle.pm2.5,1.6,5min,Particulate Matter less than 2.5 microns in diameter,000048b02dd3c6d5.ws-nxcore,waggle-aqt530-5511,-9999.9,000048b02dd3c6d5,registry.sagecontinuum.org/kaludib/waggle-aqt530:1.00,vaisala-aqt530,waggle-aqt530,microgram per cubic meter,W095,core,W095
2026-07-16 15:55:02.061045734+00:00,aqt.particle.pm2.5,0.2,5min,Particulate Matter less than 2.5 microns in diameter,000048b02dd3c6d5.ws-nxcore,waggle-aqt530-5511,-9999.9,000048b02dd3c6d5,registry.sagecontinuum.org/kaludib/waggle-aqt530:1.00,vaisala-aqt530,waggle-aqt530,microgram per cubic meter,W095,core,W095
2026-07-16 16:00:02.284044576+00:00,aqt.particle.pm2.5,4.1,5min,Particulate Matter less than 2.5 microns in diameter,000048b02dd3c6d5.ws-nxcore,waggle-aqt530-5511,-9999.9,000048b02dd3c6d5,registry.sagecontinuum.org/kaludib/waggle-aqt530:1.00,vaisala-aqt530,waggle-aqt530,microgram per cubic meter,W095,core,W095
2026-07-16 16:05:01.496574109+00:00,aqt.particle.pm2.5,7.3,5min,Particulate Matter less than 2.5 microns in diameter,000048b02dd3c6d5.ws-nxcore,waggle-aqt530-5511,-9999.9,000048b02dd3c6d5,registry.sagecontinuum.org/kaludib/waggle-aqt530:1.00,vaisala-aqt530,waggle-aqt530,microgram per cubic meter,W095,core,W095
2026-07-16 16:10:01.715787003+00:00,aqt.particle.pm2.5,9.2,5min,Particulate Matter less than 2.5 microns in diameter,000048b02dd3c6d5.ws-nxcore,waggle-aqt530-5511,-9999.9,000048b02dd3c6d5,registry.sagecontinuum.org/kaludib/waggle-aqt530:1.00,vaisala-aqt530,waggle-aqt530,microgram per cubic meter,W095,core,W095
2026-07-16 16:15:01.931024422+00:00,aqt.particle.pm2.5,3.9,5min,Particulate Matter less than 2.5 microns in diameter,000048b02dd3c6d5.ws-nxcore,waggle-aqt530-5511,-9999.9,000048b02dd3c6d5,registry.sagecontinuum.org/kaludib/waggle-aqt530:1.00,vaisala-aqt530,waggle-aqt530,microgram per cubic meter,W095,core,W095
2026-07-16 16:20:02.135586450+00:00,aqt.particle.pm2.5,3.3,5min,Particulate Matter less than 2.5 microns in diameter,000048b02dd3c6d5.ws-nxcore,waggle-aqt530-5511,-9999.9,000048b02dd3c6d5,registry.sagecontinuum.org/kaludib/waggle-aqt530:1.00,vaisala-aqt530,waggle-aqt530,microgram per cubic meter,W095,core,W095
2026-07-16 16:25:02.355925187+00:00,aqt.particle.pm2.5,1.1,5min,Particulate Matter less than 2.5 microns in diameter,000048b02dd3c6d5.ws-nxcore,waggle-aqt530-5511,-9999.9,000048b02dd3c6d5,registry.sagecontinuum.org/kaludib/waggle-aqt530:1.00,vaisala-aqt530,waggle-aqt530,microgram per cubic meter,W095,core,W095
2026-07-16 16:30:01.573420404+00:00,aqt.particle.pm2.5,1.1,5min,Particulate Matter less than 2.5 microns in diameter,000048b02dd3c6d5.ws-nxcore,waggle-aqt530-5511,-9999.9,000048b02dd3c6d5,registry.sagecontinuum.org/kaludib/waggle-aqt530:1.00,vaisala-aqt530,waggle-aqt530,microgram per cubic meter,W095,core,W095
2026-07-16 16:35:01.787521588+00:00,aqt.particle.pm2.5,2.4,5min,Particulate Matter less than 2.5 microns in diameter,000048b02dd3c6d5.ws-nxcore,waggle-aqt530-5511,-9999.9,000048b02dd3c6d5,registry.sagecontinuum.org/kaludib/waggle-aqt530:1.00,vaisala-aqt530,waggle-aqt530,microgram per cubic meter,W095,core,W095
2026-07-16 16:40:01.993184792+00:00,aqt.particle.pm2.5,2.2,5min,Particulate Matter less than 2.5 microns in diameter,000048b02dd3c6d5.ws-nxcore,waggle-aqt530-5511,-9999.9,000048b02dd3c6d5,registry.sagecontinuum.org/kaludib/waggle-aqt530:1.00,vaisala-aqt530,waggle-aqt530,microgram per cubic meter,W095,core,W095
2026-07-16 16:45:02.240301380+00:00,aqt.particle.pm2.5,3.2,5min,Particulate Matter less than 2.5 microns in diameter,000048b02dd3c6d5.ws-nxcore,waggle-aqt530-5511,-9999.9,000048b02dd3c6d5,registry.sagecontinuum.org/kaludib/waggle-aqt530:1.00,vaisala-aqt530,waggle-aqt530,microgram per cubic meter,W095,core,W095
2026-07-16 16:50:01.471164532+00:00,aqt.particle.pm2.5,4.0,5min,Particulate Matter less than 2.5 microns in diameter,000048b02dd3c6d5.ws-nxcore,waggle-aqt530-5511,-9999.9,000048b02dd3c6d5,registry.sagecontinuum.org/kaludib/waggle-aqt530:1.00,vaisala-aqt530,waggle-aqt530,microgram per cubic meter,W095,core,W095
2026-07-16 16:55:01.687563366+00:00,aqt.particle.pm2.5,2.7,5min,Particulate Matter less than 2.5 microns in diameter,000048b02dd3c6d5.ws-nxcore,waggle-aqt530-5511,-9999.9,000048b02dd3c6d5,registry.sagecontinuum.org/kaludib/waggle-aqt530:1.00,vaisala-aqt530,waggle-aqt530,microgram per cubic meter,W095,core,W095
2026-07-16 17:00:01.916184522+00:00,aqt.particle.pm2.5,2.4,5min,Particulate Matter less than 2.5 microns in diameter,000048b02dd3c6d5.ws-nxcore,waggle-aqt530-5511,-9999.9,000048b02dd3c6d5,registry.sagecontinuum.org/kaludib/waggle-aqt530:1.00,vaisala-aqt530,waggle-aqt530,microgram per cubic meter,W095,core,W095
2026-07-16 17:05:02.142427415+00:00,aqt.particle.pm2.5,1.9,5min,Particulate Matter less than 2.5 microns in diameter,000048b02dd3c6d5.ws-nxcore,waggle-aqt530-5511,-9999.9,000048b02dd3c6d5,registry.sagecontinuum.org/kaludib/waggle-aqt530:1.00,vaisala-aqt530,waggle-aqt530,microgram per cubic meter,W095,core,W095
2026-07-16 17:10:02.356006439+00:00,aqt.particle.pm2.5,2.0,5min,Particulate Matter less than 2.5 microns in diameter,000048b02dd3c6d5.ws-nxcore,waggle-aqt530-5511,-9999.9,000048b02dd3c6d5,registry.sagecontinuum.org/kaludib/waggle-aqt530:1.00,vaisala-aqt530,waggle-aqt530,microgram per cubic meter,W095,core,W095
2026-07-16 17:15:01.569979583+00:00,aqt.particle.pm2.5,1.7,5min,Particulate Matter less than 2.5 microns in diameter,000048b02dd3c6d5.ws-nxcore,waggle-aqt530-5511,-9999.9,000048b02dd3c6d5,registry.sagecontinuum.org/kaludib/waggle-aqt530:1.00,vaisala-aqt530,waggle-aqt530,microgram per cubic meter,W095,core,W095
2026-07-16 17:20:01.789521959+00:00,aqt.particle.pm2.5,0.9,5min,Particulate Matter less than 2.5 microns in diameter,000048b02dd3c6d5.ws-nxcore,waggle-aqt530-5511,-9999.9,000048b02dd3c6d5,registry.sagecontinuum.org/kaludib/waggle-aqt530:1.00,vaisala-aqt530,waggle-aqt530,microgram per cubic meter,W095,core,W095
2026-07-16 17:25:01.996419480+00:00,aqt.particle.pm2.5,0.9,5min,Particulate Matter less than 2.5 microns in diameter,000048b02dd3c6d5.ws-nxcore,waggle-aqt530-5511,-9999.9,000048b02dd3c6d5,registry.sagecontinuum.org/kaludib/waggle-aqt530:1.00,vaisala-aqt530,waggle-aqt530,microgram per cubic meter,W095,core,W095
2026-07-16 17:30:02.200583624+00:00,aqt.particle.pm2.5,0.7,5min,Particulate Matter less than 2.5 microns in diameter,000048b02dd3c6d5.ws-nxcore,waggle-aqt530-5511,-9999.9,000048b02dd3c6d5,registry.sagecontinuum.org/kaludib/waggle-aqt530:1.00,vaisala-aqt530,waggle-aqt530,microgram per cubic meter,W095,core,W095
2026-07-16 17:35:02.418462940+00:00,aqt.particle.pm2.5,0.7,5min,Particulate Matter less than 2.5 microns in diameter,000048b02dd3c6d5.ws-nxcore,waggle-aqt530-5511,-9999.9,000048b02dd3c6d5,registry.sagecontinuum.org/kaludib/waggle-aqt530:1.00,vaisala-aqt530,waggle-aqt530,microgram per cubic meter,W095,core,W095
2026-07-16 17:40:01.651323490+00:00,aqt.particle.pm2.5,0.8,5min,Particulate Matter less than 2.5 microns in diameter,000048b02dd3c6d5.ws-nxcore,waggle-aqt530-5511,-9999.9,000048b02dd3c6d5,registry.sagecontinuum.org/kaludib/waggle-aqt530:1.00,vaisala-aqt530,waggle-aqt530,microgram per cubic meter,W095,core,W095
2026-07-16 17:45:01.854638555+00:00,aqt.particle.pm2.5,0.7,5min,Particulate Matter less than 2.5 microns in diameter,000048b02dd3c6d5.ws-nxcore,waggle-aqt530-5511,-9999.9,000048b02dd3c6d5,registry.sagecontinuum.org/kaludib/waggle-aqt530:1.00,vaisala-aqt530,waggle-aqt530,microgram per cubic meter,W095,core,W095
2026-07-16 17:50:02.053245329+00:00,aqt.particle.pm2.5,0.7,5min,Particulate Matter less than 2.5 microns in diameter,000048b02dd3c6d5.ws-nxcore,waggle-aqt530-5511,-9999.9,000048b02dd3c6d5,registry.sagecontinuum.org/kaludib/waggle-aqt530:1.00,vaisala-aqt530,waggle-aqt530,microgram per cubic meter,W095,core,W095
2026-07-16 17:55:02.255833219+00:00,aqt.particle.pm2.5,0.7,5min,Particulate Matter less than 2.5 microns in diameter,000048b02dd3c6d5.ws-nxcore,waggle-aqt530-5511,-9999.9,000048b02dd3c6d5,registry.sagecontinuum.org/kaludib/waggle-aqt530:1.00,vaisala-aqt530,waggle-aqt530,microgram per cubic meter,W095,core,W095
2026-07-16 18:00:01.463083067+00:00,aqt.particle.pm2.5,1.1,5min,Particulate Matter less than 2.5 microns in diameter,000048b02dd3c6d5.ws-nxcore,waggle-aqt530-5511,-9999.9,000048b02dd3c6d5,registry.sagecontinuum.org/kaludib/waggle-aqt530:1.00,vaisala-aqt530,waggle-aqt530,microgram per cubic meter,W095,core,W095
2026-07-16 18:05:01.672298074+00:00,aqt.particle.pm2.5,0.6,5min,Particulate Matter less than 2.5 microns in diameter,000048b02dd3c6d5.ws-nxcore,waggle-aqt530-5511,-9999.9,000048b02dd3c6d5,registry.sagecontinuum.org/kaludib/waggle-aqt530:1.00,vaisala-aqt530,waggle-aqt530,microgram per cubic meter,W095,core,W095
2026-07-16 18:10:01.873756586+00:00,aqt.particle.pm2.5,0.7,5min,Particulate Matter less than 2.5 microns in diameter,000048b02dd3c6d5.ws-nxcore,waggle-aqt530-5511,-9999.9,000048b02dd3c6d5,registry.sagecontinuum.org/kaludib/waggle-aqt530:1.00,vaisala-aqt530,waggle-aqt530,microgram per cubic meter,W095,core,W095
2026-07-16 18:15:02.092063010+00:00,aqt.particle.pm2.5,1.0,5min,Particulate Matter less than 2.5 microns in diameter,000048b02dd3c6d5.ws-nxcore,waggle-aqt530-5511,-9999.9,000048b02dd3c6d5,registry.sagecontinuum.org/kaludib/waggle-aqt530:1.00,vaisala-aqt530,waggle-aqt530,microgram per cubic meter,W095,core,W095
2026-07-16 18:20:02.313879135+00:00,aqt.particle.pm2.5,0.9,5min,Particulate Matter less than 2.5 microns in diameter,000048b02dd3c6d5.ws-nxcore,waggle-aqt530-5511,-9999.9,000048b02dd3c6d5,registry.sagecontinuum.org/kaludib/waggle-aqt530:1.00,vaisala-aqt530,waggle-aqt530,microgram per cubic meter,W095,core,W095
2026-07-16 18:25:01.522308781+00:00,aqt.particle.pm2.5,0.7,5min,Particulate Matter less than 2.5 microns in diameter,000048b02dd3c6d5.ws-nxcore,waggle-aqt530-5511,-9999.9,000048b02dd3c6d5,registry.sagecontinuum.org/kaludib/waggle-aqt530:1.00,vaisala-aqt530,waggle-aqt530,microgram per cubic meter,W095,core,W095
2026-07-16 18:30:01.731978045+00:00,aqt.particle.pm2.5,1.2,5min,Particulate Matter less than 2.5 microns in diameter,000048b02dd3c6d5.ws-nxcore,waggle-aqt530-5511,-9999.9,000048b02dd3c6d5,registry.sagecontinuum.org/kaludib/waggle-aqt530:1.00,vaisala-aqt530,waggle-aqt530,microgram per cubic meter,W095,core,W095
2026-07-16 18:35:01.952632593+00:00,aqt.particle.pm2.5,1.0,5min,Particulate Matter less than 2.5 microns in diameter,000048b02dd3c6d5.ws-nxcore,waggle-aqt530-5511,-9999.9,000048b02dd3c6d5,registry.sagecontinuum.org/kaludib/waggle-aqt530:1.00,vaisala-aqt530,waggle-aqt530,microgram per cubic meter,W095,core,W095
2026-07-16 18:40:02.173097068+00:00,aqt.particle.pm2.5,1.8,5min,Particulate Matter less than 2.5 microns in diameter,000048b02dd3c6d5.ws-nxcore,waggle-aqt530-5511,-9999.9,000048b02dd3c6d5,registry.sagecontinuum.org/kaludib/waggle-aqt530:1.00,vaisala-aqt530,waggle-aqt530,microgram per cubic meter,W095,core,W095
2026-07-16 18:45:01.387217263+00:00,aqt.particle.pm2.5,2.7,5min,Particulate Matter less than 2.5 microns in diameter,000048b02dd3c6d5.ws-nxcore,waggle-aqt530-5511,-9999.9,000048b02dd3c6d5,registry.sagecontinuum.org/kaludib/waggle-aqt530:1.00,vaisala-aqt530,waggle-aqt530,microgram per cubic meter,W095,core,W095
2026-07-16 18:50:01.592526408+00:00,aqt.particle.pm2.5,2.0,5min,Particulate Matter less than 2.5 microns in diameter,000048b02dd3c6d5.ws-nxcore,waggle-aqt530-5511,-9999.9,000048b02dd3c6d5,registry.sagecontinuum.org/kaludib/waggle-aqt530:1.00,vaisala-aqt530,waggle-aqt530,microgram per cubic meter,W095,core,W095
2026-07-16 18:55:01.810835801+00:00,aqt.particle.pm2.5,3.1,5min,Particulate Matter less than 2.5 microns in diameter,000048b02dd3c6d5.ws-nxcore,waggle-aqt530-5511,-9999.9,000048b02dd3c6d5,registry.sagecontinuum.org/kaludib/waggle-aqt530:1.00,vaisala-aqt530,waggle-aqt530,microgram per cubic meter,W095,core,W095
2026-07-16 19:00:02.049794045+00:00,aqt.particle.pm2.5,2.1,5min,Particulate Matter less than 2.5 microns in diameter,000048b02dd3c6d5.ws-nxcore,waggle-aqt530-5511,-9999.9,000048b02dd3c6d5,registry.sagecontinuum.org/kaludib/waggle-aqt530:1.00,vaisala-aqt530,waggle-aqt530,microgram per cubic meter,W095,core,W095
2026-07-16 19:05:02.275676273+00:00,aqt.particle.pm2.5,0.9,5min,Particulate Matter less than 2.5 microns in diameter,000048b02dd3c6d5.ws-nxcore,waggle-aqt530-5511,-9999.9,000048b02dd3c6d5,registry.sagecontinuum.org/kaludib/waggle-aqt530:1.00,vaisala-aqt530,waggle-aqt530,microgram per cubic meter,W095,core,W095
2026-07-16 19:10:01.507441946+00:00,aqt.particle.pm2.5,3.2,5min,Particulate Matter less than 2.5 microns in diameter,000048b02dd3c6d5.ws-nxcore,waggle-aqt530-5511,-9999.9,000048b02dd3c6d5,registry.sagecontinuum.org/kaludib/waggle-aqt530:1.00,vaisala-aqt530,waggle-aqt530,microgram per cubic meter,W095,core,W095
2026-07-16 19:15:01.729658618+00:00,aqt.particle.pm2.5,4.9,5min,Particulate Matter less than 2.5 microns in diameter,000048b02dd3c6d5.ws-nxcore,waggle-aqt530-5511,-9999.9,000048b02dd3c6d5,registry.sagecontinuum.org/kaludib/waggle-aqt530:1.00,vaisala-aqt530,waggle-aqt530,microgram per cubic meter,W095,core,W095
2026-07-16 19:20:01.956588447+00:00,aqt.particle.pm2.5,1.0,5min,Particulate Matter less than 2.5 microns in diameter,000048b02dd3c6d5.ws-nxcore,waggle-aqt530-5511,-9999.9,000048b02dd3c6d5,registry.sagecontinuum.org/kaludib/waggle-aqt530:1.00,vaisala-aqt530,waggle-aqt530,microgram per cubic meter,W095,core,W095
2026-07-16 19:25:02.169113427+00:00,aqt.particle.pm2.5,1.0,5min,Particulate Matter less than 2.5 microns in diameter,000048b02dd3c6d5.ws-nxcore,waggle-aqt530-5511,-9999.9,000048b02dd3c6d5,registry.sagecontinuum.org/kaludib/waggle-aqt530:1.00,vaisala-aqt530,waggle-aqt530,microgram per cubic meter,W095,core,W095
2026-07-16 19:30:02.391178306+00:00,aqt.particle.pm2.5,1.2,5min,Particulate Matter less than 2.5 microns in diameter,000048b02dd3c6d5.ws-nxcore,waggle-aqt530-5511,-9999.9,000048b02dd3c6d5,registry.sagecontinuum.org/kaludib/waggle-aqt530:1.00,vaisala-aqt530,waggle-aqt530,microgram per cubic meter,W095,core,W095
2026-07-16 19:35:01.620851475+00:00,aqt.particle.pm2.5,1.4,5min,Particulate Matter less than 2.5 microns in diameter,000048b02dd3c6d5.ws-nxcore,waggle-aqt530-5511,-9999.9,000048b02dd3c6d5,registry.sagecontinuum.org/kaludib/waggle-aqt530:1.00,vaisala-aqt530,waggle-aqt530,microgram per cubic meter,W095,core,W095
2026-07-16 19:40:01.855856669+00:00,aqt.particle.pm2.5,2.5,5min,Particulate Matter less than 2.5 microns in diameter,000048b02dd3c6d5.ws-nxcore,waggle-aqt530-5511,-9999.9,000048b02dd3c6d5,registry.sagecontinuum.org/kaludib/waggle-aqt530:1.00,vaisala-aqt530,waggle-aqt530,microgram per cubic meter,W095,core,W095
2026-07-16 19:45:02.073331743+00:00,aqt.particle.pm2.5,4.3,5min,Particulate Matter less than 2.5 microns in diameter,000048b02dd3c6d5.ws-nxcore,waggle-aqt530-5511,-9999.9,000048b02dd3c6d5,registry.sagecontinuum.org/kaludib/waggle-aqt530:1.00,vaisala-aqt530,waggle-aqt530,microgram per cubic meter,W095,core,W095
2026-07-16 19:50:02.304747399+00:00,aqt.particle.pm2.5,1.5,5min,Particulate Matter less than 2.5 microns in diameter,000048b02dd3c6d5.ws-nxcore,waggle-aqt530-5511,-9999.9,000048b02dd3c6d5,registry.sagecontinuum.org/kaludib/waggle-aqt530:1.00,vaisala-aqt530,waggle-aqt530,microgram per cubic meter,W095,core,W095
2026-07-16 19:55:01.522398130+00:00,aqt.particle.pm2.5,2.3,5min,Particulate Matter less than 2.5 microns in diameter,000048b02dd3c6d5.ws-nxcore,waggle-aqt530-5511,-9999.9,000048b02dd3c6d5,registry.sagecontinuum.org/kaludib/waggle-aqt530:1.00,vaisala-aqt530,waggle-aqt530,microgram per cubic meter,W095,core,W095
2026-07-16 20:00:01.749882692+00:00,aqt.particle.pm2.5,1.7,5min,Particulate Matter less than 2.5 microns in diameter,000048b02dd3c6d5.ws-nxcore,waggle-aqt530-5511,-9999.9,000048b02dd3c6d5,registry.sagecontinuum.org/kaludib/waggle-aqt530:1.00,vaisala-aqt530,waggle-aqt530,microgram per cubic meter,W095,core,W095
2026-07-16 20:05:01.961648946+00:00,aqt.particle.pm2.5,1.7,5min,Particulate Matter less than 2.5 microns in diameter,000048b02dd3c6d5.ws-nxcore,waggle-aqt530-5511,-9999.9,000048b02dd3c6d5,registry.sagecontinuum.org/kaludib/waggle-aqt530:1.00,vaisala-aqt530,waggle-aqt530,microgram per cubic meter,W095,core,W095
2026-07-16 20:10:02.152247277+00:00,aqt.particle.pm2.5,1.6,5min,Particulate Matter less than 2.5 microns in diameter,000048b02dd3c6d5.ws-nxcore,waggle-aqt530-5511,-9999.9,000048b02dd3c6d5,registry.sagecontinuum.org/kaludib/waggle-aqt530:1.00,vaisala-aqt530,waggle-aqt530,microgram per cubic meter,W095,core,W095
2026-07-16 20:15:02.354127544+00:00,aqt.particle.pm2.5,1.7,5min,Particulate Matter less than 2.5 microns in diameter,000048b02dd3c6d5.ws-nxcore,waggle-aqt530-5511,-9999.9,000048b02dd3c6d5,registry.sagecontinuum.org/kaludib/waggle-aqt530:1.00,vaisala-aqt530,waggle-aqt530,microgram per cubic meter,W095,core,W095
2026-07-16 20:20:01.557679398+00:00,aqt.particle.pm2.5,1.6,5min,Particulate Matter less than 2.5 microns in diameter,000048b02dd3c6d5.ws-nxcore,waggle-aqt530-5511,-9999.9,000048b02dd3c6d5,registry.sagecontinuum.org/kaludib/waggle-aqt530:1.00,vaisala-aqt530,waggle-aqt530,microgram per cubic meter,W095,core,W095
2026-07-16 20:25:01.758864454+00:00,aqt.particle.pm2.5,1.4,5min,Particulate Matter less than 2.5 microns in diameter,000048b02dd3c6d5.ws-nxcore,waggle-aqt530-5511,-9999.9,000048b02dd3c6d5,registry.sagecontinuum.org/kaludib/waggle-aqt530:1.00,vaisala-aqt530,waggle-aqt530,microgram per cubic meter,W095,core,W095
2026-07-16 20:30:01.980115583+00:00,aqt.particle.pm2.5,1.3,5min,Particulate Matter less than 2.5 microns in diameter,000048b02dd3c6d5.ws-nxcore,waggle-aqt530-5511,-9999.9,000048b02dd3c6d5,registry.sagecontinuum.org/kaludib/waggle-aqt530:1.00,vaisala-aqt530,waggle-aqt530,microgram per cubic meter,W095,core,W095
2026-07-16 20:35:02.195955256+00:00,aqt.particle.pm2.5,2.2,5min,Particulate Matter less than 2.5 microns in diameter,000048b02dd3c6d5.ws-nxcore,waggle-aqt530-5511,-9999.9,000048b02dd3c6d5,registry.sagecontinuum.org/kaludib/waggle-aqt530:1.00,vaisala-aqt530,waggle-aqt530,microgram per cubic meter,W095,core,W095
2026-07-16 20:40:02.398714607+00:00,aqt.particle.pm2.5,4.3,5min,Particulate Matter less than 2.5 microns in diameter,000048b02dd3c6d5.ws-nxcore,waggle-aqt530-5511,-9999.9,000048b02dd3c6d5,registry.sagecontinuum.org/kaludib/waggle-aqt530:1.00,vaisala-aqt530,waggle-aqt530,microgram per cubic meter,W095,core,W095
2026-07-16 20:45:01.583969335+00:00,aqt.particle.pm2.5,2.4,5min,Particulate Matter less than 2.5 microns in diameter,000048b02dd3c6d5.ws-nxcore,waggle-aqt530-5511,-9999.9,000048b02dd3c6d5,registry.sagecontinuum.org/kaludib/waggle-aqt530:1.00,vaisala-aqt530,waggle-aqt530,microgram per cubic meter,W095,core,W095
2026-07-16 20:50:01.786674923+00:00,aqt.particle.pm2.5,6.9,5min,Particulate Matter less than 2.5 microns in diameter,000048b02dd3c6d5.ws-nxcore,waggle-aqt530-5511,-9999.9,000048b02dd3c6d5,registry.sagecontinuum.org/kaludib/waggle-aqt530:1.00,vaisala-aqt530,waggle-aqt530,microgram per cubic meter,W095,core,W095
2026-07-16 20:55:01.996259563+00:00,aqt.particle.pm2.5,5.9,5min,Particulate Matter less than 2.5 microns in diameter,000048b02dd3c6d5.ws-nxcore,waggle-aqt530-5511,-9999.9,000048b02dd3c6d5,registry.sagecontinuum.org/kaludib/waggle-aqt530:1.00,vaisala-aqt530,waggle-aqt530,microgram per cubic meter,W095,core,W095
2026-07-16 21:00:02.193864828+00:00,aqt.particle.pm2.5,6.8,5min,Particulate Matter less than 2.5 microns in diameter,000048b02dd3c6d5.ws-nxcore,waggle-aqt530-5511,-9999.9,000048b02dd3c6d5,registry.sagecontinuum.org/kaludib/waggle-aqt530:1.00,vaisala-aqt530,waggle-aqt530,microgram per cubic meter,W095,core,W095
2026-07-16 21:05:01.404985609+00:00,aqt.particle.pm2.5,5.1,5min,Particulate Matter less than 2.5 microns in diameter,000048b02dd3c6d5.ws-nxcore,waggle-aqt530-5511,-9999.9,000048b02dd3c6d5,registry.sagecontinuum.org/kaludib/waggle-aqt530:1.00,vaisala-aqt530,waggle-aqt530,microgram per cubic meter,W095,core,W095
2026-07-16 21:10:01.617098329+00:00,aqt.particle.pm2.5,3.5,5min,Particulate Matter less than 2.5 microns in diameter,000048b02dd3c6d5.ws-nxcore,waggle-aqt530-5511,-9999.9,000048b02dd3c6d5,registry.sagecontinuum.org/kaludib/waggle-aqt530:1.00,vaisala-aqt530,waggle-aqt530,microgram per cubic meter,W095,core,W095
2026-07-16 21:15:01.836916078+00:00,aqt.particle.pm2.5,3.6,5min,Particulate Matter less than 2.5 microns in diameter,000048b02dd3c6d5.ws-nxcore,waggle-aqt530-5511,-9999.9,000048b02dd3c6d5,registry.sagecontinuum.org/kaludib/waggle-aqt530:1.00,vaisala-aqt530,waggle-aqt530,microgram per cubic meter,W095,core,W095
2026-07-16 21:20:02.054357854+00:00,aqt.particle.pm2.5,1.8,5min,Particulate Matter less than 2.5 microns in diameter,000048b02dd3c6d5.ws-nxcore,waggle-aqt530-5511,-9999.9,000048b02dd3c6d5,registry.sagecontinuum.org/kaludib/waggle-aqt530:1.00,vaisala-aqt530,waggle-aqt530,microgram per cubic meter,W095,core,W095
2026-07-16 21:25:02.274467989+00:00,aqt.particle.pm2.5,0.4,5min,Particulate Matter less than 2.5 microns in diameter,000048b02dd3c6d5.ws-nxcore,waggle-aqt530-5511,-9999.9,000048b02dd3c6d5,registry.sagecontinuum.org/kaludib/waggle-aqt530:1.00,vaisala-aqt530,waggle-aqt530,microgram per cubic meter,W095,core,W095
2026-07-16 21:30:01.508671487+00:00,aqt.particle.pm2.5,0.3,5min,Particulate Matter less than 2.5 microns in diameter,000048b02dd3c6d5.ws-nxcore,waggle-aqt530-5511,-9999.9,000048b02dd3c6d5,registry.sagecontinuum.org/kaludib/waggle-aqt530:1.00,vaisala-aqt530,waggle-aqt530,microgram per cubic meter,W095,core,W095
2026-07-16 21:35:01.709642261+00:00,aqt.particle.pm2.5,0.3,5min,Particulate Matter less than 2.5 microns in diameter,000048b02dd3c6d5.ws-nxcore,waggle-aqt530-5511,-9999.9,000048b02dd3c6d5,registry.sagecontinuum.org/kaludib/waggle-aqt530:1.00,vaisala-aqt530,waggle-aqt530,microgram per cubic meter,W095,core,W095
2026-07-16 21:40:01.922815674+00:00,aqt.particle.pm2.5,0.6,5min,Particulate Matter less than 2.5 microns in diameter,000048b02dd3c6d5.ws-nxcore,waggle-aqt530-5511,-9999.9,000048b02dd3c6d5,registry.sagecontinuum.org/kaludib/waggle-aqt530:1.00,vaisala-aqt530,waggle-aqt530,microgram per cubic meter,W095,core,W095
2026-07-16 21:45:02.135345123+00:00,aqt.particle.pm2.5,0.5,5min,Particulate Matter less than 2.5 microns in diameter,000048b02dd3c6d5.ws-nxcore,waggle-aqt530-5511,-9999.9,000048b02dd3c6d5,registry.sagecontinuum.org/kaludib/waggle-aqt530:1.00,vaisala-aqt530,waggle-aqt530,microgram per cubic meter,W095,core,W095
2026-07-16 21:50:01.353646759+00:00,aqt.particle.pm2.5,0.5,5min,Particulate Matter less than 2.5 microns in diameter,000048b02dd3c6d5.ws-nxcore,waggle-aqt530-5511,-9999.9,000048b02dd3c6d5,registry.sagecontinuum.org/kaludib/waggle-aqt530:1.00,vaisala-aqt530,waggle-aqt530,microgram per cubic meter,W095,core,W095
2026-07-16 21:55:01.571298244+00:00,aqt.particle.pm2.5,1.2,5min,Particulate Matter less than 2.5 microns in diameter,000048b02dd3c6d5.ws-nxcore,waggle-aqt530-5511,-9999.9,000048b02dd3c6d5,registry.sagecontinuum.org/kaludib/waggle-aqt530:1.00,vaisala-aqt530,waggle-aqt530,microgram per cubic meter,W095,core,W095
2026-07-16 22:00:01.779067813+00:00,aqt.particle.pm2.5,9.5,5min,Particulate Matter less than 2.5 microns in diameter,000048b02dd3c6d5.ws-nxcore,waggle-aqt530-5511,-9999.9,000048b02dd3c6d5,registry.sagecontinuum.org/kaludib/waggle-aqt530:1.00,vaisala-aqt530,waggle-aqt530,microgram per cubic meter,W095,core,W095
2026-07-16 22:05:01.997855502+00:00,aqt.particle.pm2.5,2.7,5min,Particulate Matter less than 2.5 microns in diameter,000048b02dd3c6d5.ws-nxcore,waggle-aqt530-5511,-9999.9,000048b02dd3c6d5,registry.sagecontinuum.org/kaludib/waggle-aqt530:1.00,vaisala-aqt530,waggle-aqt530,microgram per cubic meter,W095,core,W095
2026-07-16 22:10:02.218836843+00:00,aqt.particle.pm2.5,0.7,5min,Particulate Matter less than 2.5 microns in diameter,000048b02dd3c6d5.ws-nxcore,waggle-aqt530-5511,-9999.9,000048b02dd3c6d5,registry.sagecontinuum.org/kaludib/waggle-aqt530:1.00,vaisala-aqt530,waggle-aqt530,microgram per cubic meter,W095,core,W095
2026-07-16 22:15:01.429897900+00:00,aqt.particle.pm2.5,2.4,5min,Particulate Matter less than 2.5 microns in diameter,000048b02dd3c6d5.ws-nxcore,waggle-aqt530-5511,-9999.9,000048b02dd3c6d5,registry.sagecontinuum.org/kaludib/waggle-aqt530:1.00,vaisala-aqt530,waggle-aqt530,microgram per cubic meter,W095,core,W095
2026-07-16 22:20:01.635345228+00:00,aqt.particle.pm2.5,1.7,5min,Particulate Matter less than 2.5 microns in diameter,000048b02dd3c6d5.ws-nxcore,waggle-aqt530-5511,-9999.9,000048b02dd3c6d5,registry.sagecontinuum.org/kaludib/waggle-aqt530:1.00,vaisala-aqt530,waggle-aqt530,microgram per cubic meter,W095,core,W095
2026-07-16 22:25:01.854817206+00:00,aqt.particle.pm2.5,5.0,5min,Particulate Matter less than 2.5 microns in diameter,000048b02dd3c6d5.ws-nxcore,waggle-aqt530-5511,-9999.9,000048b02dd3c6d5,registry.sagecontinuum.org/kaludib/waggle-aqt530:1.00,vaisala-aqt530,waggle-aqt530,microgram per cubic meter,W095,core,W095
2026-07-16 22:30:02.085885533+00:00,aqt.particle.pm2.5,3.4,5min,Particulate Matter less than 2.5 microns in diameter,000048b02dd3c6d5.ws-nxcore,waggle-aqt530-5511,-9999.9,000048b02dd3c6d5,registry.sagecontinuum.org/kaludib/waggle-aqt530:1.00,vaisala-aqt530,waggle-aqt530,microgram per cubic meter,W095,core,W095
2026-07-16 22:35:02.279144796+00:00,aqt.particle.pm2.5,5.3,5min,Particulate Matter less than 2.5 microns in diameter,000048b02dd3c6d5.ws-nxcore,waggle-aqt530-5511,-9999.9,000048b02dd3c6d5,registry.sagecontinuum.org/kaludib/waggle-aqt530:1.00,vaisala-aqt530,waggle-aqt530,microgram per cubic meter,W095,core,W095
2026-07-16 22:40:01.515647121+00:00,aqt.particle.pm2.5,6.0,5min,Particulate Matter less than 2.5 microns in diameter,000048b02dd3c6d5.ws-nxcore,waggle-aqt530-5511,-9999.9,000048b02dd3c6d5,registry.sagecontinuum.org/kaludib/waggle-aqt530:1.00,vaisala-aqt530,waggle-aqt530,microgram per cubic meter,W095,core,W095
2026-07-16 22:45:01.795470347+00:00,aqt.particle.pm2.5,8.1,5min,Particulate Matter less than 2.5 microns in diameter,000048b02dd3c6d5.ws-nxcore,waggle-aqt530-5511,-9999.9,000048b02dd3c6d5,registry.sagecontinuum.org/kaludib/waggle-aqt530:1.00,vaisala-aqt530,waggle-aqt530,microgram per cubic meter,W095,core,W095
2026-07-16 22:50:02.044535168+00:00,aqt.particle.pm2.5,2.8,5min,Particulate Matter less than 2.5 microns in diameter,000048b02dd3c6d5.ws-nxcore,waggle-aqt530-5511,-9999.9,000048b02dd3c6d5,registry.sagecontinuum.org/kaludib/waggle-aqt530:1.00,vaisala-aqt530,waggle-aqt530,microgram per cubic meter,W095,core,W095
2026-07-16 22:55:02.268095739+00:00,aqt.particle.pm2.5,3.1,5min,Particulate Matter less than 2.5 microns in diameter,000048b02dd3c6d5.ws-nxcore,waggle-aqt530-5511,-9999.9,000048b02dd3c6d5,registry.sagecontinuum.org/kaludib/waggle-aqt530:1.00,vaisala-aqt530,waggle-aqt530,microgram per cubic meter,W095,core,W095
2026-07-16 23:00:01.467431565+00:00,aqt.particle.pm2.5,1.4,5min,Particulate Matter less than 2.5 microns in diameter,000048b02dd3c6d5.ws-nxcore,waggle-aqt530-5511,-9999.9,000048b02dd3c6d5,registry.sagecontinuum.org/kaludib/waggle-aqt530:1.00,vaisala-aqt530,waggle-aqt530,microgram per cubic meter,W095,core,W095
2026-07-16 23:05:01.658514883+00:00,aqt.particle.pm2.5,0.7,5min,Particulate Matter less than 2.5 microns in diameter,000048b02dd3c6d5.ws-nxcore,waggle-aqt530-5511,-9999.9,000048b02dd3c6d5,registry.sagecontinuum.org/kaludib/waggle-aqt530:1.00,vaisala-aqt530,waggle-aqt530,microgram per cubic meter,W095,core,W095
2026-07-16 23:10:01.883118482+00:00,aqt.particle.pm2.5,1.5,5min,Particulate Matter less than 2.5 microns in diameter,000048b02dd3c6d5.ws-nxcore,waggle-aqt530-5511,-9999.9,000048b02dd3c6d5,registry.sagecontinuum.org/kaludib/waggle-aqt530:1.00,vaisala-aqt530,waggle-aqt530,microgram per cubic meter,W095,core,W095
2026-07-16 23:15:02.070428190+00:00,aqt.particle.pm2.5,3.3,5min,Particulate Matter less than 2.5 microns in diameter,000048b02dd3c6d5.ws-nxcore,waggle-aqt530-5511,-9999.9,000048b02dd3c6d5,registry.sagecontinuum.org/kaludib/waggle-aqt530:1.00,vaisala-aqt530,waggle-aqt530,microgram per cubic meter,W095,core,W095
2026-07-16 23:20:02.274072468+00:00,aqt.particle.pm2.5,2.5,5min,Particulate Matter less than 2.5 microns in diameter,000048b02dd3c6d5.ws-nxcore,waggle-aqt530-5511,-9999.9,000048b02dd3c6d5,registry.sagecontinuum.org/kaludib/waggle-aqt530:1.00,vaisala-aqt530,waggle-aqt530,microgram per cubic meter,W095,core,W095
2026-07-16 23:25:01.478866927+00:00,aqt.particle.pm2.5,3.2,5min,Particulate Matter less than 2.5 microns in diameter,000048b02dd3c6d5.ws-nxcore,waggle-aqt530-5511,-9999.9,000048b02dd3c6d5,registry.sagecontinuum.org/kaludib/waggle-aqt530:1.00,vaisala-aqt530,waggle-aqt530,microgram per cubic meter,W095,core,W095
2026-07-16 23:30:01.695739778+00:00,aqt.particle.pm2.5,4.0,5min,Particulate Matter less than 2.5 microns in diameter,000048b02dd3c6d5.ws-nxcore,waggle-aqt530-5511,-9999.9,000048b02dd3c6d5,registry.sagecontinuum.org/kaludib/waggle-aqt530:1.00,vaisala-aqt530,waggle-aqt530,microgram per cubic meter,W095,core,W095
2026-07-16 23:35:01.900186284+00:00,aqt.particle.pm2.5,1.0,5min,Particulate Matter less than 2.5 microns in diameter,000048b02dd3c6d5.ws-nxcore,waggle-aqt530-5511,-9999.9,000048b02dd3c6d5,registry.sagecontinuum.org/kaludib/waggle-aqt530:1.00,vaisala-aqt530,waggle-aqt530,microgram per cubic meter,W095,core,W095
2026-07-16 23:40:02.117959299+00:00,aqt.particle.pm2.5,1.2,5min,Particulate Matter less than 2.5 microns in diameter,000048b02dd3c6d5.ws-nxcore,waggle-aqt530-5511,-9999.9,000048b02dd3c6d5,registry.sagecontinuum.org/kaludib/waggle-aqt530:1.00,vaisala-aqt530,waggle-aqt530,microgram per cubic meter,W095,core,W095
2026-07-16 23:45:01.336460709+00:00,aqt.particle.pm2.5,1.3,5min,Particulate Matter less than 2.5 microns in diameter,000048b02dd3c6d5.ws-nxcore,waggle-aqt530-5511,-9999.9,000048b02dd3c6d5,registry.sagecontinuum.org/kaludib/waggle-aqt530:1.00,vaisala-aqt530,waggle-aqt530,microgram per cubic meter,W095,core,W095
2026-07-16 23:50:01.569219498+00:00,aqt.particle.pm2.5,1.0,5min,Particulate Matter less than 2.5 microns in diameter,000048b02dd3c6d5.ws-nxcore,waggle-aqt530-5511,-9999.9,000048b02dd3c6d5,registry.sagecontinuum.org/kaludib/waggle-aqt530:1.00,vaisala-aqt530,waggle-aqt530,microgram per cubic meter,W095,core,W095
2026-07-16 23:55:02.307162116+00:00,aqt.particle.pm2.5,7.1,5min,Particulate Matter less than 2.5 microns in diameter,000048b02dd3c6d5.ws-nxcore,waggle-aqt530-5511,-9999.9,000048b02dd3c6d5,registry.sagecontinuum.org/kaludib/waggle-aqt530:1.00,vaisala-aqt530,waggle-aqt530,microgram per cubic meter,W095,core,W095
2026-07-17 00:00:02.039340908+00:00,aqt.particle.pm2.5,4.0,5min,Particulate Matter less than 2.5 microns in diameter,000048b02dd3c6d5.ws-nxcore,waggle-aqt530-5511,-9999.9,000048b02dd3c6d5,registry.sagecontinuum.org/kaludib/waggle-aqt530:1.00,vaisala-aqt530,waggle-aqt530,microgram per cubic meter,W095,core,W095
2026-07-17 00:05:02.262722924+00:00,aqt.particle.pm2.5,0.8,5min,Particulate Matter less than 2.5 microns in diameter,000048b02dd3c6d5.ws-nxcore,waggle-aqt530-5511,-9999.9,000048b02dd3c6d5,registry.sagecontinuum.org/kaludib/waggle-aqt530:1.00,vaisala-aqt530,waggle-aqt530,microgram per cubic meter,W095,core,W095
2026-07-17 00:10:01.484912289+00:00,aqt.particle.pm2.5,0.8,5min,Particulate Matter less than 2.5 microns in diameter,000048b02dd3c6d5.ws-nxcore,waggle-aqt530-5511,-9999.9,000048b02dd3c6d5,registry.sagecontinuum.org/kaludib/waggle-aqt530:1.00,vaisala-aqt530,waggle-aqt530,microgram per cubic meter,W095,core,W095
2026-07-17 00:15:01.713490072+00:00,aqt.particle.pm2.5,0.8,5min,Particulate Matter less than 2.5 microns in diameter,000048b02dd3c6d5.ws-nxcore,waggle-aqt530-5511,-9999.9,000048b02dd3c6d5,registry.sagecontinuum.org/kaludib/waggle-aqt530:1.00,vaisala-aqt530,waggle-aqt530,microgram per cubic meter,W095,core,W095
2026-07-17 00:20:01.926095843+00:00,aqt.particle.pm2.5,0.8,5min,Particulate Matter less than 2.5 microns in diameter,000048b02dd3c6d5.ws-nxcore,waggle-aqt530-5511,-9999.9,000048b02dd3c6d5,registry.sagecontinuum.org/kaludib/waggle-aqt530:1.00,vaisala-aqt530,waggle-aqt530,microgram per cubic meter,W095,core,W095
2026-07-17 00:25:02.106446230+00:00,aqt.particle.pm2.5,0.7,5min,Particulate Matter less than 2.5 microns in diameter,000048b02dd3c6d5.ws-nxcore,waggle-aqt530-5511,-9999.9,000048b02dd3c6d5,registry.sagecontinuum.org/kaludib/waggle-aqt530:1.00,vaisala-aqt530,waggle-aqt530,microgram per cubic meter,W095,core,W095
2026-07-17 00:30:02.281489703+00:00,aqt.particle.pm2.5,0.7,5min,Particulate Matter less than 2.5 microns in diameter,000048b02dd3c6d5.ws-nxcore,waggle-aqt530-5511,-9999.9,000048b02dd3c6d5,registry.sagecontinuum.org/kaludib/waggle-aqt530:1.00,vaisala-aqt530,waggle-aqt530,microgram per cubic meter,W095,core,W095
2026-07-17 00:35:01.471327356+00:00,aqt.particle.pm2.5,0.6,5min,Particulate Matter less than 2.5 microns in diameter,000048b02dd3c6d5.ws-nxcore,waggle-aqt530-5511,-9999.9,000048b02dd3c6d5,registry.sagecontinuum.org/kaludib/waggle-aqt530:1.00,vaisala-aqt530,waggle-aqt530,microgram per cubic meter,W095,core,W095
2026-07-17 00:40:01.680067154+00:00,aqt.particle.pm2.5,0.7,5min,Particulate Matter less than 2.5 microns in diameter,000048b02dd3c6d5.ws-nxcore,waggle-aqt530-5511,-9999.9,000048b02dd3c6d5,registry.sagecontinuum.org/kaludib/waggle-aqt530:1.00,vaisala-aqt530,waggle-aqt530,microgram per cubic meter,W095,core,W095
2026-07-17 00:45:01.895076276+00:00,aqt.particle.pm2.5,2.2,5min,Particulate Matter less than 2.5 microns in diameter,000048b02dd3c6d5.ws-nxcore,waggle-aqt530-5511,-9999.9,000048b02dd3c6d5,registry.sagecontinuum.org/kaludib/waggle-aqt530:1.00,vaisala-aqt530,waggle-aqt530,microgram per cubic meter,W095,core,W095
2026-07-17 00:50:02.093475677+00:00,aqt.particle.pm2.5,2.7,5min,Particulate Matter less than 2.5 microns in diameter,000048b02dd3c6d5.ws-nxcore,waggle-aqt530-5511,-9999.9,000048b02dd3c6d5,registry.sagecontinuum.org/kaludib/waggle-aqt530:1.00,vaisala-aqt530,waggle-aqt530,microgram per cubic meter,W095,core,W095
2026-07-17 00:55:01.317893865+00:00,aqt.particle.pm2.5,3.0,5min,Particulate Matter less than 2.5 microns in diameter,000048b02dd3c6d5.ws-nxcore,waggle-aqt530-5511,-9999.9,000048b02dd3c6d5,registry.sagecontinuum.org/kaludib/waggle-aqt530:1.00,vaisala-aqt530,waggle-aqt530,microgram per cubic meter,W095,core,W095
2026-07-17 01:00:01.542203676+00:00,aqt.particle.pm2.5,2.9,5min,Particulate Matter less than 2.5 microns in diameter,000048b02dd3c6d5.ws-nxcore,waggle-aqt530-5511,-9999.9,000048b02dd3c6d5,registry.sagecontinuum.org/kaludib/waggle-aqt530:1.00,vaisala-aqt530,waggle-aqt530,microgram per cubic meter,W095,core,W095
2026-07-17 01:05:01.748224976+00:00,aqt.particle.pm2.5,4.3,5min,Particulate Matter less than 2.5 microns in diameter,000048b02dd3c6d5.ws-nxcore,waggle-aqt530-5511,-9999.9,000048b02dd3c6d5,registry.sagecontinuum.org/kaludib/waggle-aqt530:1.00,vaisala-aqt530,waggle-aqt530,microgram per cubic meter,W095,core,W095
2026-07-17 01:10:01.956680823+00:00,aqt.particle.pm2.5,5.1,5min,Particulate Matter less than 2.5 microns in diameter,000048b02dd3c6d5.ws-nxcore,waggle-aqt530-5511,-9999.9,000048b02dd3c6d5,registry.sagecontinuum.org/kaludib/waggle-aqt530:1.00,vaisala-aqt530,waggle-aqt530,microgram per cubic meter,W095,core,W095
2026-07-17 01:15:02.178086214+00:00,aqt.particle.pm2.5,2.4,5min,Particulate Matter less than 2.5 microns in diameter,000048b02dd3c6d5.ws-nxcore,waggle-aqt530-5511,-9999.9,000048b02dd3c6d5,registry.sagecontinuum.org/kaludib/waggle-aqt530:1.00,vaisala-aqt530,waggle-aqt530,microgram per cubic meter,W095,core,W095
2026-07-17 01:20:01.387649474+00:00,aqt.particle.pm2.5,0.8,5min,Particulate Matter less than 2.5 microns in diameter,000048b02dd3c6d5.ws-nxcore,waggle-aqt530-5511,-9999.9,000048b02dd3c6d5,registry.sagecontinuum.org/kaludib/waggle-aqt530:1.00,vaisala-aqt530,waggle-aqt530,microgram per cubic meter,W095,core,W095
2026-07-17 01:25:01.605726337+00:00,aqt.particle.pm2.5,0.8,5min,Particulate Matter less than 2.5 microns in diameter,000048b02dd3c6d5.ws-nxcore,waggle-aqt530-5511,-9999.9,000048b02dd3c6d5,registry.sagecontinuum.org/kaludib/waggle-aqt530:1.00,vaisala-aqt530,waggle-aqt530,microgram per cubic meter,W095,core,W095
2026-07-17 01:30:01.814490926+00:00,aqt.particle.pm2.5,0.9,5min,Particulate Matter less than 2.5 microns in diameter,000048b02dd3c6d5.ws-nxcore,waggle-aqt530-5511,-9999.9,000048b02dd3c6d5,registry.sagecontinuum.org/kaludib/waggle-aqt530:1.00,vaisala-aqt530,waggle-aqt530,microgram per cubic meter,W095,core,W095
2026-07-17 01:35:02.061553315+00:00,aqt.particle.pm2.5,0.9,5min,Particulate Matter less than 2.5 microns in diameter,000048b02dd3c6d5.ws-nxcore,waggle-aqt530-5511,-9999.9,000048b02dd3c6d5,registry.sagecontinuum.org/kaludib/waggle-aqt530:1.00,vaisala-aqt530,waggle-aqt530,microgram per cubic meter,W095,core,W095
2026-07-17 01:40:01.306813107+00:00,aqt.particle.pm2.5,0.9,5min,Particulate Matter less than 2.5 microns in diameter,000048b02dd3c6d5.ws-nxcore,waggle-aqt530-5511,-9999.9,000048b02dd3c6d5,registry.sagecontinuum.org/kaludib/waggle-aqt530:1.00,vaisala-aqt530,waggle-aqt530,microgram per cubic meter,W095,core,W095
2026-07-17 01:45:01.520262934+00:00,aqt.particle.pm2.5,1.6,5min,Particulate Matter less than 2.5 microns in diameter,000048b02dd3c6d5.ws-nxcore,waggle-aqt530-5511,-9999.9,000048b02dd3c6d5,registry.sagecontinuum.org/kaludib/waggle-aqt530:1.00,vaisala-aqt530,waggle-aqt530,microgram per cubic meter,W095,core,W095
2026-07-17 01:50:01.759869471+00:00,aqt.particle.pm2.5,2.2,5min,Particulate Matter less than 2.5 microns in diameter,000048b02dd3c6d5.ws-nxcore,waggle-aqt530-5511,-9999.9,000048b02dd3c6d5,registry.sagecontinuum.org/kaludib/waggle-aqt530:1.00,vaisala-aqt530,waggle-aqt530,microgram per cubic meter,W095,core,W095
2026-07-17 01:55:01.957998605+00:00,aqt.particle.pm2.5,4.3,5min,Particulate Matter less than 2.5 microns in diameter,000048b02dd3c6d5.ws-nxcore,waggle-aqt530-5511,-9999.9,000048b02dd3c6d5,registry.sagecontinuum.org/kaludib/waggle-aqt530:1.00,vaisala-aqt530,waggle-aqt530,microgram per cubic meter,W095,core,W095
2026-07-17 02:00:02.181997291+00:00,aqt.particle.pm2.5,3.7,5min,Particulate Matter less than 2.5 microns in diameter,000048b02dd3c6d5.ws-nxcore,waggle-aqt530-5511,-9999.9,000048b02dd3c6d5,registry.sagecontinuum.org/kaludib/waggle-aqt530:1.00,vaisala-aqt530,waggle-aqt530,microgram per cubic meter,W095,core,W095
2026-07-17 02:05:01.389352814+00:00,aqt.particle.pm2.5,0.8,5min,Particulate Matter less than 2.5 microns in diameter,000048b02dd3c6d5.ws-nxcore,waggle-aqt530-5511,-9999.9,000048b02dd3c6d5,registry.sagecontinuum.org/kaludib/waggle-aqt530:1.00,vaisala-aqt530,waggle-aqt530,microgram per cubic meter,W095,core,W095
2026-07-17 02:10:01.579978896+00:00,aqt.particle.pm2.5,0.6,5min,Particulate Matter less than 2.5 microns in diameter,000048b02dd3c6d5.ws-nxcore,waggle-aqt530-5511,-9999.9,000048b02dd3c6d5,registry.sagecontinuum.org/kaludib/waggle-aqt530:1.00,vaisala-aqt530,waggle-aqt530,microgram per cubic meter,W095,core,W095
2026-07-17 02:15:01.760862867+00:00,aqt.particle.pm2.5,0.6,5min,Particulate Matter less than 2.5 microns in diameter,000048b02dd3c6d5.ws-nxcore,waggle-aqt530-5511,-9999.9,000048b02dd3c6d5,registry.sagecontinuum.org/kaludib/waggle-aqt530:1.00,vaisala-aqt530,waggle-aqt530,microgram per cubic meter,W095,core,W095
2026-07-17 02:20:01.980018460+00:00,aqt.particle.pm2.5,1.1,5min,Particulate Matter less than 2.5 microns in diameter,000048b02dd3c6d5.ws-nxcore,waggle-aqt530-5511,-9999.9,000048b02dd3c6d5,registry.sagecontinuum.org/kaludib/waggle-aqt530:1.00,vaisala-aqt530,waggle-aqt530,microgram per cubic meter,W095,core,W095
2026-07-17 02:25:01.170885816+00:00,aqt.particle.pm2.5,1.1,5min,Particulate Matter less than 2.5 microns in diameter,000048b02dd3c6d5.ws-nxcore,waggle-aqt530-5511,-9999.9,000048b02dd3c6d5,registry.sagecontinuum.org/kaludib/waggle-aqt530:1.00,vaisala-aqt530,waggle-aqt530,microgram per cubic meter,W095,core,W095
2026-07-17 02:30:01.383318450+00:00,aqt.particle.pm2.5,0.9,5min,Particulate Matter less than 2.5 microns in diameter,000048b02dd3c6d5.ws-nxcore,waggle-aqt530-5511,-9999.9,000048b02dd3c6d5,registry.sagecontinuum.org/kaludib/waggle-aqt530:1.00,vaisala-aqt530,waggle-aqt530,microgram per cubic meter,W095,core,W095
2026-07-17 02:35:01.582590563+00:00,aqt.particle.pm2.5,0.9,5min,Particulate Matter less than 2.5 microns in diameter,000048b02dd3c6d5.ws-nxcore,waggle-aqt530-5511,-9999.9,000048b02dd3c6d5,registry.sagecontinuum.org/kaludib/waggle-aqt530:1.00,vaisala-aqt530,waggle-aqt530,microgram per cubic meter,W095,core,W095
2026-07-17 02:40:01.806071413+00:00,aqt.particle.pm2.5,0.7,5min,Particulate Matter less than 2.5 microns in diameter,000048b02dd3c6d5.ws-nxcore,waggle-aqt530-5511,-9999.9,000048b02dd3c6d5,registry.sagecontinuum.org/kaludib/waggle-aqt530:1.00,vaisala-aqt530,waggle-aqt530,microgram per cubic meter,W095,core,W095
2026-07-17 02:45:02.036518010+00:00,aqt.particle.pm2.5,0.6,5min,Particulate Matter less than 2.5 microns in diameter,000048b02dd3c6d5.ws-nxcore,waggle-aqt530-5511,-9999.9,000048b02dd3c6d5,registry.sagecontinuum.org/kaludib/waggle-aqt530:1.00,vaisala-aqt530,waggle-aqt530,microgram per cubic meter,W095,core,W095
2026-07-17 02:50:01.253806178+00:00,aqt.particle.pm2.5,0.6,5min,Particulate Matter less than 2.5 microns in diameter,000048b02dd3c6d5.ws-nxcore,waggle-aqt530-5511,-9999.9,000048b02dd3c6d5,registry.sagecontinuum.org/kaludib/waggle-aqt530:1.00,vaisala-aqt530,waggle-aqt530,microgram per cubic meter,W095,core,W095
2026-07-17 02:55:01.460711193+00:00,aqt.particle.pm2.5,0.6,5min,Particulate Matter less than 2.5 microns in diameter,000048b02dd3c6d5.ws-nxcore,waggle-aqt530-5511,-9999.9,000048b02dd3c6d5,registry.sagecontinuum.org/kaludib/waggle-aqt530:1.00,vaisala-aqt530,waggle-aqt530,microgram per cubic meter,W095,core,W095
2026-07-17 03:00:01.681082567+00:00,aqt.particle.pm2.5,0.6,5min,Particulate Matter less than 2.5 microns in diameter,000048b02dd3c6d5.ws-nxcore,waggle-aqt530-5511,-9999.9,000048b02dd3c6d5,registry.sagecontinuum.org/kaludib/waggle-aqt530:1.00,vaisala-aqt530,waggle-aqt530,microgram per cubic meter,W095,core,W095
2026-07-17 03:05:01.899546534+00:00,aqt.particle.pm2.5,1.0,5min,Particulate Matter less than 2.5 microns in diameter,000048b02dd3c6d5.ws-nxcore,waggle-aqt530-5511,-9999.9,000048b02dd3c6d5,registry.sagecontinuum.org/kaludib/waggle-aqt530:1.00,vaisala-aqt530,waggle-aqt530,microgram per cubic meter,W095,core,W095
2026-07-17 03:10:02.104000450+00:00,aqt.particle.pm2.5,1.2,5min,Particulate Matter less than 2.5 microns in diameter,000048b02dd3c6d5.ws-nxcore,waggle-aqt530-5511,-9999.9,000048b02dd3c6d5,registry.sagecontinuum.org/kaludib/waggle-aqt530:1.00,vaisala-aqt530,waggle-aqt530,microgram per cubic meter,W095,core,W095
2026-07-17 03:15:01.321738669+00:00,aqt.particle.pm2.5,1.6,5min,Particulate Matter less than 2.5 microns in diameter,000048b02dd3c6d5.ws-nxcore,waggle-aqt530-5511,-9999.9,000048b02dd3c6d5,registry.sagecontinuum.org/kaludib/waggle-aqt530:1.00,vaisala-aqt530,waggle-aqt530,microgram per cubic meter,W095,core,W095
2026-07-17 03:20:01.540886333+00:00,aqt.particle.pm2.5,2.3,5min,Particulate Matter less than 2.5 microns in diameter,000048b02dd3c6d5.ws-nxcore,waggle-aqt530-5511,-9999.9,000048b02dd3c6d5,registry.sagecontinuum.org/kaludib/waggle-aqt530:1.00,vaisala-aqt530,waggle-aqt530,microgram per cubic meter,W095,core,W095
2026-07-17 03:25:01.758584104+00:00,aqt.particle.pm2.5,2.4,5min,Particulate Matter less than 2.5 microns in diameter,000048b02dd3c6d5.ws-nxcore,waggle-aqt530-5511,-9999.9,000048b02dd3c6d5,registry.sagecontinuum.org/kaludib/waggle-aqt530:1.00,vaisala-aqt530,waggle-aqt530,microgram per cubic meter,W095,core,W095
2026-07-17 03:30:01.967266764+00:00,aqt.particle.pm2.5,4.0,5min,Particulate Matter less than 2.5 microns in diameter,000048b02dd3c6d5.ws-nxcore,waggle-aqt530-5511,-9999.9,000048b02dd3c6d5,registry.sagecontinuum.org/kaludib/waggle-aqt530:1.00,vaisala-aqt530,waggle-aqt530,microgram per cubic meter,W095,core,W095
2026-07-17 03:35:01.188903484+00:00,aqt.particle.pm2.5,17.3,5min,Particulate Matter less than 2.5 microns in diameter,000048b02dd3c6d5.ws-nxcore,waggle-aqt530-5511,-9999.9,000048b02dd3c6d5,registry.sagecontinuum.org/kaludib/waggle-aqt530:1.00,vaisala-aqt530,waggle-aqt530,microgram per cubic meter,W095,core,W095
2026-07-17 03:40:01.394320826+00:00,aqt.particle.pm2.5,5.9,5min,Particulate Matter less than 2.5 microns in diameter,000048b02dd3c6d5.ws-nxcore,waggle-aqt530-5511,-9999.9,000048b02dd3c6d5,registry.sagecontinuum.org/kaludib/waggle-aqt530:1.00,vaisala-aqt530,waggle-aqt530,microgram per cubic meter,W095,core,W095
2026-07-17 03:45:01.613601461+00:00,aqt.particle.pm2.5,4.9,5min,Particulate Matter less than 2.5 microns in diameter,000048b02dd3c6d5.ws-nxcore,waggle-aqt530-5511,-9999.9,000048b02dd3c6d5,registry.sagecontinuum.org/kaludib/waggle-aqt530:1.00,vaisala-aqt530,waggle-aqt530,microgram per cubic meter,W095,core,W095
2026-07-17 03:50:01.887119712+00:00,aqt.particle.pm2.5,2.6,5min,Particulate Matter less than 2.5 microns in diameter,000048b02dd3c6d5.ws-nxcore,waggle-aqt530-5511,-9999.9,000048b02dd3c6d5,registry.sagecontinuum.org/kaludib/waggle-aqt530:1.00,vaisala-aqt530,waggle-aqt530,microgram per cubic meter,W095,core,W095
2026-07-17 03:55:02.090185766+00:00,aqt.particle.pm2.5,1.8,5min,Particulate Matter less than 2.5 microns in diameter,000048b02dd3c6d5.ws-nxcore,waggle-aqt530-5511,-9999.9,000048b02dd3c6d5,registry.sagecontinuum.org/kaludib/waggle-aqt530:1.00,vaisala-aqt530,waggle-aqt530,microgram per cubic meter,W095,core,W095
2026-07-17 04:00:01.317780143+00:00,aqt.particle.pm2.5,9.6,5min,Particulate Matter less than 2.5 microns in diameter,000048b02dd3c6d5.ws-nxcore,waggle-aqt530-5511,-9999.9,000048b02dd3c6d5,registry.sagecontinuum.org/kaludib/waggle-aqt530:1.00,vaisala-aqt530,waggle-aqt530,microgram per cubic meter,W095,core,W095
2026-07-17 04:05:01.546567994+00:00,aqt.particle.pm2.5,1.0,5min,Particulate Matter less than 2.5 microns in diameter,000048b02dd3c6d5.ws-nxcore,waggle-aqt530-5511,-9999.9,000048b02dd3c6d5,registry.sagecontinuum.org/kaludib/waggle-aqt530:1.00,vaisala-aqt530,waggle-aqt530,microgram per cubic meter,W095,core,W095
2026-07-17 04:10:01.785231069+00:00,aqt.particle.pm2.5,3.3,5min,Particulate Matter less than 2.5 microns in diameter,000048b02dd3c6d5.ws-nxcore,waggle-aqt530-5511,-9999.9,000048b02dd3c6d5,registry.sagecontinuum.org/kaludib/waggle-aqt530:1.00,vaisala-aqt530,waggle-aqt530,microgram per cubic meter,W095,core,W095
2026-07-17 04:15:01.984866156+00:00,aqt.particle.pm2.5,3.5,5min,Particulate Matter less than 2.5 microns in diameter,000048b02dd3c6d5.ws-nxcore,waggle-aqt530-5511,-9999.9,000048b02dd3c6d5,registry.sagecontinuum.org/kaludib/waggle-aqt530:1.00,vaisala-aqt530,waggle-aqt530,microgram per cubic meter,W095,core,W095
2026-07-17 04:20:01.206624309+00:00,aqt.particle.pm2.5,0.8,5min,Particulate Matter less than 2.5 microns in diameter,000048b02dd3c6d5.ws-nxcore,waggle-aqt530-5511,-9999.9,000048b02dd3c6d5,registry.sagecontinuum.org/kaludib/waggle-aqt530:1.00,vaisala-aqt530,waggle-aqt530,microgram per cubic meter,W095,core,W095
2026-07-17 04:25:01.404915667+00:00,aqt.particle.pm2.5,0.7,5min,Particulate Matter less than 2.5 microns in diameter,000048b02dd3c6d5.ws-nxcore,waggle-aqt530-5511,-9999.9,000048b02dd3c6d5,registry.sagecontinuum.org/kaludib/waggle-aqt530:1.00,vaisala-aqt530,waggle-aqt530,microgram per cubic meter,W095,core,W095
2026-07-17 04:30:01.599270701+00:00,aqt.particle.pm2.5,1.6,5min,Particulate Matter less than 2.5 microns in diameter,000048b02dd3c6d5.ws-nxcore,waggle-aqt530-5511,-9999.9,000048b02dd3c6d5,registry.sagecontinuum.org/kaludib/waggle-aqt530:1.00,vaisala-aqt530,waggle-aqt530,microgram per cubic meter,W095,core,W095
2026-07-17 04:35:01.790290351+00:00,aqt.particle.pm2.5,3.7,5min,Particulate Matter less than 2.5 microns in diameter,000048b02dd3c6d5.ws-nxcore,waggle-aqt530-5511,-9999.9,000048b02dd3c6d5,registry.sagecontinuum.org/kaludib/waggle-aqt530:1.00,vaisala-aqt530,waggle-aqt530,microgram per cubic meter,W095,core,W095
2026-07-17 04:40:02.019611328+00:00,aqt.particle.pm2.5,0.5,5min,Particulate Matter less than 2.5 microns in diameter,000048b02dd3c6d5.ws-nxcore,waggle-aqt530-5511,-9999.9,000048b02dd3c6d5,registry.sagecontinuum.org/kaludib/waggle-aqt530:1.00,vaisala-aqt530,waggle-aqt530,microgram per cubic meter,W095,core,W095
2026-07-17 04:45:01.209561009+00:00,aqt.particle.pm2.5,2.3,5min,Particulate Matter less than 2.5 microns in diameter,000048b02dd3c6d5.ws-nxcore,waggle-aqt530-5511,-9999.9,000048b02dd3c6d5,registry.sagecontinuum.org/kaludib/waggle-aqt530:1.00,vaisala-aqt530,waggle-aqt530,microgram per cubic meter,W095,core,W095
2026-07-17 04:50:01.424879160+00:00,aqt.particle.pm2.5,3.2,5min,Particulate Matter less than 2.5 microns in diameter,000048b02dd3c6d5.ws-nxcore,waggle-aqt530-5511,-9999.9,000048b02dd3c6d5,registry.sagecontinuum.org/kaludib/waggle-aqt530:1.00,vaisala-aqt530,waggle-aqt530,microgram per cubic meter,W095,core,W095
2026-07-17 04:55:01.627399925+00:00,aqt.particle.pm2.5,1.3,5min,Particulate Matter less than 2.5 microns in diameter,000048b02dd3c6d5.ws-nxcore,waggle-aqt530-5511,-9999.9,000048b02dd3c6d5,registry.sagecontinuum.org/kaludib/waggle-aqt530:1.00,vaisala-aqt530,waggle-aqt530,microgram per cubic meter,W095,core,W095
2026-07-17 05:00:01.845338826+00:00,aqt.particle.pm2.5,3.8,5min,Particulate Matter less than 2.5 microns in diameter,000048b02dd3c6d5.ws-nxcore,waggle-aqt530-5511,-9999.9,000048b02dd3c6d5,registry.sagecontinuum.org/kaludib/waggle-aqt530:1.00,vaisala-aqt530,waggle-aqt530,microgram per cubic meter,W095,core,W095
2026-07-17 05:05:02.062360604+00:00,aqt.particle.pm2.5,0.8,5min,Particulate Matter less than 2.5 microns in diameter,000048b02dd3c6d5.ws-nxcore,waggle-aqt530-5511,-9999.9,000048b02dd3c6d5,registry.sagecontinuum.org/kaludib/waggle-aqt530:1.00,vaisala-aqt530,waggle-aqt530,microgram per cubic meter,W095,core,W095
2026-07-17 05:10:01.273560267+00:00,aqt.particle.pm2.5,0.4,5min,Particulate Matter less than 2.5 microns in diameter,000048b02dd3c6d5.ws-nxcore,waggle-aqt530-5511,-9999.9,000048b02dd3c6d5,registry.sagecontinuum.org/kaludib/waggle-aqt530:1.00,vaisala-aqt530,waggle-aqt530,microgram per cubic meter,W095,core,W095
2026-07-17 05:15:01.475338904+00:00,aqt.particle.pm2.5,0.3,5min,Particulate Matter less than 2.5 microns in diameter,000048b02dd3c6d5.ws-nxcore,waggle-aqt530-5511,-9999.9,000048b02dd3c6d5,registry.sagecontinuum.org/kaludib/waggle-aqt530:1.00,vaisala-aqt530,waggle-aqt530,microgram per cubic meter,W095,core,W095
2026-07-17 05:20:01.804750280+00:00,aqt.particle.pm2.5,0.3,5min,Particulate Matter less than 2.5 microns in diameter,000048b02dd3c6d5.ws-nxcore,waggle-aqt530-5511,-9999.9,000048b02dd3c6d5,registry.sagecontinuum.org/kaludib/waggle-aqt530:1.00,vaisala-aqt530,waggle-aqt530,microgram per cubic meter,W095,core,W095
2026-07-17 05:25:01.909800388+00:00,aqt.particle.pm2.5,0.2,5min,Particulate Matter less than 2.5 microns in diameter,000048b02dd3c6d5.ws-nxcore,waggle-aqt530-5511,-9999.9,000048b02dd3c6d5,registry.sagecontinuum.org/kaludib/waggle-aqt530:1.00,vaisala-aqt530,waggle-aqt530,microgram per cubic meter,W095,core,W095
2026-07-17 05:30:01.119283343+00:00,aqt.particle.pm2.5,0.3,5min,Particulate Matter less than 2.5 microns in diameter,000048b02dd3c6d5.ws-nxcore,waggle-aqt530-5511,-9999.9,000048b02dd3c6d5,registry.sagecontinuum.org/kaludib/waggle-aqt530:1.00,vaisala-aqt530,waggle-aqt530,microgram per cubic meter,W095,core,W095
2026-07-17 05:35:01.336564069+00:00,aqt.particle.pm2.5,0.4,5min,Particulate Matter less than 2.5 microns in diameter,000048b02dd3c6d5.ws-nxcore,waggle-aqt530-5511,-9999.9,000048b02dd3c6d5,registry.sagecontinuum.org/kaludib/waggle-aqt530:1.00,vaisala-aqt530,waggle-aqt530,microgram per cubic meter,W095,core,W095
2026-07-17 05:40:01.541071730+00:00,aqt.particle.pm2.5,0.4,5min,Particulate Matter less than 2.5 microns in diameter,000048b02dd3c6d5.ws-nxcore,waggle-aqt530-5511,-9999.9,000048b02dd3c6d5,registry.sagecontinuum.org/kaludib/waggle-aqt530:1.00,vaisala-aqt530,waggle-aqt530,microgram per cubic meter,W095,core,W095
2026-07-17 05:45:01.756253501+00:00,aqt.particle.pm2.5,0.3,5min,Particulate Matter less than 2.5 microns in diameter,000048b02dd3c6d5.ws-nxcore,waggle-aqt530-5511,-9999.9,000048b02dd3c6d5,registry.sagecontinuum.org/kaludib/waggle-aqt530:1.00,vaisala-aqt530,waggle-aqt530,microgram per cubic meter,W095,core,W095
2026-07-17 05:50:01.972079075+00:00,aqt.particle.pm2.5,0.3,5min,Particulate Matter less than 2.5 microns in diameter,000048b02dd3c6d5.ws-nxcore,waggle-aqt530-5511,-9999.9,000048b02dd3c6d5,registry.sagecontinuum.org/kaludib/waggle-aqt530:1.00,vaisala-aqt530,waggle-aqt530,microgram per cubic meter,W095,core,W095
2026-07-17 05:55:01.203504485+00:00,aqt.particle.pm2.5,0.4,5min,Particulate Matter less than 2.5 microns in diameter,000048b02dd3c6d5.ws-nxcore,waggle-aqt530-5511,-9999.9,000048b02dd3c6d5,registry.sagecontinuum.org/kaludib/waggle-aqt530:1.00,vaisala-aqt530,waggle-aqt530,microgram per cubic meter,W095,core,W095
2026-07-17 06:00:01.410467008+00:00,aqt.particle.pm2.5,0.4,5min,Particulate Matter less than 2.5 microns in diameter,000048b02dd3c6d5.ws-nxcore,waggle-aqt530-5511,-9999.9,000048b02dd3c6d5,registry.sagecontinuum.org/kaludib/waggle-aqt530:1.00,vaisala-aqt530,waggle-aqt530,microgram per cubic meter,W095,core,W095
2026-07-17 06:05:01.630395546+00:00,aqt.particle.pm2.5,0.6,5min,Particulate Matter less than 2.5 microns in diameter,000048b02dd3c6d5.ws-nxcore,waggle-aqt530-5511,-9999.9,000048b02dd3c6d5,registry.sagecontinuum.org/kaludib/waggle-aqt530:1.00,vaisala-aqt530,waggle-aqt530,microgram per cubic meter,W095,core,W095
2026-07-17 06:10:01.839527821+00:00,aqt.particle.pm2.5,1.9,5min,Particulate Matter less than 2.5 microns in diameter,000048b02dd3c6d5.ws-nxcore,waggle-aqt530-5511,-9999.9,000048b02dd3c6d5,registry.sagecontinuum.org/kaludib/waggle-aqt530:1.00,vaisala-aqt530,waggle-aqt530,microgram per cubic meter,W095,core,W095
2026-07-17 06:15:01.062407580+00:00,aqt.particle.pm2.5,1.5,5min,Particulate Matter less than 2.5 microns in diameter,000048b02dd3c6d5.ws-nxcore,waggle-aqt530-5511,-9999.9,000048b02dd3c6d5,registry.sagecontinuum.org/kaludib/waggle-aqt530:1.00,vaisala-aqt530,waggle-aqt530,microgram per cubic meter,W095,core,W095
2026-07-17 06:20:01.304363960+00:00,aqt.particle.pm2.5,1.7,5min,Particulate Matter less than 2.5 microns in diameter,000048b02dd3c6d5.ws-nxcore,waggle-aqt530-5511,-9999.9,000048b02dd3c6d5,registry.sagecontinuum.org/kaludib/waggle-aqt530:1.00,vaisala-aqt530,waggle-aqt530,microgram per cubic meter,W095,core,W095
2026-07-17 06:25:01.486348722+00:00,aqt.particle.pm2.5,4.5,5min,Particulate Matter less than 2.5 microns in diameter,000048b02dd3c6d5.ws-nxcore,waggle-aqt530-5511,-9999.9,000048b02dd3c6d5,registry.sagecontinuum.org/kaludib/waggle-aqt530:1.00,vaisala-aqt530,waggle-aqt530,microgram per cubic meter,W095,core,W095
2026-07-17 06:30:01.705595316+00:00,aqt.particle.pm2.5,4.6,5min,Particulate Matter less than 2.5 microns in diameter,000048b02dd3c6d5.ws-nxcore,waggle-aqt530-5511,-9999.9,000048b02dd3c6d5,registry.sagecontinuum.org/kaludib/waggle-aqt530:1.00,vaisala-aqt530,waggle-aqt530,microgram per cubic meter,W095,core,W095
2026-07-17 06:35:01.910984876+00:00,aqt.particle.pm2.5,4.7,5min,Particulate Matter less than 2.5 microns in diameter,000048b02dd3c6d5.ws-nxcore,waggle-aqt530-5511,-9999.9,000048b02dd3c6d5,registry.sagecontinuum.org/kaludib/waggle-aqt530:1.00,vaisala-aqt530,waggle-aqt530,microgram per cubic meter,W095,core,W095
2026-07-17 06:40:01.125139038+00:00,aqt.particle.pm2.5,7.3,5min,Particulate Matter less than 2.5 microns in diameter,000048b02dd3c6d5.ws-nxcore,waggle-aqt530-5511,-9999.9,000048b02dd3c6d5,registry.sagecontinuum.org/kaludib/waggle-aqt530:1.00,vaisala-aqt530,waggle-aqt530,microgram per cubic meter,W095,core,W095
2026-07-17 06:45:01.344458894+00:00,aqt.particle.pm2.5,8.5,5min,Particulate Matter less than 2.5 microns in diameter,000048b02dd3c6d5.ws-nxcore,waggle-aqt530-5511,-9999.9,000048b02dd3c6d5,registry.sagecontinuum.org/kaludib/waggle-aqt530:1.00,vaisala-aqt530,waggle-aqt530,microgram per cubic meter,W095,core,W095
2026-07-17 06:50:01.564506421+00:00,aqt.particle.pm2.5,7.9,5min,Particulate Matter less than 2.5 microns in diameter,000048b02dd3c6d5.ws-nxcore,waggle-aqt530-5511,-9999.9,000048b02dd3c6d5,registry.sagecontinuum.org/kaludib/waggle-aqt530:1.00,vaisala-aqt530,waggle-aqt530,microgram per cubic meter,W095,core,W095
2026-07-17 06:55:01.785016448+00:00,aqt.particle.pm2.5,12.1,5min,Particulate Matter less than 2.5 microns in diameter,000048b02dd3c6d5.ws-nxcore,waggle-aqt530-5511,-9999.9,000048b02dd3c6d5,registry.sagecontinuum.org/kaludib/waggle-aqt530:1.00,vaisala-aqt530,waggle-aqt530,microgram per cubic meter,W095,core,W095
2026-07-17 07:00:01.005288785+00:00,aqt.particle.pm2.5,6.3,5min,Particulate Matter less than 2.5 microns in diameter,000048b02dd3c6d5.ws-nxcore,waggle-aqt530-5511,-9999.9,000048b02dd3c6d5,registry.sagecontinuum.org/kaludib/waggle-aqt530:1.00,vaisala-aqt530,waggle-aqt530,microgram per cubic meter,W095,core,W095
2026-07-17 07:05:01.217633747+00:00,aqt.particle.pm2.5,7.0,5min,Particulate Matter less than 2.5 microns in diameter,000048b02dd3c6d5.ws-nxcore,waggle-aqt530-5511,-9999.9,000048b02dd3c6d5,registry.sagecontinuum.org/kaludib/waggle-aqt530:1.00,vaisala-aqt530,waggle-aqt530,microgram per cubic meter,W095,core,W095
2026-07-17 07:10:01.438265325+00:00,aqt.particle.pm2.5,4.8,5min,Particulate Matter less than 2.5 microns in diameter,000048b02dd3c6d5.ws-nxcore,waggle-aqt530-5511,-9999.9,000048b02dd3c6d5,registry.sagecontinuum.org/kaludib/waggle-aqt530:1.00,vaisala-aqt530,waggle-aqt530,microgram per cubic meter,W095,core,W095
2026-07-17 07:15:01.632408956+00:00,aqt.particle.pm2.5,4.8,5min,Particulate Matter less than 2.5 microns in diameter,000048b02dd3c6d5.ws-nxcore,waggle-aqt530-5511,-9999.9,000048b02dd3c6d5,registry.sagecontinuum.org/kaludib/waggle-aqt530:1.00,vaisala-aqt530,waggle-aqt530,microgram per cubic meter,W095,core,W095
2026-07-17 07:20:01.849469029+00:00,aqt.particle.pm2.5,4.3,5min,Particulate Matter less than 2.5 microns in diameter,000048b02dd3c6d5.ws-nxcore,waggle-aqt530-5511,-9999.9,000048b02dd3c6d5,registry.sagecontinuum.org/kaludib/waggle-aqt530:1.00,vaisala-aqt530,waggle-aqt530,microgram per cubic meter,W095,core,W095
2026-07-17 07:25:01.061666016+00:00,aqt.particle.pm2.5,4.7,5min,Particulate Matter less than 2.5 microns in diameter,000048b02dd3c6d5.ws-nxcore,waggle-aqt530-5511,-9999.9,000048b02dd3c6d5,registry.sagecontinuum.org/kaludib/waggle-aqt530:1.00,vaisala-aqt530,waggle-aqt530,microgram per cubic meter,W095,core,W095
2026-07-17 07:30:01.281484923+00:00,aqt.particle.pm2.5,4.8,5min,Particulate Matter less than 2.5 microns in diameter,000048b02dd3c6d5.ws-nxcore,waggle-aqt530-5511,-9999.9,000048b02dd3c6d5,registry.sagecontinuum.org/kaludib/waggle-aqt530:1.00,vaisala-aqt530,waggle-aqt530,microgram per cubic meter,W095,core,W095
2026-07-17 07:35:01.504231430+00:00,aqt.particle.pm2.5,3.0,5min,Particulate Matter less than 2.5 microns in diameter,000048b02dd3c6d5.ws-nxcore,waggle-aqt530-5511,-9999.9,000048b02dd3c6d5,registry.sagecontinuum.org/kaludib/waggle-aqt530:1.00,vaisala-aqt530,waggle-aqt530,microgram per cubic meter,W095,core,W095
2026-07-17 07:40:01.713831752+00:00,aqt.particle.pm2.5,6.5,5min,Particulate Matter less than 2.5 microns in diameter,000048b02dd3c6d5.ws-nxcore,waggle-aqt530-5511,-9999.9,000048b02dd3c6d5,registry.sagecontinuum.org/kaludib/waggle-aqt530:1.00,vaisala-aqt530,waggle-aqt530,microgram per cubic meter,W095,core,W095
2026-07-17 07:45:01.931674374+00:00,aqt.particle.pm2.5,7.4,5min,Particulate Matter less than 2.5 microns in diameter,000048b02dd3c6d5.ws-nxcore,waggle-aqt530-5511,-9999.9,000048b02dd3c6d5,registry.sagecontinuum.org/kaludib/waggle-aqt530:1.00,vaisala-aqt530,waggle-aqt530,microgram per cubic meter,W095,core,W095
2026-07-17 07:50:01.143988837+00:00,aqt.particle.pm2.5,5.1,5min,Particulate Matter less than 2.5 microns in diameter,000048b02dd3c6d5.ws-nxcore,waggle-aqt530-5511,-9999.9,000048b02dd3c6d5,registry.sagecontinuum.org/kaludib/waggle-aqt530:1.00,vaisala-aqt530,waggle-aqt530,microgram per cubic meter,W095,core,W095
2026-07-17 07:55:01.364282288+00:00,aqt.particle.pm2.5,6.1,5min,Particulate Matter less than 2.5 microns in diameter,000048b02dd3c6d5.ws-nxcore,waggle-aqt530-5511,-9999.9,000048b02dd3c6d5,registry.sagecontinuum.org/kaludib/waggle-aqt530:1.00,vaisala-aqt530,waggle-aqt530,microgram per cubic meter,W095,core,W095
2026-07-17 08:00:01.578603007+00:00,aqt.particle.pm2.5,3.8,5min,Particulate Matter less than 2.5 microns in diameter,000048b02dd3c6d5.ws-nxcore,waggle-aqt530-5511,-9999.9,000048b02dd3c6d5,registry.sagecontinuum.org/kaludib/waggle-aqt530:1.00,vaisala-aqt530,waggle-aqt530,microgram per cubic meter,W095,core,W095
2026-07-17 08:05:01.792694890+00:00,aqt.particle.pm2.5,7.1,5min,Particulate Matter less than 2.5 microns in diameter,000048b02dd3c6d5.ws-nxcore,waggle-aqt530-5511,-9999.9,000048b02dd3c6d5,registry.sagecontinuum.org/kaludib/waggle-aqt530:1.00,vaisala-aqt530,waggle-aqt530,microgram per cubic meter,W095,core,W095
2026-07-17 08:10:01.012787104+00:00,aqt.particle.pm2.5,0.7,5min,Particulate Matter less than 2.5 microns in diameter,000048b02dd3c6d5.ws-nxcore,waggle-aqt530-5511,-9999.9,000048b02dd3c6d5,registry.sagecontinuum.org/kaludib/waggle-aqt530:1.00,vaisala-aqt530,waggle-aqt530,microgram per cubic meter,W095,core,W095
2026-07-17 08:15:01.230814223+00:00,aqt.particle.pm2.5,0.7,5min,Particulate Matter less than 2.5 microns in diameter,000048b02dd3c6d5.ws-nxcore,waggle-aqt530-5511,-9999.9,000048b02dd3c6d5,registry.sagecontinuum.org/kaludib/waggle-aqt530:1.00,vaisala-aqt530,waggle-aqt530,microgram per cubic meter,W095,core,W095
2026-07-17 08:20:01.437643295+00:00,aqt.particle.pm2.5,0.8,5min,Particulate Matter less than 2.5 microns in diameter,000048b02dd3c6d5.ws-nxcore,waggle-aqt530-5511,-9999.9,000048b02dd3c6d5,registry.sagecontinuum.org/kaludib/waggle-aqt530:1.00,vaisala-aqt530,waggle-aqt530,microgram per cubic meter,W095,core,W095
2026-07-17 08:25:01.659007456+00:00,aqt.particle.pm2.5,0.8,5min,Particulate Matter less than 2.5 microns in diameter,000048b02dd3c6d5.ws-nxcore,waggle-aqt530-5511,-9999.9,000048b02dd3c6d5,registry.sagecontinuum.org/kaludib/waggle-aqt530:1.00,vaisala-aqt530,waggle-aqt530,microgram per cubic meter,W095,core,W095
2026-07-17 08:30:01.879510044+00:00,aqt.particle.pm2.5,2.7,5min,Particulate Matter less than 2.5 microns in diameter,000048b02dd3c6d5.ws-nxcore,waggle-aqt530-5511,-9999.9,000048b02dd3c6d5,registry.sagecontinuum.org/kaludib/waggle-aqt530:1.00,vaisala-aqt530,waggle-aqt530,microgram per cubic meter,W095,core,W095
2026-07-17 08:35:01.092172285+00:00,aqt.particle.pm2.5,4.9,5min,Particulate Matter less than 2.5 microns in diameter,000048b02dd3c6d5.ws-nxcore,waggle-aqt530-5511,-9999.9,000048b02dd3c6d5,registry.sagecontinuum.org/kaludib/waggle-aqt530:1.00,vaisala-aqt530,waggle-aqt530,microgram per cubic meter,W095,core,W095
2026-07-17 08:40:01.297540017+00:00,aqt.particle.pm2.5,4.8,5min,Particulate Matter less than 2.5 microns in diameter,000048b02dd3c6d5.ws-nxcore,waggle-aqt530-5511,-9999.9,000048b02dd3c6d5,registry.sagecontinuum.org/kaludib/waggle-aqt530:1.00,vaisala-aqt530,waggle-aqt530,microgram per cubic meter,W095,core,W095
2026-07-17 08:45:01.507487758+00:00,aqt.particle.pm2.5,9.1,5min,Particulate Matter less than 2.5 microns in diameter,000048b02dd3c6d5.ws-nxcore,waggle-aqt530-5511,-9999.9,000048b02dd3c6d5,registry.sagecontinuum.org/kaludib/waggle-aqt530:1.00,vaisala-aqt530,waggle-aqt530,microgram per cubic meter,W095,core,W095
2026-07-17 08:50:01.723979054+00:00,aqt.particle.pm2.5,6.1,5min,Particulate Matter less than 2.5 microns in diameter,000048b02dd3c6d5.ws-nxcore,waggle-aqt530-5511,-9999.9,000048b02dd3c6d5,registry.sagecontinuum.org/kaludib/waggle-aqt530:1.00,vaisala-aqt530,waggle-aqt530,microgram per cubic meter,W095,core,W095
2026-07-17 08:55:00.934885309+00:00,aqt.particle.pm2.5,2.4,5min,Particulate Matter less than 2.5 microns in diameter,000048b02dd3c6d5.ws-nxcore,waggle-aqt530-5511,-9999.9,000048b02dd3c6d5,registry.sagecontinuum.org/kaludib/waggle-aqt530:1.00,vaisala-aqt530,waggle-aqt530,microgram per cubic meter,W095,core,W095
2026-07-17 09:00:01.141405364+00:00,aqt.particle.pm2.5,8.4,5min,Particulate Matter less than 2.5 microns in diameter,000048b02dd3c6d5.ws-nxcore,waggle-aqt530-5511,-9999.9,000048b02dd3c6d5,registry.sagecontinuum.org/kaludib/waggle-aqt530:1.00,vaisala-aqt530,waggle-aqt530,microgram per cubic meter,W095,core,W095
2026-07-17 09:05:01.357603425+00:00,aqt.particle.pm2.5,4.1,5min,Particulate Matter less than 2.5 microns in diameter,000048b02dd3c6d5.ws-nxcore,waggle-aqt530-5511,-9999.9,000048b02dd3c6d5,registry.sagecontinuum.org/kaludib/waggle-aqt530:1.00,vaisala-aqt530,waggle-aqt530,microgram per cubic meter,W095,core,W095
2026-07-17 09:10:01.577304071+00:00,aqt.particle.pm2.5,4.1,5min,Particulate Matter less than 2.5 microns in diameter,000048b02dd3c6d5.ws-nxcore,waggle-aqt530-5511,-9999.9,000048b02dd3c6d5,registry.sagecontinuum.org/kaludib/waggle-aqt530:1.00,vaisala-aqt530,waggle-aqt530,microgram per cubic meter,W095,core,W095
2026-07-17 09:15:01.821203707+00:00,aqt.particle.pm2.5,4.5,5min,Particulate Matter less than 2.5 microns in diameter,000048b02dd3c6d5.ws-nxcore,waggle-aqt530-5511,-9999.9,000048b02dd3c6d5,registry.sagecontinuum.org/kaludib/waggle-aqt530:1.00,vaisala-aqt530,waggle-aqt530,microgram per cubic meter,W095,core,W095
2026-07-17 09:20:01.050828448+00:00,aqt.particle.pm2.5,5.9,5min,Particulate Matter less than 2.5 microns in diameter,000048b02dd3c6d5.ws-nxcore,waggle-aqt530-5511,-9999.9,000048b02dd3c6d5,registry.sagecontinuum.org/kaludib/waggle-aqt530:1.00,vaisala-aqt530,waggle-aqt530,microgram per cubic meter,W095,core,W095
2026-07-17 09:25:01.268412848+00:00,aqt.particle.pm2.5,1.2,5min,Particulate Matter less than 2.5 microns in diameter,000048b02dd3c6d5.ws-nxcore,waggle-aqt530-5511,-9999.9,000048b02dd3c6d5,registry.sagecontinuum.org/kaludib/waggle-aqt530:1.00,vaisala-aqt530,waggle-aqt530,microgram per cubic meter,W095,core,W095
2026-07-17 09:30:01.497793158+00:00,aqt.particle.pm2.5,0.9,5min,Particulate Matter less than 2.5 microns in diameter,000048b02dd3c6d5.ws-nxcore,waggle-aqt530-5511,-9999.9,000048b02dd3c6d5,registry.sagecontinuum.org/kaludib/waggle-aqt530:1.00,vaisala-aqt530,waggle-aqt530,microgram per cubic meter,W095,core,W095
2026-07-17 09:35:01.721717800+00:00,aqt.particle.pm2.5,0.8,5min,Particulate Matter less than 2.5 microns in diameter,000048b02dd3c6d5.ws-nxcore,waggle-aqt530-5511,-9999.9,000048b02dd3c6d5,registry.sagecontinuum.org/kaludib/waggle-aqt530:1.00,vaisala-aqt530,waggle-aqt530,microgram per cubic meter,W095,core,W095
2026-07-17 09:40:01.931904032+00:00,aqt.particle.pm2.5,0.8,5min,Particulate Matter less than 2.5 microns in diameter,000048b02dd3c6d5.ws-nxcore,waggle-aqt530-5511,-9999.9,000048b02dd3c6d5,registry.sagecontinuum.org/kaludib/waggle-aqt530:1.00,vaisala-aqt530,waggle-aqt530,microgram per cubic meter,W095,core,W095
2026-07-17 09:45:01.143521957+00:00,aqt.particle.pm2.5,0.9,5min,Particulate Matter less than 2.5 microns in diameter,000048b02dd3c6d5.ws-nxcore,waggle-aqt530-5511,-9999.9,000048b02dd3c6d5,registry.sagecontinuum.org/kaludib/waggle-aqt530:1.00,vaisala-aqt530,waggle-aqt530,microgram per cubic meter,W095,core,W095
2026-07-17 09:50:01.369649929+00:00,aqt.particle.pm2.5,0.7,5min,Particulate Matter less than 2.5 microns in diameter,000048b02dd3c6d5.ws-nxcore,waggle-aqt530-5511,-9999.9,000048b02dd3c6d5,registry.sagecontinuum.org/kaludib/waggle-aqt530:1.00,vaisala-aqt530,waggle-aqt530,microgram per cubic meter,W095,core,W095
2026-07-17 09:55:01.523400209+00:00,aqt.particle.pm2.5,0.0,5min,Particulate Matter less than 2.5 microns in diameter,000048b02dd3c6d5.ws-nxcore,waggle-aqt530-5511,-9999.9,000048b02dd3c6d5,registry.sagecontinuum.org/kaludib/waggle-aqt530:1.00,vaisala-aqt530,waggle-aqt530,microgram per cubic meter,W095,core,W095
2026-07-17 10:00:01.712545328+00:00,aqt.particle.pm2.5,0.4,5min,Particulate Matter less than 2.5 microns in diameter,000048b02dd3c6d5.ws-nxcore,waggle-aqt530-5511,-9999.9,000048b02dd3c6d5,registry.sagecontinuum.org/kaludib/waggle-aqt530:1.00,vaisala-aqt530,waggle-aqt530,microgram per cubic meter,W095,core,W095
2026-07-17 10:05:00.916042027+00:00,aqt.particle.pm2.5,0.2,5min,Particulate Matter less than 2.5 microns in diameter,000048b02dd3c6d5.ws-nxcore,waggle-aqt530-5511,-9999.9,000048b02dd3c6d5,registry.sagecontinuum.org/kaludib/waggle-aqt530:1.00,vaisala-aqt530,waggle-aqt530,microgram per cubic meter,W095,core,W095
2026-07-17 10:10:01.128763322+00:00,aqt.particle.pm2.5,0.2,5min,Particulate Matter less than 2.5 microns in diameter,000048b02dd3c6d5.ws-nxcore,waggle-aqt530-5511,-9999.9,000048b02dd3c6d5,registry.sagecontinuum.org/kaludib/waggle-aqt530:1.00,vaisala-aqt530,waggle-aqt530,microgram per cubic meter,W095,core,W095
2026-07-17 10:15:01.340764406+00:00,aqt.particle.pm2.5,0.1,5min,Particulate Matter less than 2.5 microns in diameter,000048b02dd3c6d5.ws-nxcore,waggle-aqt530-5511,-9999.9,000048b02dd3c6d5,registry.sagecontinuum.org/kaludib/waggle-aqt530:1.00,vaisala-aqt530,waggle-aqt530,microgram per cubic meter,W095,core,W095
2026-07-17 10:20:01.551317284+00:00,aqt.particle.pm2.5,0.1,5min,Particulate Matter less than 2.5 microns in diameter,000048b02dd3c6d5.ws-nxcore,waggle-aqt530-5511,-9999.9,000048b02dd3c6d5,registry.sagecontinuum.org/kaludib/waggle-aqt530:1.00,vaisala-aqt530,waggle-aqt530,microgram per cubic meter,W095,core,W095
2026-07-17 10:25:01.783284854+00:00,aqt.particle.pm2.5,0.1,5min,Particulate Matter less than 2.5 microns in diameter,000048b02dd3c6d5.ws-nxcore,waggle-aqt530-5511,-9999.9,000048b02dd3c6d5,registry.sagecontinuum.org/kaludib/waggle-aqt530:1.00,vaisala-aqt530,waggle-aqt530,microgram per cubic meter,W095,core,W095
2026-07-17 10:30:01.007469407+00:00,aqt.particle.pm2.5,0.2,5min,Particulate Matter less than 2.5 microns in diameter,000048b02dd3c6d5.ws-nxcore,waggle-aqt530-5511,-9999.9,000048b02dd3c6d5,registry.sagecontinuum.org/kaludib/waggle-aqt530:1.00,vaisala-aqt530,waggle-aqt530,microgram per cubic meter,W095,core,W095
2026-07-17 10:35:01.229321330+00:00,aqt.particle.pm2.5,0.3,5min,Particulate Matter less than 2.5 microns in diameter,000048b02dd3c6d5.ws-nxcore,waggle-aqt530-5511,-9999.9,000048b02dd3c6d5,registry.sagecontinuum.org/kaludib/waggle-aqt530:1.00,vaisala-aqt530,waggle-aqt530,microgram per cubic meter,W095,core,W095
2026-07-17 10:40:01.451007419+00:00,aqt.particle.pm2.5,0.2,5min,Particulate Matter less than 2.5 microns in diameter,000048b02dd3c6d5.ws-nxcore,waggle-aqt530-5511,-9999.9,000048b02dd3c6d5,registry.sagecontinuum.org/kaludib/waggle-aqt530:1.00,vaisala-aqt530,waggle-aqt530,microgram per cubic meter,W095,core,W095
2026-07-17 10:45:01.656555256+00:00,aqt.particle.pm2.5,1.0,5min,Particulate Matter less than 2.5 microns in diameter,000048b02dd3c6d5.ws-nxcore,waggle-aqt530-5511,-9999.9,000048b02dd3c6d5,registry.sagecontinuum.org/kaludib/waggle-aqt530:1.00,vaisala-aqt530,waggle-aqt530,microgram per cubic meter,W095,core,W095
2026-07-17 10:50:00.868591678+00:00,aqt.particle.pm2.5,1.4,5min,Particulate Matter less than 2.5 microns in diameter,000048b02dd3c6d5.ws-nxcore,waggle-aqt530-5511,-9999.9,000048b02dd3c6d5,registry.sagecontinuum.org/kaludib/waggle-aqt530:1.00,vaisala-aqt530,waggle-aqt530,microgram per cubic meter,W095,core,W095
2026-07-17 10:55:01.084654779+00:00,aqt.particle.pm2.5,1.3,5min,Particulate Matter less than 2.5 microns in diameter,000048b02dd3c6d5.ws-nxcore,waggle-aqt530-5511,-9999.9,000048b02dd3c6d5,registry.sagecontinuum.org/kaludib/waggle-aqt530:1.00,vaisala-aqt530,waggle-aqt530,microgram per cubic meter,W095,core,W095
2026-07-17 11:00:01.298688301+00:00,aqt.particle.pm2.5,1.2,5min,Particulate Matter less than 2.5 microns in diameter,000048b02dd3c6d5.ws-nxcore,waggle-aqt530-5511,-9999.9,000048b02dd3c6d5,registry.sagecontinuum.org/kaludib/waggle-aqt530:1.00,vaisala-aqt530,waggle-aqt530,microgram per cubic meter,W095,core,W095
2026-07-17 11:05:01.500993055+00:00,aqt.particle.pm2.5,1.4,5min,Particulate Matter less than 2.5 microns in diameter,000048b02dd3c6d5.ws-nxcore,waggle-aqt530-5511,-9999.9,000048b02dd3c6d5,registry.sagecontinuum.org/kaludib/waggle-aqt530:1.00,vaisala-aqt530,waggle-aqt530,microgram per cubic meter,W095,core,W095
2026-07-17 11:10:01.727167723+00:00,aqt.particle.pm2.5,1.3,5min,Particulate Matter less than 2.5 microns in diameter,000048b02dd3c6d5.ws-nxcore,waggle-aqt530-5511,-9999.9,000048b02dd3c6d5,registry.sagecontinuum.org/kaludib/waggle-aqt530:1.00,vaisala-aqt530,waggle-aqt530,microgram per cubic meter,W095,core,W095
2026-07-17 11:15:00.927925692+00:00,aqt.particle.pm2.5,1.4,5min,Particulate Matter less than 2.5 microns in diameter,000048b02dd3c6d5.ws-nxcore,waggle-aqt530-5511,-9999.9,000048b02dd3c6d5,registry.sagecontinuum.org/kaludib/waggle-aqt530:1.00,vaisala-aqt530,waggle-aqt530,microgram per cubic meter,W095,core,W095
2026-07-17 11:20:01.146362618+00:00,aqt.particle.pm2.5,1.6,5min,Particulate Matter less than 2.5 microns in diameter,000048b02dd3c6d5.ws-nxcore,waggle-aqt530-5511,-9999.9,000048b02dd3c6d5,registry.sagecontinuum.org/kaludib/waggle-aqt530:1.00,vaisala-aqt530,waggle-aqt530,microgram per cubic meter,W095,core,W095
2026-07-17 11:25:01.346893291+00:00,aqt.particle.pm2.5,1.5,5min,Particulate Matter less than 2.5 microns in diameter,000048b02dd3c6d5.ws-nxcore,waggle-aqt530-5511,-9999.9,000048b02dd3c6d5,registry.sagecontinuum.org/kaludib/waggle-aqt530:1.00,vaisala-aqt530,waggle-aqt530,microgram per cubic meter,W095,core,W095
2026-07-17 11:30:01.584379999+00:00,aqt.particle.pm2.5,2.1,5min,Particulate Matter less than 2.5 microns in diameter,000048b02dd3c6d5.ws-nxcore,waggle-aqt530-5511,-9999.9,000048b02dd3c6d5,registry.sagecontinuum.org/kaludib/waggle-aqt530:1.00,vaisala-aqt530,waggle-aqt530,microgram per cubic meter,W095,core,W095
2026-07-17 11:35:00.809415874+00:00,aqt.particle.pm2.5,2.1,5min,Particulate Matter less than 2.5 microns in diameter,000048b02dd3c6d5.ws-nxcore,waggle-aqt530-5511,-9999.9,000048b02dd3c6d5,registry.sagecontinuum.org/kaludib/waggle-aqt530:1.00,vaisala-aqt530,waggle-aqt530,microgram per cubic meter,W095,core,W095
2026-07-17 11:40:01.043561585+00:00,aqt.particle.pm2.5,0.8,5min,Particulate Matter less than 2.5 microns in diameter,000048b02dd3c6d5.ws-nxcore,waggle-aqt530-5511,-9999.9,000048b02dd3c6d5,registry.sagecontinuum.org/kaludib/waggle-aqt530:1.00,vaisala-aqt530,waggle-aqt530,microgram per cubic meter,W095,core,W095
2026-07-17 11:45:01.250636485+00:00,aqt.particle.pm2.5,0.1,5min,Particulate Matter less than 2.5 microns in diameter,000048b02dd3c6d5.ws-nxcore,waggle-aqt530-5511,-9999.9,000048b02dd3c6d5,registry.sagecontinuum.org/kaludib/waggle-aqt530:1.00,vaisala-aqt530,waggle-aqt530,microgram per cubic meter,W095,core,W095
2026-07-17 11:50:01.474325562+00:00,aqt.particle.pm2.5,0.2,5min,Particulate Matter less than 2.5 microns in diameter,000048b02dd3c6d5.ws-nxcore,waggle-aqt530-5511,-9999.9,000048b02dd3c6d5,registry.sagecontinuum.org/kaludib/waggle-aqt530:1.00,vaisala-aqt530,waggle-aqt530,microgram per cubic meter,W095,core,W095
2026-07-17 11:55:01.697263960+00:00,aqt.particle.pm2.5,0.0,5min,Particulate Matter less than 2.5 microns in diameter,000048b02dd3c6d5.ws-nxcore,waggle-aqt530-5511,-9999.9,000048b02dd3c6d5,registry.sagecontinuum.org/kaludib/waggle-aqt530:1.00,vaisala-aqt530,waggle-aqt530,microgram per cubic meter,W095,core,W095
2026-07-17 12:00:00.915370470+00:00,aqt.particle.pm2.5,0.0,5min,Particulate Matter less than 2.5 microns in diameter,000048b02dd3c6d5.ws-nxcore,waggle-aqt530-5511,-9999.9,000048b02dd3c6d5,registry.sagecontinuum.org/kaludib/waggle-aqt530:1.00,vaisala-aqt530,waggle-aqt530,microgram per cubic meter,W095,core,W095
2026-07-17 12:05:01.149641689+00:00,aqt.particle.pm2.5,0.4,5min,Particulate Matter less than 2.5 microns in diameter,000048b02dd3c6d5.ws-nxcore,waggle-aqt530-5511,-9999.9,000048b02dd3c6d5,registry.sagecontinuum.org/kaludib/waggle-aqt530:1.00,vaisala-aqt530,waggle-aqt530,microgram per cubic meter,W095,core,W095
2026-07-17 12:10:01.375990578+00:00,aqt.particle.pm2.5,0.5,5min,Particulate Matter less than 2.5 microns in diameter,000048b02dd3c6d5.ws-nxcore,waggle-aqt530-5511,-9999.9,000048b02dd3c6d5,registry.sagecontinuum.org/kaludib/waggle-aqt530:1.00,vaisala-aqt530,waggle-aqt530,microgram per cubic meter,W095,core,W095
2026-07-17 12:15:01.603364484+00:00,aqt.particle.pm2.5,0.5,5min,Particulate Matter less than 2.5 microns in diameter,000048b02dd3c6d5.ws-nxcore,waggle-aqt530-5511,-9999.9,000048b02dd3c6d5,registry.sagecontinuum.org/kaludib/waggle-aqt530:1.00,vaisala-aqt530,waggle-aqt530,microgram per cubic meter,W095,core,W095
2026-07-17 12:20:01.831397853+00:00,aqt.particle.pm2.5,0.6,5min,Particulate Matter less than 2.5 microns in diameter,000048b02dd3c6d5.ws-nxcore,waggle-aqt530-5511,-9999.9,000048b02dd3c6d5,registry.sagecontinuum.org/kaludib/waggle-aqt530:1.00,vaisala-aqt530,waggle-aqt530,microgram per cubic meter,W095,core,W095
2026-07-17 12:25:01.051636104+00:00,aqt.particle.pm2.5,1.2,5min,Particulate Matter less than 2.5 microns in diameter,000048b02dd3c6d5.ws-nxcore,waggle-aqt530-5511,-9999.9,000048b02dd3c6d5,registry.sagecontinuum.org/kaludib/waggle-aqt530:1.00,vaisala-aqt530,waggle-aqt530,microgram per cubic meter,W095,core,W095
2026-07-17 12:30:01.273147030+00:00,aqt.particle.pm2.5,0.8,5min,Particulate Matter less than 2.5 microns in diameter,000048b02dd3c6d5.ws-nxcore,waggle-aqt530-5511,-9999.9,000048b02dd3c6d5,registry.sagecontinuum.org/kaludib/waggle-aqt530:1.00,vaisala-aqt530,waggle-aqt530,microgram per cubic meter,W095,core,W095
2026-07-17 12:35:01.490005923+00:00,aqt.particle.pm2.5,0.5,5min,Particulate Matter less than 2.5 microns in diameter,000048b02dd3c6d5.ws-nxcore,waggle-aqt530-5511,-9999.9,000048b02dd3c6d5,registry.sagecontinuum.org/kaludib/waggle-aqt530:1.00,vaisala-aqt530,waggle-aqt530,microgram per cubic meter,W095,core,W095
2026-07-17 12:40:01.660784086+00:00,aqt.particle.pm2.5,0.2,5min,Particulate Matter less than 2.5 microns in diameter,000048b02dd3c6d5.ws-nxcore,waggle-aqt530-5511,-9999.9,000048b02dd3c6d5,registry.sagecontinuum.org/kaludib/waggle-aqt530:1.00,vaisala-aqt530,waggle-aqt530,microgram per cubic meter,W095,core,W095
2026-07-17 12:45:00.842176928+00:00,aqt.particle.pm2.5,0.2,5min,Particulate Matter less than 2.5 microns in diameter,000048b02dd3c6d5.ws-nxcore,waggle-aqt530-5511,-9999.9,000048b02dd3c6d5,registry.sagecontinuum.org/kaludib/waggle-aqt530:1.00,vaisala-aqt530,waggle-aqt530,microgram per cubic meter,W095,core,W095
2026-07-17 12:50:01.028308028+00:00,aqt.particle.pm2.5,0.0,5min,Particulate Matter less than 2.5 microns in diameter,000048b02dd3c6d5.ws-nxcore,waggle-aqt530-5511,-9999.9,000048b02dd3c6d5,registry.sagecontinuum.org/kaludib/waggle-aqt530:1.00,vaisala-aqt530,waggle-aqt530,microgram per cubic meter,W095,core,W095
2026-07-17 12:55:01.236833780+00:00,aqt.particle.pm2.5,0.0,5min,Particulate Matter less than 2.5 microns in diameter,000048b02dd3c6d5.ws-nxcore,waggle-aqt530-5511,-9999.9,000048b02dd3c6d5,registry.sagecontinuum.org/kaludib/waggle-aqt530:1.00,vaisala-aqt530,waggle-aqt530,microgram per cubic meter,W095,core,W095
2026-07-17 13:00:01.449149345+00:00,aqt.particle.pm2.5,0.6,5min,Particulate Matter less than 2.5 microns in diameter,000048b02dd3c6d5.ws-nxcore,waggle-aqt530-5511,-9999.9,000048b02dd3c6d5,registry.sagecontinuum.org/kaludib/waggle-aqt530:1.00,vaisala-aqt530,waggle-aqt530,microgram per cubic meter,W095,core,W095
2026-07-17 13:05:01.650643796+00:00,aqt.particle.pm2.5,0.4,5min,Particulate Matter less than 2.5 microns in diameter,000048b02dd3c6d5.ws-nxcore,waggle-aqt530-5511,-9999.9,000048b02dd3c6d5,registry.sagecontinuum.org/kaludib/waggle-aqt530:1.00,vaisala-aqt530,waggle-aqt530,microgram per cubic meter,W095,core,W095
2026-07-17 13:10:00.861941862+00:00,aqt.particle.pm2.5,0.4,5min,Particulate Matter less than 2.5 microns in diameter,000048b02dd3c6d5.ws-nxcore,waggle-aqt530-5511,-9999.9,000048b02dd3c6d5,registry.sagecontinuum.org/kaludib/waggle-aqt530:1.00,vaisala-aqt530,waggle-aqt530,microgram per cubic meter,W095,core,W095
2026-07-17 13:15:01.087826843+00:00,aqt.particle.pm2.5,0.6,5min,Particulate Matter less than 2.5 microns in diameter,000048b02dd3c6d5.ws-nxcore,waggle-aqt530-5511,-9999.9,000048b02dd3c6d5,registry.sagecontinuum.org/kaludib/waggle-aqt530:1.00,vaisala-aqt530,waggle-aqt530,microgram per cubic meter,W095,core,W095
2026-07-17 13:20:01.316110477+00:00,aqt.particle.pm2.5,2.1,5min,Particulate Matter less than 2.5 microns in diameter,000048b02dd3c6d5.ws-nxcore,waggle-aqt530-5511,-9999.9,000048b02dd3c6d5,registry.sagecontinuum.org/kaludib/waggle-aqt530:1.00,vaisala-aqt530,waggle-aqt530,microgram per cubic meter,W095,core,W095
2026-07-17 13:25:01.519503979+00:00,aqt.particle.pm2.5,4.8,5min,Particulate Matter less than 2.5 microns in diameter,000048b02dd3c6d5.ws-nxcore,waggle-aqt530-5511,-9999.9,000048b02dd3c6d5,registry.sagecontinuum.org/kaludib/waggle-aqt530:1.00,vaisala-aqt530,waggle-aqt530,microgram per cubic meter,W095,core,W095
2026-07-17 13:30:00.732674993+00:00,aqt.particle.pm2.5,2.6,5min,Particulate Matter less than 2.5 microns in diameter,000048b02dd3c6d5.ws-nxcore,waggle-aqt530-5511,-9999.9,000048b02dd3c6d5,registry.sagecontinuum.org/kaludib/waggle-aqt530:1.00,vaisala-aqt530,waggle-aqt530,microgram per cubic meter,W095,core,W095
2026-07-17 13:35:00.957856783+00:00,aqt.particle.pm2.5,2.3,5min,Particulate Matter less than 2.5 microns in diameter,000048b02dd3c6d5.ws-nxcore,waggle-aqt530-5511,-9999.9,000048b02dd3c6d5,registry.sagecontinuum.org/kaludib/waggle-aqt530:1.00,vaisala-aqt530,waggle-aqt530,microgram per cubic meter,W095,core,W095
2026-07-17 13:40:01.174112167+00:00,aqt.particle.pm2.5,4.5,5min,Particulate Matter less than 2.5 microns in diameter,000048b02dd3c6d5.ws-nxcore,waggle-aqt530-5511,-9999.9,000048b02dd3c6d5,registry.sagecontinuum.org/kaludib/waggle-aqt530:1.00,vaisala-aqt530,waggle-aqt530,microgram per cubic meter,W095,core,W095
2026-07-17 13:45:01.390482380+00:00,aqt.particle.pm2.5,1.7,5min,Particulate Matter less than 2.5 microns in diameter,000048b02dd3c6d5.ws-nxcore,waggle-aqt530-5511,-9999.9,000048b02dd3c6d5,registry.sagecontinuum.org/kaludib/waggle-aqt530:1.00,vaisala-aqt530,waggle-aqt530,microgram per cubic meter,W095,core,W095
2026-07-17 13:50:01.644712599+00:00,aqt.particle.pm2.5,2.5,5min,Particulate Matter less than 2.5 microns in diameter,000048b02dd3c6d5.ws-nxcore,waggle-aqt530-5511,-9999.9,000048b02dd3c6d5,registry.sagecontinuum.org/kaludib/waggle-aqt530:1.00,vaisala-aqt530,waggle-aqt530,microgram per cubic meter,W095,core,W095
2026-07-17 13:55:00.877346937+00:00,aqt.particle.pm2.5,2.6,5min,Particulate Matter less than 2.5 microns in diameter,000048b02dd3c6d5.ws-nxcore,waggle-aqt530-5511,-9999.9,000048b02dd3c6d5,registry.sagecontinuum.org/kaludib/waggle-aqt530:1.00,vaisala-aqt530,waggle-aqt530,microgram per cubic meter,W095,core,W095
2026-07-17 14:00:01.109613749+00:00,aqt.particle.pm2.5,1.1,5min,Particulate Matter less than 2.5 microns in diameter,000048b02dd3c6d5.ws-nxcore,waggle-aqt530-5511,-9999.9,000048b02dd3c6d5,registry.sagecontinuum.org/kaludib/waggle-aqt530:1.00,vaisala-aqt530,waggle-aqt530,microgram per cubic meter,W095,core,W095
2026-07-17 14:05:01.324935713+00:00,aqt.particle.pm2.5,1.9,5min,Particulate Matter less than 2.5 microns in diameter,000048b02dd3c6d5.ws-nxcore,waggle-aqt530-5511,-9999.9,000048b02dd3c6d5,registry.sagecontinuum.org/kaludib/waggle-aqt530:1.00,vaisala-aqt530,waggle-aqt530,microgram per cubic meter,W095,core,W095
2026-07-17 14:10:01.558396631+00:00,aqt.particle.pm2.5,3.4,5min,Particulate Matter less than 2.5 microns in diameter,000048b02dd3c6d5.ws-nxcore,waggle-aqt530-5511,-9999.9,000048b02dd3c6d5,registry.sagecontinuum.org/kaludib/waggle-aqt530:1.00,vaisala-aqt530,waggle-aqt530,microgram per cubic meter,W095,core,W095
2026-07-17 14:15:01.777654166+00:00,aqt.particle.pm2.5,1.4,5min,Particulate Matter less than 2.5 microns in diameter,000048b02dd3c6d5.ws-nxcore,waggle-aqt530-5511,-9999.9,000048b02dd3c6d5,registry.sagecontinuum.org/kaludib/waggle-aqt530:1.00,vaisala-aqt530,waggle-aqt530,microgram per cubic meter,W095,core,W095
2026-07-17 14:20:00.978691925+00:00,aqt.particle.pm2.5,1.2,5min,Particulate Matter less than 2.5 microns in diameter,000048b02dd3c6d5.ws-nxcore,waggle-aqt530-5511,-9999.9,000048b02dd3c6d5,registry.sagecontinuum.org/kaludib/waggle-aqt530:1.00,vaisala-aqt530,waggle-aqt530,microgram per cubic meter,W095,core,W095
2026-07-17 14:25:01.173791663+00:00,aqt.particle.pm2.5,1.3,5min,Particulate Matter less than 2.5 microns in diameter,000048b02dd3c6d5.ws-nxcore,waggle-aqt530-5511,-9999.9,000048b02dd3c6d5,registry.sagecontinuum.org/kaludib/waggle-aqt530:1.00,vaisala-aqt530,waggle-aqt530,microgram per cubic meter,W095,core,W095
2026-07-17 14:30:01.369402459+00:00,aqt.particle.pm2.5,0.7,5min,Particulate Matter less than 2.5 microns in diameter,000048b02dd3c6d5.ws-nxcore,waggle-aqt530-5511,-9999.9,000048b02dd3c6d5,registry.sagecontinuum.org/kaludib/waggle-aqt530:1.00,vaisala-aqt530,waggle-aqt530,microgram per cubic meter,W095,core,W095
2026-07-17 14:35:01.567979208+00:00,aqt.particle.pm2.5,4.0,5min,Particulate Matter less than 2.5 microns in diameter,000048b02dd3c6d5.ws-nxcore,waggle-aqt530-5511,-9999.9,000048b02dd3c6d5,registry.sagecontinuum.org/kaludib/waggle-aqt530:1.00,vaisala-aqt530,waggle-aqt530,microgram per cubic meter,W095,core,W095
2026-07-17 14:40:00.786002688+00:00,aqt.particle.pm2.5,3.5,5min,Particulate Matter less than 2.5 microns in diameter,000048b02dd3c6d5.ws-nxcore,waggle-aqt530-5511,-9999.9,000048b02dd3c6d5,registry.sagecontinuum.org/kaludib/waggle-aqt530:1.00,vaisala-aqt530,waggle-aqt530,microgram per cubic meter,W095,core,W095
2026-07-17 14:45:00.993563565+00:00,aqt.particle.pm2.5,3.7,5min,Particulate Matter less than 2.5 microns in diameter,000048b02dd3c6d5.ws-nxcore,waggle-aqt530-5511,-9999.9,000048b02dd3c6d5,registry.sagecontinuum.org/kaludib/waggle-aqt530:1.00,vaisala-aqt530,waggle-aqt530,microgram per cubic meter,W095,core,W095
2026-07-17 14:50:01.214870888+00:00,aqt.particle.pm2.5,4.7,5min,Particulate Matter less than 2.5 microns in diameter,000048b02dd3c6d5.ws-nxcore,waggle-aqt530-5511,-9999.9,000048b02dd3c6d5,registry.sagecontinuum.org/kaludib/waggle-aqt530:1.00,vaisala-aqt530,waggle-aqt530,microgram per cubic meter,W095,core,W095
2026-07-17 14:55:01.403426979+00:00,aqt.particle.pm2.5,3.7,5min,Particulate Matter less than 2.5 microns in diameter,000048b02dd3c6d5.ws-nxcore,waggle-aqt530-5511,-9999.9,000048b02dd3c6d5,registry.sagecontinuum.org/kaludib/waggle-aqt530:1.00,vaisala-aqt530,waggle-aqt530,microgram per cubic meter,W095,core,W095
2026-07-17 15:00:01.627281371+00:00,aqt.particle.pm2.5,3.8,5min,Particulate Matter less than 2.5 microns in diameter,000048b02dd3c6d5.ws-nxcore,waggle-aqt530-5511,-9999.9,000048b02dd3c6d5,registry.sagecontinuum.org/kaludib/waggle-aqt530:1.00,vaisala-aqt530,waggle-aqt530,microgram per cubic meter,W095,core,W095
2026-07-17 15:05:00.824665868+00:00,aqt.particle.pm2.5,4.0,5min,Particulate Matter less than 2.5 microns in diameter,000048b02dd3c6d5.ws-nxcore,waggle-aqt530-5511,-9999.9,000048b02dd3c6d5,registry.sagecontinuum.org/kaludib/waggle-aqt530:1.00,vaisala-aqt530,waggle-aqt530,microgram per cubic meter,W095,core,W095
2026-07-17 15:10:01.041057316+00:00,aqt.particle.pm2.5,5.0,5min,Particulate Matter less than 2.5 microns in diameter,000048b02dd3c6d5.ws-nxcore,waggle-aqt530-5511,-9999.9,000048b02dd3c6d5,registry.sagecontinuum.org/kaludib/waggle-aqt530:1.00,vaisala-aqt530,waggle-aqt530,microgram per cubic meter,W095,core,W095
2026-07-17 15:15:01.255557645+00:00,aqt.particle.pm2.5,6.5,5min,Particulate Matter less than 2.5 microns in diameter,000048b02dd3c6d5.ws-nxcore,waggle-aqt530-5511,-9999.9,000048b02dd3c6d5,registry.sagecontinuum.org/kaludib/waggle-aqt530:1.00,vaisala-aqt530,waggle-aqt530,microgram per cubic meter,W095,core,W095
2026-07-17 15:20:01.459581868+00:00,aqt.particle.pm2.5,3.9,5min,Particulate Matter less than 2.5 microns in diameter,000048b02dd3c6d5.ws-nxcore,waggle-aqt530-5511,-9999.9,000048b02dd3c6d5,registry.sagecontinuum.org/kaludib/waggle-aqt530:1.00,vaisala-aqt530,waggle-aqt530,microgram per cubic meter,W095,core,W095
2026-07-17 15:25:00.704591134+00:00,aqt.particle.pm2.5,1.2,5min,Particulate Matter less than 2.5 microns in diameter,000048b02dd3c6d5.ws-nxcore,waggle-aqt530-5511,-9999.9,000048b02dd3c6d5,registry.sagecontinuum.org/kaludib/waggle-aqt530:1.00,vaisala-aqt530,waggle-aqt530,microgram per cubic meter,W095,core,W095
2026-07-17 15:30:00.885949336+00:00,aqt.particle.pm2.5,1.1,5min,Particulate Matter less than 2.5 microns in diameter,000048b02dd3c6d5.ws-nxcore,waggle-aqt530-5511,-9999.9,000048b02dd3c6d5,registry.sagecontinuum.org/kaludib/waggle-aqt530:1.00,vaisala-aqt530,waggle-aqt530,microgram per cubic meter,W095,core,W095
2026-07-17 15:35:01.100986106+00:00,aqt.particle.pm2.5,1.2,5min,Particulate Matter less than 2.5 microns in diameter,000048b02dd3c6d5.ws-nxcore,waggle-aqt530-5511,-9999.9,000048b02dd3c6d5,registry.sagecontinuum.org/kaludib/waggle-aqt530:1.00,vaisala-aqt530,waggle-aqt530,microgram per cubic meter,W095,core,W095
2026-07-17 15:40:01.308528612+00:00,aqt.particle.pm2.5,0.4,5min,Particulate Matter less than 2.5 microns in diameter,000048b02dd3c6d5.ws-nxcore,waggle-aqt530-5511,-9999.9,000048b02dd3c6d5,registry.sagecontinuum.org/kaludib/waggle-aqt530:1.00,vaisala-aqt530,waggle-aqt530,microgram per cubic meter,W095,core,W095
2026-07-17 15:45:01.529154219+00:00,aqt.particle.pm2.5,10.7,5min,Particulate Matter less than 2.5 microns in diameter,000048b02dd3c6d5.ws-nxcore,waggle-aqt530-5511,-9999.9,000048b02dd3c6d5,registry.sagecontinuum.org/kaludib/waggle-aqt530:1.00,vaisala-aqt530,waggle-aqt530,microgram per cubic meter,W095,core,W095
2026-07-17 15:50:00.754065547+00:00,aqt.particle.pm2.5,0.7,5min,Particulate Matter less than 2.5 microns in diameter,000048b02dd3c6d5.ws-nxcore,waggle-aqt530-5511,-9999.9,000048b02dd3c6d5,registry.sagecontinuum.org/kaludib/waggle-aqt530:1.00,vaisala-aqt530,waggle-aqt530,microgram per cubic meter,W095,core,W095
2026-07-17 15:55:00.981083392+00:00,aqt.particle.pm2.5,0.6,5min,Particulate Matter less than 2.5 microns in diameter,000048b02dd3c6d5.ws-nxcore,waggle-aqt530-5511,-9999.9,000048b02dd3c6d5,registry.sagecontinuum.org/kaludib/waggle-aqt530:1.00,vaisala-aqt530,waggle-aqt530,microgram per cubic meter,W095,core,W095
2026-07-17 16:00:01.191732078+00:00,aqt.particle.pm2.5,1.3,5min,Particulate Matter less than 2.5 microns in diameter,000048b02dd3c6d5.ws-nxcore,waggle-aqt530-5511,-9999.9,000048b02dd3c6d5,registry.sagecontinuum.org/kaludib/waggle-aqt530:1.00,vaisala-aqt530,waggle-aqt530,microgram per cubic meter,W095,core,W095
2026-07-17 16:05:01.414043058+00:00,aqt.particle.pm2.5,5.8,5min,Particulate Matter less than 2.5 microns in diameter,000048b02dd3c6d5.ws-nxcore,waggle-aqt530-5511,-9999.9,000048b02dd3c6d5,registry.sagecontinuum.org/kaludib/waggle-aqt530:1.00,vaisala-aqt530,waggle-aqt530,microgram per cubic meter,W095,core,W095
2026-07-17 16:10:01.622827749+00:00,aqt.particle.pm2.5,6.1,5min,Particulate Matter less than 2.5 microns in diameter,000048b02dd3c6d5.ws-nxcore,waggle-aqt530-5511,-9999.9,000048b02dd3c6d5,registry.sagecontinuum.org/kaludib/waggle-aqt530:1.00,vaisala-aqt530,waggle-aqt530,microgram per cubic meter,W095,core,W095
2026-07-17 16:15:00.849889826+00:00,aqt.particle.pm2.5,1.0,5min,Particulate Matter less than 2.5 microns in diameter,000048b02dd3c6d5.ws-nxcore,waggle-aqt530-5511,-9999.9,000048b02dd3c6d5,registry.sagecontinuum.org/kaludib/waggle-aqt530:1.00,vaisala-aqt530,waggle-aqt530,microgram per cubic meter,W095,core,W095
2026-07-17 16:20:01.056723957+00:00,aqt.particle.pm2.5,0.8,5min,Particulate Matter less than 2.5 microns in diameter,000048b02dd3c6d5.ws-nxcore,waggle-aqt530-5511,-9999.9,000048b02dd3c6d5,registry.sagecontinuum.org/kaludib/waggle-aqt530:1.00,vaisala-aqt530,waggle-aqt530,microgram per cubic meter,W095,core,W095
2026-07-17 16:25:01.274009410+00:00,aqt.particle.pm2.5,0.6,5min,Particulate Matter less than 2.5 microns in diameter,000048b02dd3c6d5.ws-nxcore,waggle-aqt530-5511,-9999.9,000048b02dd3c6d5,registry.sagecontinuum.org/kaludib/waggle-aqt530:1.00,vaisala-aqt530,waggle-aqt530,microgram per cubic meter,W095,core,W095
2026-07-17 16:30:01.479781081+00:00,aqt.particle.pm2.5,2.5,5min,Particulate Matter less than 2.5 microns in diameter,000048b02dd3c6d5.ws-nxcore,waggle-aqt530-5511,-9999.9,000048b02dd3c6d5,registry.sagecontinuum.org/kaludib/waggle-aqt530:1.00,vaisala-aqt530,waggle-aqt530,microgram per cubic meter,W095,core,W095
2026-07-17 16:35:00.705075757+00:00,aqt.particle.pm2.5,0.6,5min,Particulate Matter less than 2.5 microns in diameter,000048b02dd3c6d5.ws-nxcore,waggle-aqt530-5511,-9999.9,000048b02dd3c6d5,registry.sagecontinuum.org/kaludib/waggle-aqt530:1.00,vaisala-aqt530,waggle-aqt530,microgram per cubic meter,W095,core,W095
2026-07-17 16:40:00.908809577+00:00,aqt.particle.pm2.5,1.7,5min,Particulate Matter less than 2.5 microns in diameter,000048b02dd3c6d5.ws-nxcore,waggle-aqt530-5511,-9999.9,000048b02dd3c6d5,registry.sagecontinuum.org/kaludib/waggle-aqt530:1.00,vaisala-aqt530,waggle-aqt530,microgram per cubic meter,W095,core,W095
2026-07-17 16:45:01.128985535+00:00,aqt.particle.pm2.5,0.5,5min,Particulate Matter less than 2.5 microns in diameter,000048b02dd3c6d5.ws-nxcore,waggle-aqt530-5511,-9999.9,000048b02dd3c6d5,registry.sagecontinuum.org/kaludib/waggle-aqt530:1.00,vaisala-aqt530,waggle-aqt530,microgram per cubic meter,W095,core,W095
2026-07-17 16:50:01.338037076+00:00,aqt.particle.pm2.5,1.7,5min,Particulate Matter less than 2.5 microns in diameter,000048b02dd3c6d5.ws-nxcore,waggle-aqt530-5511,-9999.9,000048b02dd3c6d5,registry.sagecontinuum.org/kaludib/waggle-aqt530:1.00,vaisala-aqt530,waggle-aqt530,microgram per cubic meter,W095,core,W095
2026-07-17 16:55:01.554752486+00:00,aqt.particle.pm2.5,1.3,5min,Particulate Matter less than 2.5 microns in diameter,000048b02dd3c6d5.ws-nxcore,waggle-aqt530-5511,-9999.9,000048b02dd3c6d5,registry.sagecontinuum.org/kaludib/waggle-aqt530:1.00,vaisala-aqt530,waggle-aqt530,microgram per cubic meter,W095,core,W095
2026-07-17 17:00:00.768322758+00:00,aqt.particle.pm2.5,3.2,5min,Particulate Matter less than 2.5 microns in diameter,000048b02dd3c6d5.ws-nxcore,waggle-aqt530-5511,-9999.9,000048b02dd3c6d5,registry.sagecontinuum.org/kaludib/waggle-aqt530:1.00,vaisala-aqt530,waggle-aqt530,microgram per cubic meter,W095,core,W095
2026-07-17 17:05:00.988059070+00:00,aqt.particle.pm2.5,2.6,5min,Particulate Matter less than 2.5 microns in diameter,000048b02dd3c6d5.ws-nxcore,waggle-aqt530-5511,-9999.9,000048b02dd3c6d5,registry.sagecontinuum.org/kaludib/waggle-aqt530:1.00,vaisala-aqt530,waggle-aqt530,microgram per cubic meter,W095,core,W095
2026-07-17 17:10:01.213207181+00:00,aqt.particle.pm2.5,1.6,5min,Particulate Matter less than 2.5 microns in diameter,000048b02dd3c6d5.ws-nxcore,waggle-aqt530-5511,-9999.9,000048b02dd3c6d5,registry.sagecontinuum.org/kaludib/waggle-aqt530:1.00,vaisala-aqt530,waggle-aqt530,microgram per cubic meter,W095,core,W095
2026-07-17 17:15:01.447134073+00:00,aqt.particle.pm2.5,1.9,5min,Particulate Matter less than 2.5 microns in diameter,000048b02dd3c6d5.ws-nxcore,waggle-aqt530-5511,-9999.9,000048b02dd3c6d5,registry.sagecontinuum.org/kaludib/waggle-aqt530:1.00,vaisala-aqt530,waggle-aqt530,microgram per cubic meter,W095,core,W095
2026-07-17 17:20:00.642657754+00:00,aqt.particle.pm2.5,3.4,5min,Particulate Matter less than 2.5 microns in diameter,000048b02dd3c6d5.ws-nxcore,waggle-aqt530-5511,-9999.9,000048b02dd3c6d5,registry.sagecontinuum.org/kaludib/waggle-aqt530:1.00,vaisala-aqt530,waggle-aqt530,microgram per cubic meter,W095,core,W095
2026-07-17 17:25:00.866574306+00:00,aqt.particle.pm2.5,1.7,5min,Particulate Matter less than 2.5 microns in diameter,000048b02dd3c6d5.ws-nxcore,waggle-aqt530-5511,-9999.9,000048b02dd3c6d5,registry.sagecontinuum.org/kaludib/waggle-aqt530:1.00,vaisala-aqt530,waggle-aqt530,microgram per cubic meter,W095,core,W095
2026-07-17 17:30:01.081694805+00:00,aqt.particle.pm2.5,1.3,5min,Particulate Matter less than 2.5 microns in diameter,000048b02dd3c6d5.ws-nxcore,waggle-aqt530-5511,-9999.9,000048b02dd3c6d5,registry.sagecontinuum.org/kaludib/waggle-aqt530:1.00,vaisala-aqt530,waggle-aqt530,microgram per cubic meter,W095,core,W095
2026-07-17 17:35:01.297075525+00:00,aqt.particle.pm2.5,1.3,5min,Particulate Matter less than 2.5 microns in diameter,000048b02dd3c6d5.ws-nxcore,waggle-aqt530-5511,-9999.9,000048b02dd3c6d5,registry.sagecontinuum.org/kaludib/waggle-aqt530:1.00,vaisala-aqt530,waggle-aqt530,microgram per cubic meter,W095,core,W095
2026-07-17 17:40:01.519296626+00:00,aqt.particle.pm2.5,1.5,5min,Particulate Matter less than 2.5 microns in diameter,000048b02dd3c6d5.ws-nxcore,waggle-aqt530-5511,-9999.9,000048b02dd3c6d5,registry.sagecontinuum.org/kaludib/waggle-aqt530:1.00,vaisala-aqt530,waggle-aqt530,microgram per cubic meter,W095,core,W095
2026-07-17 17:45:00.732798253+00:00,aqt.particle.pm2.5,1.0,5min,Particulate Matter less than 2.5 microns in diameter,000048b02dd3c6d5.ws-nxcore,waggle-aqt530-5511,-9999.9,000048b02dd3c6d5,registry.sagecontinuum.org/kaludib/waggle-aqt530:1.00,vaisala-aqt530,waggle-aqt530,microgram per cubic meter,W095,core,W095
2026-07-17 17:50:00.937899077+00:00,aqt.particle.pm2.5,1.2,5min,Particulate Matter less than 2.5 microns in diameter,000048b02dd3c6d5.ws-nxcore,waggle-aqt530-5511,-9999.9,000048b02dd3c6d5,registry.sagecontinuum.org/kaludib/waggle-aqt530:1.00,vaisala-aqt530,waggle-aqt530,microgram per cubic meter,W095,core,W095
2026-07-17 17:55:01.161274002+00:00,aqt.particle.pm2.5,14.5,5min,Particulate Matter less than 2.5 microns in diameter,000048b02dd3c6d5.ws-nxcore,waggle-aqt530-5511,-9999.9,000048b02dd3c6d5,registry.sagecontinuum.org/kaludib/waggle-aqt530:1.00,vaisala-aqt530,waggle-aqt530,microgram per cubic meter,W095,core,W095
2026-07-17 18:00:01.378638054+00:00,aqt.particle.pm2.5,6.1,5min,Particulate Matter less than 2.5 microns in diameter,000048b02dd3c6d5.ws-nxcore,waggle-aqt530-5511,-9999.9,000048b02dd3c6d5,registry.sagecontinuum.org/kaludib/waggle-aqt530:1.00,vaisala-aqt530,waggle-aqt530,microgram per cubic meter,W095,core,W095
2026-07-17 18:05:01.586245611+00:00,aqt.particle.pm2.5,11.1,5min,Particulate Matter less than 2.5 microns in diameter,000048b02dd3c6d5.ws-nxcore,waggle-aqt530-5511,-9999.9,000048b02dd3c6d5,registry.sagecontinuum.org/kaludib/waggle-aqt530:1.00,vaisala-aqt530,waggle-aqt530,microgram per cubic meter,W095,core,W095
2026-07-17 18:10:00.799018274+00:00,aqt.particle.pm2.5,3.4,5min,Particulate Matter less than 2.5 microns in diameter,000048b02dd3c6d5.ws-nxcore,waggle-aqt530-5511,-9999.9,000048b02dd3c6d5,registry.sagecontinuum.org/kaludib/waggle-aqt530:1.00,vaisala-aqt530,waggle-aqt530,microgram per cubic meter,W095,core,W095
2026-07-17 18:15:01.021619773+00:00,aqt.particle.pm2.5,0.1,5min,Particulate Matter less than 2.5 microns in diameter,000048b02dd3c6d5.ws-nxcore,waggle-aqt530-5511,-9999.9,000048b02dd3c6d5,registry.sagecontinuum.org/kaludib/waggle-aqt530:1.00,vaisala-aqt530,waggle-aqt530,microgram per cubic meter,W095,core,W095
2026-07-17 18:20:01.260427361+00:00,aqt.particle.pm2.5,11.9,5min,Particulate Matter less than 2.5 microns in diameter,000048b02dd3c6d5.ws-nxcore,waggle-aqt530-5511,-9999.9,000048b02dd3c6d5,registry.sagecontinuum.org/kaludib/waggle-aqt530:1.00,vaisala-aqt530,waggle-aqt530,microgram per cubic meter,W095,core,W095
2026-07-17 18:25:01.481680992+00:00,aqt.particle.pm2.5,3.3,5min,Particulate Matter less than 2.5 microns in diameter,000048b02dd3c6d5.ws-nxcore,waggle-aqt530-5511,-9999.9,000048b02dd3c6d5,registry.sagecontinuum.org/kaludib/waggle-aqt530:1.00,vaisala-aqt530,waggle-aqt530,microgram per cubic meter,W095,core,W095
2026-07-17 18:30:00.721706655+00:00,aqt.particle.pm2.5,0.4,5min,Particulate Matter less than 2.5 microns in diameter,000048b02dd3c6d5.ws-nxcore,waggle-aqt530-5511,-9999.9,000048b02dd3c6d5,registry.sagecontinuum.org/kaludib/waggle-aqt530:1.00,vaisala-aqt530,waggle-aqt530,microgram per cubic meter,W095,core,W095
2026-07-17 18:35:00.938099718+00:00,aqt.particle.pm2.5,0.6,5min,Particulate Matter less than 2.5 microns in diameter,000048b02dd3c6d5.ws-nxcore,waggle-aqt530-5511,-9999.9,000048b02dd3c6d5,registry.sagecontinuum.org/kaludib/waggle-aqt530:1.00,vaisala-aqt530,waggle-aqt530,microgram per cubic meter,W095,core,W095
2026-07-17 18:40:01.163893723+00:00,aqt.particle.pm2.5,0.6,5min,Particulate Matter less than 2.5 microns in diameter,000048b02dd3c6d5.ws-nxcore,waggle-aqt530-5511,-9999.9,000048b02dd3c6d5,registry.sagecontinuum.org/kaludib/waggle-aqt530:1.00,vaisala-aqt530,waggle-aqt530,microgram per cubic meter,W095,core,W095
2026-07-17 18:45:01.375093359+00:00,aqt.particle.pm2.5,0.5,5min,Particulate Matter less than 2.5 microns in diameter,000048b02dd3c6d5.ws-nxcore,waggle-aqt530-5511,-9999.9,000048b02dd3c6d5,registry.sagecontinuum.org/kaludib/waggle-aqt530:1.00,vaisala-aqt530,waggle-aqt530,microgram per cubic meter,W095,core,W095
2026-07-17 18:50:01.600376364+00:00,aqt.particle.pm2.5,0.6,5min,Particulate Matter less than 2.5 microns in diameter,000048b02dd3c6d5.ws-nxcore,waggle-aqt530-5511,-9999.9,000048b02dd3c6d5,registry.sagecontinuum.org/kaludib/waggle-aqt530:1.00,vaisala-aqt530,waggle-aqt530,microgram per cubic meter,W095,core,W095
2026-07-17 18:55:00.818796328+00:00,aqt.particle.pm2.5,0.7,5min,Particulate Matter less than 2.5 microns in diameter,000048b02dd3c6d5.ws-nxcore,waggle-aqt530-5511,-9999.9,000048b02dd3c6d5,registry.sagecontinuum.org/kaludib/waggle-aqt530:1.00,vaisala-aqt530,waggle-aqt530,microgram per cubic meter,W095,core,W095
2026-07-17 19:00:01.043564559+00:00,aqt.particle.pm2.5,4.6,5min,Particulate Matter less than 2.5 microns in diameter,000048b02dd3c6d5.ws-nxcore,waggle-aqt530-5511,-9999.9,000048b02dd3c6d5,registry.sagecontinuum.org/kaludib/waggle-aqt530:1.00,vaisala-aqt530,waggle-aqt530,microgram per cubic meter,W095,core,W095
2026-07-17 19:05:01.254185285+00:00,aqt.particle.pm2.5,4.1,5min,Particulate Matter less than 2.5 microns in diameter,000048b02dd3c6d5.ws-nxcore,waggle-aqt530-5511,-9999.9,000048b02dd3c6d5,registry.sagecontinuum.org/kaludib/waggle-aqt530:1.00,vaisala-aqt530,waggle-aqt530,microgram per cubic meter,W095,core,W095
2026-07-17 19:10:01.444640827+00:00,aqt.particle.pm2.5,2.8,5min,Particulate Matter less than 2.5 microns in diameter,000048b02dd3c6d5.ws-nxcore,waggle-aqt530-5511,-9999.9,000048b02dd3c6d5,registry.sagecontinuum.org/kaludib/waggle-aqt530:1.00,vaisala-aqt530,waggle-aqt530,microgram per cubic meter,W095,core,W095
2026-07-17 19:15:00.617123810+00:00,aqt.particle.pm2.5,0.4,5min,Particulate Matter less than 2.5 microns in diameter,000048b02dd3c6d5.ws-nxcore,waggle-aqt530-5511,-9999.9,000048b02dd3c6d5,registry.sagecontinuum.org/kaludib/waggle-aqt530:1.00,vaisala-aqt530,waggle-aqt530,microgram per cubic meter,W095,core,W095
2026-07-17 19:20:00.815148205+00:00,aqt.particle.pm2.5,1.7,5min,Particulate Matter less than 2.5 microns in diameter,000048b02dd3c6d5.ws-nxcore,waggle-aqt530-5511,-9999.9,000048b02dd3c6d5,registry.sagecontinuum.org/kaludib/waggle-aqt530:1.00,vaisala-aqt530,waggle-aqt530,microgram per cubic meter,W095,core,W095
2026-07-17 19:25:01.023136812+00:00,aqt.particle.pm2.5,15.6,5min,Particulate Matter less than 2.5 microns in diameter,000048b02dd3c6d5.ws-nxcore,waggle-aqt530-5511,-9999.9,000048b02dd3c6d5,registry.sagecontinuum.org/kaludib/waggle-aqt530:1.00,vaisala-aqt530,waggle-aqt530,microgram per cubic meter,W095,core,W095
2026-07-17 19:30:01.261244043+00:00,aqt.particle.pm2.5,2.8,5min,Particulate Matter less than 2.5 microns in diameter,000048b02dd3c6d5.ws-nxcore,waggle-aqt530-5511,-9999.9,000048b02dd3c6d5,registry.sagecontinuum.org/kaludib/waggle-aqt530:1.00,vaisala-aqt530,waggle-aqt530,microgram per cubic meter,W095,core,W095
2026-07-17 19:35:01.439864714+00:00,aqt.particle.pm2.5,2.8,5min,Particulate Matter less than 2.5 microns in diameter,000048b02dd3c6d5.ws-nxcore,waggle-aqt530-5511,-9999.9,000048b02dd3c6d5,registry.sagecontinuum.org/kaludib/waggle-aqt530:1.00,vaisala-aqt530,waggle-aqt530,microgram per cubic meter,W095,core,W095
2026-07-17 19:40:00.647739203+00:00,aqt.particle.pm2.5,9.5,5min,Particulate Matter less than 2.5 microns in diameter,000048b02dd3c6d5.ws-nxcore,waggle-aqt530-5511,-9999.9,000048b02dd3c6d5,registry.sagecontinuum.org/kaludib/waggle-aqt530:1.00,vaisala-aqt530,waggle-aqt530,microgram per cubic meter,W095,core,W095
2026-07-17 19:45:00.843681585+00:00,aqt.particle.pm2.5,0.7,5min,Particulate Matter less than 2.5 microns in diameter,000048b02dd3c6d5.ws-nxcore,waggle-aqt530-5511,-9999.9,000048b02dd3c6d5,registry.sagecontinuum.org/kaludib/waggle-aqt530:1.00,vaisala-aqt530,waggle-aqt530,microgram per cubic meter,W095,core,W095
2026-07-17 19:50:01.057243615+00:00,aqt.particle.pm2.5,3.4,5min,Particulate Matter less than 2.5 microns in diameter,000048b02dd3c6d5.ws-nxcore,waggle-aqt530-5511,-9999.9,000048b02dd3c6d5,registry.sagecontinuum.org/kaludib/waggle-aqt530:1.00,vaisala-aqt530,waggle-aqt530,microgram per cubic meter,W095,core,W095
2026-07-17 19:55:01.267515466+00:00,aqt.particle.pm2.5,0.7,5min,Particulate Matter less than 2.5 microns in diameter,000048b02dd3c6d5.ws-nxcore,waggle-aqt530-5511,-9999.9,000048b02dd3c6d5,registry.sagecontinuum.org/kaludib/waggle-aqt530:1.00,vaisala-aqt530,waggle-aqt530,microgram per cubic meter,W095,core,W095
2026-07-17 20:00:01.484761699+00:00,aqt.particle.pm2.5,2.8,5min,Particulate Matter less than 2.5 microns in diameter,000048b02dd3c6d5.ws-nxcore,waggle-aqt530-5511,-9999.9,000048b02dd3c6d5,registry.sagecontinuum.org/kaludib/waggle-aqt530:1.00,vaisala-aqt530,waggle-aqt530,microgram per cubic meter,W095,core,W095
2026-07-17 20:05:00.718322744+00:00,aqt.particle.pm2.5,1.0,5min,Particulate Matter less than 2.5 microns in diameter,000048b02dd3c6d5.ws-nxcore,waggle-aqt530-5511,-9999.9,000048b02dd3c6d5,registry.sagecontinuum.org/kaludib/waggle-aqt530:1.00,vaisala-aqt530,waggle-aqt530,microgram per cubic meter,W095,core,W095
2026-07-17 20:10:00.952923916+00:00,aqt.particle.pm2.5,0.7,5min,Particulate Matter less than 2.5 microns in diameter,000048b02dd3c6d5.ws-nxcore,waggle-aqt530-5511,-9999.9,000048b02dd3c6d5,registry.sagecontinuum.org/kaludib/waggle-aqt530:1.00,vaisala-aqt530,waggle-aqt530,microgram per cubic meter,W095,core,W095
2026-07-17 20:15:01.181181459+00:00,aqt.particle.pm2.5,3.5,5min,Particulate Matter less than 2.5 microns in diameter,000048b02dd3c6d5.ws-nxcore,waggle-aqt530-5511,-9999.9,000048b02dd3c6d5,registry.sagecontinuum.org/kaludib/waggle-aqt530:1.00,vaisala-aqt530,waggle-aqt530,microgram per cubic meter,W095,core,W095
2026-07-17 20:20:01.402989997+00:00,aqt.particle.pm2.5,4.0,5min,Particulate Matter less than 2.5 microns in diameter,000048b02dd3c6d5.ws-nxcore,waggle-aqt530-5511,-9999.9,000048b02dd3c6d5,registry.sagecontinuum.org/kaludib/waggle-aqt530:1.00,vaisala-aqt530,waggle-aqt530,microgram per cubic meter,W095,core,W095
2026-07-17 20:25:00.617254998+00:00,aqt.particle.pm2.5,1.0,5min,Particulate Matter less than 2.5 microns in diameter,000048b02dd3c6d5.ws-nxcore,waggle-aqt530-5511,-9999.9,000048b02dd3c6d5,registry.sagecontinuum.org/kaludib/waggle-aqt530:1.00,vaisala-aqt530,waggle-aqt530,microgram per cubic meter,W095,core,W095
2026-07-17 20:30:00.821388233+00:00,aqt.particle.pm2.5,0.7,5min,Particulate Matter less than 2.5 microns in diameter,000048b02dd3c6d5.ws-nxcore,waggle-aqt530-5511,-9999.9,000048b02dd3c6d5,registry.sagecontinuum.org/kaludib/waggle-aqt530:1.00,vaisala-aqt530,waggle-aqt530,microgram per cubic meter,W095,core,W095
2026-07-17 20:35:01.061303442+00:00,aqt.particle.pm2.5,1.1,5min,Particulate Matter less than 2.5 microns in diameter,000048b02dd3c6d5.ws-nxcore,waggle-aqt530-5511,-9999.9,000048b02dd3c6d5,registry.sagecontinuum.org/kaludib/waggle-aqt530:1.00,vaisala-aqt530,waggle-aqt530,microgram per cubic meter,W095,core,W095
2026-07-17 20:40:01.302746804+00:00,aqt.particle.pm2.5,1.0,5min,Particulate Matter less than 2.5 microns in diameter,000048b02dd3c6d5.ws-nxcore,waggle-aqt530-5511,-9999.9,000048b02dd3c6d5,registry.sagecontinuum.org/kaludib/waggle-aqt530:1.00,vaisala-aqt530,waggle-aqt530,microgram per cubic meter,W095,core,W095
2026-07-17 20:45:01.526159963+00:00,aqt.particle.pm2.5,1.9,5min,Particulate Matter less than 2.5 microns in diameter,000048b02dd3c6d5.ws-nxcore,waggle-aqt530-5511,-9999.9,000048b02dd3c6d5,registry.sagecontinuum.org/kaludib/waggle-aqt530:1.00,vaisala-aqt530,waggle-aqt530,microgram per cubic meter,W095,core,W095
2026-07-17 20:50:00.750179606+00:00,aqt.particle.pm2.5,3.3,5min,Particulate Matter less than 2.5 microns in diameter,000048b02dd3c6d5.ws-nxcore,waggle-aqt530-5511,-9999.9,000048b02dd3c6d5,registry.sagecontinuum.org/kaludib/waggle-aqt530:1.00,vaisala-aqt530,waggle-aqt530,microgram per cubic meter,W095,core,W095
2026-07-17 20:55:00.980341166+00:00,aqt.particle.pm2.5,2.7,5min,Particulate Matter less than 2.5 microns in diameter,000048b02dd3c6d5.ws-nxcore,waggle-aqt530-5511,-9999.9,000048b02dd3c6d5,registry.sagecontinuum.org/kaludib/waggle-aqt530:1.00,vaisala-aqt530,waggle-aqt530,microgram per cubic meter,W095,core,W095
2026-07-17 21:00:01.210637252+00:00,aqt.particle.pm2.5,1.5,5min,Particulate Matter less than 2.5 microns in diameter,000048b02dd3c6d5.ws-nxcore,waggle-aqt530-5511,-9999.9,000048b02dd3c6d5,registry.sagecontinuum.org/kaludib/waggle-aqt530:1.00,vaisala-aqt530,waggle-aqt530,microgram per cubic meter,W095,core,W095
2026-07-17 21:05:01.418338279+00:00,aqt.particle.pm2.5,0.5,5min,Particulate Matter less than 2.5 microns in diameter,000048b02dd3c6d5.ws-nxcore,waggle-aqt530-5511,-9999.9,000048b02dd3c6d5,registry.sagecontinuum.org/kaludib/waggle-aqt530:1.00,vaisala-aqt530,waggle-aqt530,microgram per cubic meter,W095,core,W095
2026-07-17 21:10:00.611228690+00:00,aqt.particle.pm2.5,0.4,5min,Particulate Matter less than 2.5 microns in diameter,000048b02dd3c6d5.ws-nxcore,waggle-aqt530-5511,-9999.9,000048b02dd3c6d5,registry.sagecontinuum.org/kaludib/waggle-aqt530:1.00,vaisala-aqt530,waggle-aqt530,microgram per cubic meter,W095,core,W095
2026-07-17 21:15:00.800381546+00:00,aqt.particle.pm2.5,0.4,5min,Particulate Matter less than 2.5 microns in diameter,000048b02dd3c6d5.ws-nxcore,waggle-aqt530-5511,-9999.9,000048b02dd3c6d5,registry.sagecontinuum.org/kaludib/waggle-aqt530:1.00,vaisala-aqt530,waggle-aqt530,microgram per cubic meter,W095,core,W095
2026-07-17 21:20:01.001564102+00:00,aqt.particle.pm2.5,0.7,5min,Particulate Matter less than 2.5 microns in diameter,000048b02dd3c6d5.ws-nxcore,waggle-aqt530-5511,-9999.9,000048b02dd3c6d5,registry.sagecontinuum.org/kaludib/waggle-aqt530:1.00,vaisala-aqt530,waggle-aqt530,microgram per cubic meter,W095,core,W095
2026-07-17 21:25:01.196636454+00:00,aqt.particle.pm2.5,0.7,5min,Particulate Matter less than 2.5 microns in diameter,000048b02dd3c6d5.ws-nxcore,waggle-aqt530-5511,-9999.9,000048b02dd3c6d5,registry.sagecontinuum.org/kaludib/waggle-aqt530:1.00,vaisala-aqt530,waggle-aqt530,microgram per cubic meter,W095,core,W095
2026-07-17 21:30:01.409428186+00:00,aqt.particle.pm2.5,0.6,5min,Particulate Matter less than 2.5 microns in diameter,000048b02dd3c6d5.ws-nxcore,waggle-aqt530-5511,-9999.9,000048b02dd3c6d5,registry.sagecontinuum.org/kaludib/waggle-aqt530:1.00,vaisala-aqt530,waggle-aqt530,microgram per cubic meter,W095,core,W095
2026-07-17 21:35:00.617686419+00:00,aqt.particle.pm2.5,0.9,5min,Particulate Matter less than 2.5 microns in diameter,000048b02dd3c6d5.ws-nxcore,waggle-aqt530-5511,-9999.9,000048b02dd3c6d5,registry.sagecontinuum.org/kaludib/waggle-aqt530:1.00,vaisala-aqt530,waggle-aqt530,microgram per cubic meter,W095,core,W095
2026-07-17 21:40:00.835945830+00:00,aqt.particle.pm2.5,0.9,5min,Particulate Matter less than 2.5 microns in diameter,000048b02dd3c6d5.ws-nxcore,waggle-aqt530-5511,-9999.9,000048b02dd3c6d5,registry.sagecontinuum.org/kaludib/waggle-aqt530:1.00,vaisala-aqt530,waggle-aqt530,microgram per cubic meter,W095,core,W095
2026-07-17 21:45:01.057179240+00:00,aqt.particle.pm2.5,0.5,5min,Particulate Matter less than 2.5 microns in diameter,000048b02dd3c6d5.ws-nxcore,waggle-aqt530-5511,-9999.9,000048b02dd3c6d5,registry.sagecontinuum.org/kaludib/waggle-aqt530:1.00,vaisala-aqt530,waggle-aqt530,microgram per cubic meter,W095,core,W095
2026-07-17 21:50:01.287562554+00:00,aqt.particle.pm2.5,0.4,5min,Particulate Matter less than 2.5 microns in diameter,000048b02dd3c6d5.ws-nxcore,waggle-aqt530-5511,-9999.9,000048b02dd3c6d5,registry.sagecontinuum.org/kaludib/waggle-aqt530:1.00,vaisala-aqt530,waggle-aqt530,microgram per cubic meter,W095,core,W095
2026-07-17 21:55:01.503920511+00:00,aqt.particle.pm2.5,0.4,5min,Particulate Matter less than 2.5 microns in diameter,000048b02dd3c6d5.ws-nxcore,waggle-aqt530-5511,-9999.9,000048b02dd3c6d5,registry.sagecontinuum.org/kaludib/waggle-aqt530:1.00,vaisala-aqt530,waggle-aqt530,microgram per cubic meter,W095,core,W095
2026-07-17 22:00:00.718490326+00:00,aqt.particle.pm2.5,0.4,5min,Particulate Matter less than 2.5 microns in diameter,000048b02dd3c6d5.ws-nxcore,waggle-aqt530-5511,-9999.9,000048b02dd3c6d5,registry.sagecontinuum.org/kaludib/waggle-aqt530:1.00,vaisala-aqt530,waggle-aqt530,microgram per cubic meter,W095,core,W095
2026-07-17 22:05:00.927068128+00:00,aqt.particle.pm2.5,0.3,5min,Particulate Matter less than 2.5 microns in diameter,000048b02dd3c6d5.ws-nxcore,waggle-aqt530-5511,-9999.9,000048b02dd3c6d5,registry.sagecontinuum.org/kaludib/waggle-aqt530:1.00,vaisala-aqt530,waggle-aqt530,microgram per cubic meter,W095,core,W095
2026-07-17 22:10:01.149131798+00:00,aqt.particle.pm2.5,0.4,5min,Particulate Matter less than 2.5 microns in diameter,000048b02dd3c6d5.ws-nxcore,waggle-aqt530-5511,-9999.9,000048b02dd3c6d5,registry.sagecontinuum.org/kaludib/waggle-aqt530:1.00,vaisala-aqt530,waggle-aqt530,microgram per cubic meter,W095,core,W095
2026-07-17 22:15:01.370707349+00:00,aqt.particle.pm2.5,2.0,5min,Particulate Matter less than 2.5 microns in diameter,000048b02dd3c6d5.ws-nxcore,waggle-aqt530-5511,-9999.9,000048b02dd3c6d5,registry.sagecontinuum.org/kaludib/waggle-aqt530:1.00,vaisala-aqt530,waggle-aqt530,microgram per cubic meter,W095,core,W095
2026-07-17 22:20:00.603032026+00:00,aqt.particle.pm2.5,1.9,5min,Particulate Matter less than 2.5 microns in diameter,000048b02dd3c6d5.ws-nxcore,waggle-aqt530-5511,-9999.9,000048b02dd3c6d5,registry.sagecontinuum.org/kaludib/waggle-aqt530:1.00,vaisala-aqt530,waggle-aqt530,microgram per cubic meter,W095,core,W095
2026-07-17 22:25:00.825328920+00:00,aqt.particle.pm2.5,0.4,5min,Particulate Matter less than 2.5 microns in diameter,000048b02dd3c6d5.ws-nxcore,waggle-aqt530-5511,-9999.9,000048b02dd3c6d5,registry.sagecontinuum.org/kaludib/waggle-aqt530:1.00,vaisala-aqt530,waggle-aqt530,microgram per cubic meter,W095,core,W095
2026-07-17 22:30:01.056753597+00:00,aqt.particle.pm2.5,0.5,5min,Particulate Matter less than 2.5 microns in diameter,000048b02dd3c6d5.ws-nxcore,waggle-aqt530-5511,-9999.9,000048b02dd3c6d5,registry.sagecontinuum.org/kaludib/waggle-aqt530:1.00,vaisala-aqt530,waggle-aqt530,microgram per cubic meter,W095,core,W095
2026-07-17 22:35:01.284431145+00:00,aqt.particle.pm2.5,0.8,5min,Particulate Matter less than 2.5 microns in diameter,000048b02dd3c6d5.ws-nxcore,waggle-aqt530-5511,-9999.9,000048b02dd3c6d5,registry.sagecontinuum.org/kaludib/waggle-aqt530:1.00,vaisala-aqt530,waggle-aqt530,microgram per cubic meter,W095,core,W095
2026-07-17 22:40:01.494425311+00:00,aqt.particle.pm2.5,0.7,5min,Particulate Matter less than 2.5 microns in diameter,000048b02dd3c6d5.ws-nxcore,waggle-aqt530-5511,-9999.9,000048b02dd3c6d5,registry.sagecontinuum.org/kaludib/waggle-aqt530:1.00,vaisala-aqt530,waggle-aqt530,microgram per cubic meter,W095,core,W095
2026-07-17 22:45:00.713896162+00:00,aqt.particle.pm2.5,1.0,5min,Particulate Matter less than 2.5 microns in diameter,000048b02dd3c6d5.ws-nxcore,waggle-aqt530-5511,-9999.9,000048b02dd3c6d5,registry.sagecontinuum.org/kaludib/waggle-aqt530:1.00,vaisala-aqt530,waggle-aqt530,microgram per cubic meter,W095,core,W095
2026-07-17 22:50:00.935264878+00:00,aqt.particle.pm2.5,0.7,5min,Particulate Matter less than 2.5 microns in diameter,000048b02dd3c6d5.ws-nxcore,waggle-aqt530-5511,-9999.9,000048b02dd3c6d5,registry.sagecontinuum.org/kaludib/waggle-aqt530:1.00,vaisala-aqt530,waggle-aqt530,microgram per cubic meter,W095,core,W095
2026-07-17 22:55:01.128794983+00:00,aqt.particle.pm2.5,0.6,5min,Particulate Matter less than 2.5 microns in diameter,000048b02dd3c6d5.ws-nxcore,waggle-aqt530-5511,-9999.9,000048b02dd3c6d5,registry.sagecontinuum.org/kaludib/waggle-aqt530:1.00,vaisala-aqt530,waggle-aqt530,microgram per cubic meter,W095,core,W095
2026-07-17 23:00:01.320597643+00:00,aqt.particle.pm2.5,1.7,5min,Particulate Matter less than 2.5 microns in diameter,000048b02dd3c6d5.ws-nxcore,waggle-aqt530-5511,-9999.9,000048b02dd3c6d5,registry.sagecontinuum.org/kaludib/waggle-aqt530:1.00,vaisala-aqt530,waggle-aqt530,microgram per cubic meter,W095,core,W095
2026-07-17 23:05:00.520740005+00:00,aqt.particle.pm2.5,2.8,5min,Particulate Matter less than 2.5 microns in diameter,000048b02dd3c6d5.ws-nxcore,waggle-aqt530-5511,-9999.9,000048b02dd3c6d5,registry.sagecontinuum.org/kaludib/waggle-aqt530:1.00,vaisala-aqt530,waggle-aqt530,microgram per cubic meter,W095,core,W095
2026-07-17 23:10:00.741047111+00:00,aqt.particle.pm2.5,9.6,5min,Particulate Matter less than 2.5 microns in diameter,000048b02dd3c6d5.ws-nxcore,waggle-aqt530-5511,-9999.9,000048b02dd3c6d5,registry.sagecontinuum.org/kaludib/waggle-aqt530:1.00,vaisala-aqt530,waggle-aqt530,microgram per cubic meter,W095,core,W095
2026-07-17 23:15:00.949045223+00:00,aqt.particle.pm2.5,2.9,5min,Particulate Matter less than 2.5 microns in diameter,000048b02dd3c6d5.ws-nxcore,waggle-aqt530-5511,-9999.9,000048b02dd3c6d5,registry.sagecontinuum.org/kaludib/waggle-aqt530:1.00,vaisala-aqt530,waggle-aqt530,microgram per cubic meter,W095,core,W095
2026-07-17 23:20:01.150357641+00:00,aqt.particle.pm2.5,5.2,5min,Particulate Matter less than 2.5 microns in diameter,000048b02dd3c6d5.ws-nxcore,waggle-aqt530-5511,-9999.9,000048b02dd3c6d5,registry.sagecontinuum.org/kaludib/waggle-aqt530:1.00,vaisala-aqt530,waggle-aqt530,microgram per cubic meter,W095,core,W095
2026-07-17 23:25:01.368000236+00:00,aqt.particle.pm2.5,6.8,5min,Particulate Matter less than 2.5 microns in diameter,000048b02dd3c6d5.ws-nxcore,waggle-aqt530-5511,-9999.9,000048b02dd3c6d5,registry.sagecontinuum.org/kaludib/waggle-aqt530:1.00,vaisala-aqt530,waggle-aqt530,microgram per cubic meter,W095,core,W095
2026-07-17 23:30:00.579616776+00:00,aqt.particle.pm2.5,3.8,5min,Particulate Matter less than 2.5 microns in diameter,000048b02dd3c6d5.ws-nxcore,waggle-aqt530-5511,-9999.9,000048b02dd3c6d5,registry.sagecontinuum.org/kaludib/waggle-aqt530:1.00,vaisala-aqt530,waggle-aqt530,microgram per cubic meter,W095,core,W095
2026-07-17 23:35:00.797599247+00:00,aqt.particle.pm2.5,4.0,5min,Particulate Matter less than 2.5 microns in diameter,000048b02dd3c6d5.ws-nxcore,waggle-aqt530-5511,-9999.9,000048b02dd3c6d5,registry.sagecontinuum.org/kaludib/waggle-aqt530:1.00,vaisala-aqt530,waggle-aqt530,microgram per cubic meter,W095,core,W095
2026-07-17 23:40:01.002356931+00:00,aqt.particle.pm2.5,5.1,5min,Particulate Matter less than 2.5 microns in diameter,000048b02dd3c6d5.ws-nxcore,waggle-aqt530-5511,-9999.9,000048b02dd3c6d5,registry.sagecontinuum.org/kaludib/waggle-aqt530:1.00,vaisala-aqt530,waggle-aqt530,microgram per cubic meter,W095,core,W095
2026-07-17 23:45:01.219734297+00:00,aqt.particle.pm2.5,5.3,5min,Particulate Matter less than 2.5 microns in diameter,000048b02dd3c6d5.ws-nxcore,waggle-aqt530-5511,-9999.9,000048b02dd3c6d5,registry.sagecontinuum.org/kaludib/waggle-aqt530:1.00,vaisala-aqt530,waggle-aqt530,microgram per cubic meter,W095,core,W095
2026-07-17 23:50:01.441105518+00:00,aqt.particle.pm2.5,6.7,5min,Particulate Matter less than 2.5 microns in diameter,000048b02dd3c6d5.ws-nxcore,waggle-aqt530-5511,-9999.9,000048b02dd3c6d5,registry.sagecontinuum.org/kaludib/waggle-aqt530:1.00,vaisala-aqt530,waggle-aqt530,microgram per cubic meter,W095,core,W095
2026-07-17 23:55:01.148026415+00:00,aqt.particle.pm2.5,6.0,5min,Particulate Matter less than 2.5 microns in diameter,000048b02dd3c6d5.ws-nxcore,waggle-aqt530-5511,-9999.9,000048b02dd3c6d5,registry.sagecontinuum.org/kaludib/waggle-aqt530:1.00,vaisala-aqt530,waggle-aqt530,microgram per cubic meter,W095,core,W095
2026-07-18 00:00:00.871086750+00:00,aqt.particle.pm2.5,5.6,5min,Particulate Matter less than 2.5 microns in diameter,000048b02dd3c6d5.ws-nxcore,waggle-aqt530-5511,-9999.9,000048b02dd3c6d5,registry.sagecontinuum.org/kaludib/waggle-aqt530:1.00,vaisala-aqt530,waggle-aqt530,microgram per cubic meter,W095,core,W095
2026-07-18 00:05:01.088268125+00:00,aqt.particle.pm2.5,6.8,5min,Particulate Matter less than 2.5 microns in diameter,000048b02dd3c6d5.ws-nxcore,waggle-aqt530-5511,-9999.9,000048b02dd3c6d5,registry.sagecontinuum.org/kaludib/waggle-aqt530:1.00,vaisala-aqt530,waggle-aqt530,microgram per cubic meter,W095,core,W095
2026-07-18 00:10:01.316312317+00:00,aqt.particle.pm2.5,8.2,5min,Particulate Matter less than 2.5 microns in diameter,000048b02dd3c6d5.ws-nxcore,waggle-aqt530-5511,-9999.9,000048b02dd3c6d5,registry.sagecontinuum.org/kaludib/waggle-aqt530:1.00,vaisala-aqt530,waggle-aqt530,microgram per cubic meter,W095,core,W095
2026-07-18 00:15:00.537930889+00:00,aqt.particle.pm2.5,6.7,5min,Particulate Matter less than 2.5 microns in diameter,000048b02dd3c6d5.ws-nxcore,waggle-aqt530-5511,-9999.9,000048b02dd3c6d5,registry.sagecontinuum.org/kaludib/waggle-aqt530:1.00,vaisala-aqt530,waggle-aqt530,microgram per cubic meter,W095,core,W095
2026-07-18 00:20:00.751231647+00:00,aqt.particle.pm2.5,6.0,5min,Particulate Matter less than 2.5 microns in diameter,000048b02dd3c6d5.ws-nxcore,waggle-aqt530-5511,-9999.9,000048b02dd3c6d5,registry.sagecontinuum.org/kaludib/waggle-aqt530:1.00,vaisala-aqt530,waggle-aqt530,microgram per cubic meter,W095,core,W095
2026-07-18 00:25:00.958665857+00:00,aqt.particle.pm2.5,4.6,5min,Particulate Matter less than 2.5 microns in diameter,000048b02dd3c6d5.ws-nxcore,waggle-aqt530-5511,-9999.9,000048b02dd3c6d5,registry.sagecontinuum.org/kaludib/waggle-aqt530:1.00,vaisala-aqt530,waggle-aqt530,microgram per cubic meter,W095,core,W095
2026-07-18 00:30:01.178453538+00:00,aqt.particle.pm2.5,3.6,5min,Particulate Matter less than 2.5 microns in diameter,000048b02dd3c6d5.ws-nxcore,waggle-aqt530-5511,-9999.9,000048b02dd3c6d5,registry.sagecontinuum.org/kaludib/waggle-aqt530:1.00,vaisala-aqt530,waggle-aqt530,microgram per cubic meter,W095,core,W095
2026-07-18 00:35:01.393126761+00:00,aqt.particle.pm2.5,3.5,5min,Particulate Matter less than 2.5 microns in diameter,000048b02dd3c6d5.ws-nxcore,waggle-aqt530-5511,-9999.9,000048b02dd3c6d5,registry.sagecontinuum.org/kaludib/waggle-aqt530:1.00,vaisala-aqt530,waggle-aqt530,microgram per cubic meter,W095,core,W095
2026-07-18 00:40:00.599801587+00:00,aqt.particle.pm2.5,3.0,5min,Particulate Matter less than 2.5 microns in diameter,000048b02dd3c6d5.ws-nxcore,waggle-aqt530-5511,-9999.9,000048b02dd3c6d5,registry.sagecontinuum.org/kaludib/waggle-aqt530:1.00,vaisala-aqt530,waggle-aqt530,microgram per cubic meter,W095,core,W095
2026-07-18 00:45:00.802140225+00:00,aqt.particle.pm2.5,6.0,5min,Particulate Matter less than 2.5 microns in diameter,000048b02dd3c6d5.ws-nxcore,waggle-aqt530-5511,-9999.9,000048b02dd3c6d5,registry.sagecontinuum.org/kaludib/waggle-aqt530:1.00,vaisala-aqt530,waggle-aqt530,microgram per cubic meter,W095,core,W095
2026-07-18 00:50:01.027153413+00:00,aqt.particle.pm2.5,9.0,5min,Particulate Matter less than 2.5 microns in diameter,000048b02dd3c6d5.ws-nxcore,waggle-aqt530-5511,-9999.9,000048b02dd3c6d5,registry.sagecontinuum.org/kaludib/waggle-aqt530:1.00,vaisala-aqt530,waggle-aqt530,microgram per cubic meter,W095,core,W095
2026-07-18 00:55:01.269208002+00:00,aqt.particle.pm2.5,0.7,5min,Particulate Matter less than 2.5 microns in diameter,000048b02dd3c6d5.ws-nxcore,waggle-aqt530-5511,-9999.9,000048b02dd3c6d5,registry.sagecontinuum.org/kaludib/waggle-aqt530:1.00,vaisala-aqt530,waggle-aqt530,microgram per cubic meter,W095,core,W095
2026-07-18 01:00:01.450483154+00:00,aqt.particle.pm2.5,0.7,5min,Particulate Matter less than 2.5 microns in diameter,000048b02dd3c6d5.ws-nxcore,waggle-aqt530-5511,-9999.9,000048b02dd3c6d5,registry.sagecontinuum.org/kaludib/waggle-aqt530:1.00,vaisala-aqt530,waggle-aqt530,microgram per cubic meter,W095,core,W095
2026-07-18 01:05:00.652413046+00:00,aqt.particle.pm2.5,1.3,5min,Particulate Matter less than 2.5 microns in diameter,000048b02dd3c6d5.ws-nxcore,waggle-aqt530-5511,-9999.9,000048b02dd3c6d5,registry.sagecontinuum.org/kaludib/waggle-aqt530:1.00,vaisala-aqt530,waggle-aqt530,microgram per cubic meter,W095,core,W095
2026-07-18 01:10:00.879151919+00:00,aqt.particle.pm2.5,1.0,5min,Particulate Matter less than 2.5 microns in diameter,000048b02dd3c6d5.ws-nxcore,waggle-aqt530-5511,-9999.9,000048b02dd3c6d5,registry.sagecontinuum.org/kaludib/waggle-aqt530:1.00,vaisala-aqt530,waggle-aqt530,microgram per cubic meter,W095,core,W095
2026-07-18 01:15:01.106581380+00:00,aqt.particle.pm2.5,0.6,5min,Particulate Matter less than 2.5 microns in diameter,000048b02dd3c6d5.ws-nxcore,waggle-aqt530-5511,-9999.9,000048b02dd3c6d5,registry.sagecontinuum.org/kaludib/waggle-aqt530:1.00,vaisala-aqt530,waggle-aqt530,microgram per cubic meter,W095,core,W095
2026-07-18 01:20:01.316958067+00:00,aqt.particle.pm2.5,0.4,5min,Particulate Matter less than 2.5 microns in diameter,000048b02dd3c6d5.ws-nxcore,waggle-aqt530-5511,-9999.9,000048b02dd3c6d5,registry.sagecontinuum.org/kaludib/waggle-aqt530:1.00,vaisala-aqt530,waggle-aqt530,microgram per cubic meter,W095,core,W095
2026-07-18 01:25:00.532663017+00:00,aqt.particle.pm2.5,2.0,5min,Particulate Matter less than 2.5 microns in diameter,000048b02dd3c6d5.ws-nxcore,waggle-aqt530-5511,-9999.9,000048b02dd3c6d5,registry.sagecontinuum.org/kaludib/waggle-aqt530:1.00,vaisala-aqt530,waggle-aqt530,microgram per cubic meter,W095,core,W095
2026-07-18 01:30:00.753246807+00:00,aqt.particle.pm2.5,1.5,5min,Particulate Matter less than 2.5 microns in diameter,000048b02dd3c6d5.ws-nxcore,waggle-aqt530-5511,-9999.9,000048b02dd3c6d5,registry.sagecontinuum.org/kaludib/waggle-aqt530:1.00,vaisala-aqt530,waggle-aqt530,microgram per cubic meter,W095,core,W095
2026-07-18 01:35:00.975063784+00:00,aqt.particle.pm2.5,3.2,5min,Particulate Matter less than 2.5 microns in diameter,000048b02dd3c6d5.ws-nxcore,waggle-aqt530-5511,-9999.9,000048b02dd3c6d5,registry.sagecontinuum.org/kaludib/waggle-aqt530:1.00,vaisala-aqt530,waggle-aqt530,microgram per cubic meter,W095,core,W095
2026-07-18 01:40:01.191550964+00:00,aqt.particle.pm2.5,3.8,5min,Particulate Matter less than 2.5 microns in diameter,000048b02dd3c6d5.ws-nxcore,waggle-aqt530-5511,-9999.9,000048b02dd3c6d5,registry.sagecontinuum.org/kaludib/waggle-aqt530:1.00,vaisala-aqt530,waggle-aqt530,microgram per cubic meter,W095,core,W095
2026-07-18 01:45:01.562780260+00:00,aqt.particle.pm2.5,3.3,5min,Particulate Matter less than 2.5 microns in diameter,000048b02dd3c6d5.ws-nxcore,waggle-aqt530-5511,-9999.9,000048b02dd3c6d5,registry.sagecontinuum.org/kaludib/waggle-aqt530:1.00,vaisala-aqt530,waggle-aqt530,microgram per cubic meter,W095,core,W095
2026-07-18 01:50:00.641767225+00:00,aqt.particle.pm2.5,5.5,5min,Particulate Matter less than 2.5 microns in diameter,000048b02dd3c6d5.ws-nxcore,waggle-aqt530-5511,-9999.9,000048b02dd3c6d5,registry.sagecontinuum.org/kaludib/waggle-aqt530:1.00,vaisala-aqt530,waggle-aqt530,microgram per cubic meter,W095,core,W095
2026-07-18 01:55:00.868962688+00:00,aqt.particle.pm2.5,6.4,5min,Particulate Matter less than 2.5 microns in diameter,000048b02dd3c6d5.ws-nxcore,waggle-aqt530-5511,-9999.9,000048b02dd3c6d5,registry.sagecontinuum.org/kaludib/waggle-aqt530:1.00,vaisala-aqt530,waggle-aqt530,microgram per cubic meter,W095,core,W095
2026-07-18 02:00:01.098351345+00:00,aqt.particle.pm2.5,6.0,5min,Particulate Matter less than 2.5 microns in diameter,000048b02dd3c6d5.ws-nxcore,waggle-aqt530-5511,-9999.9,000048b02dd3c6d5,registry.sagecontinuum.org/kaludib/waggle-aqt530:1.00,vaisala-aqt530,waggle-aqt530,microgram per cubic meter,W095,core,W095
2026-07-18 02:05:01.305535131+00:00,aqt.particle.pm2.5,5.8,5min,Particulate Matter less than 2.5 microns in diameter,000048b02dd3c6d5.ws-nxcore,waggle-aqt530-5511,-9999.9,000048b02dd3c6d5,registry.sagecontinuum.org/kaludib/waggle-aqt530:1.00,vaisala-aqt530,waggle-aqt530,microgram per cubic meter,W095,core,W095
2026-07-18 02:10:00.522376449+00:00,aqt.particle.pm2.5,6.7,5min,Particulate Matter less than 2.5 microns in diameter,000048b02dd3c6d5.ws-nxcore,waggle-aqt530-5511,-9999.9,000048b02dd3c6d5,registry.sagecontinuum.org/kaludib/waggle-aqt530:1.00,vaisala-aqt530,waggle-aqt530,microgram per cubic meter,W095,core,W095
2026-07-18 02:15:00.741993838+00:00,aqt.particle.pm2.5,3.6,5min,Particulate Matter less than 2.5 microns in diameter,000048b02dd3c6d5.ws-nxcore,waggle-aqt530-5511,-9999.9,000048b02dd3c6d5,registry.sagecontinuum.org/kaludib/waggle-aqt530:1.00,vaisala-aqt530,waggle-aqt530,microgram per cubic meter,W095,core,W095
2026-07-18 02:20:00.918239095+00:00,aqt.particle.pm2.5,0.7,5min,Particulate Matter less than 2.5 microns in diameter,000048b02dd3c6d5.ws-nxcore,waggle-aqt530-5511,-9999.9,000048b02dd3c6d5,registry.sagecontinuum.org/kaludib/waggle-aqt530:1.00,vaisala-aqt530,waggle-aqt530,microgram per cubic meter,W095,core,W095
2026-07-18 02:25:01.123144147+00:00,aqt.particle.pm2.5,0.6,5min,Particulate Matter less than 2.5 microns in diameter,000048b02dd3c6d5.ws-nxcore,waggle-aqt530-5511,-9999.9,000048b02dd3c6d5,registry.sagecontinuum.org/kaludib/waggle-aqt530:1.00,vaisala-aqt530,waggle-aqt530,microgram per cubic meter,W095,core,W095
2026-07-18 02:30:01.331561266+00:00,aqt.particle.pm2.5,2.3,5min,Particulate Matter less than 2.5 microns in diameter,000048b02dd3c6d5.ws-nxcore,waggle-aqt530-5511,-9999.9,000048b02dd3c6d5,registry.sagecontinuum.org/kaludib/waggle-aqt530:1.00,vaisala-aqt530,waggle-aqt530,microgram per cubic meter,W095,core,W095
2026-07-18 02:35:00.539268784+00:00,aqt.particle.pm2.5,2.2,5min,Particulate Matter less than 2.5 microns in diameter,000048b02dd3c6d5.ws-nxcore,waggle-aqt530-5511,-9999.9,000048b02dd3c6d5,registry.sagecontinuum.org/kaludib/waggle-aqt530:1.00,vaisala-aqt530,waggle-aqt530,microgram per cubic meter,W095,core,W095
2026-07-18 02:40:00.739816886+00:00,aqt.particle.pm2.5,1.1,5min,Particulate Matter less than 2.5 microns in diameter,000048b02dd3c6d5.ws-nxcore,waggle-aqt530-5511,-9999.9,000048b02dd3c6d5,registry.sagecontinuum.org/kaludib/waggle-aqt530:1.00,vaisala-aqt530,waggle-aqt530,microgram per cubic meter,W095,core,W095
2026-07-18 02:45:00.955839185+00:00,aqt.particle.pm2.5,2.0,5min,Particulate Matter less than 2.5 microns in diameter,000048b02dd3c6d5.ws-nxcore,waggle-aqt530-5511,-9999.9,000048b02dd3c6d5,registry.sagecontinuum.org/kaludib/waggle-aqt530:1.00,vaisala-aqt530,waggle-aqt530,microgram per cubic meter,W095,core,W095
2026-07-18 02:50:01.190304736+00:00,aqt.particle.pm2.5,2.2,5min,Particulate Matter less than 2.5 microns in diameter,000048b02dd3c6d5.ws-nxcore,waggle-aqt530-5511,-9999.9,000048b02dd3c6d5,registry.sagecontinuum.org/kaludib/waggle-aqt530:1.00,vaisala-aqt530,waggle-aqt530,microgram per cubic meter,W095,core,W095
2026-07-18 02:55:00.407270948+00:00,aqt.particle.pm2.5,2.9,5min,Particulate Matter less than 2.5 microns in diameter,000048b02dd3c6d5.ws-nxcore,waggle-aqt530-5511,-9999.9,000048b02dd3c6d5,registry.sagecontinuum.org/kaludib/waggle-aqt530:1.00,vaisala-aqt530,waggle-aqt530,microgram per cubic meter,W095,core,W095
2026-07-18 03:00:00.622839772+00:00,aqt.particle.pm2.5,2.2,5min,Particulate Matter less than 2.5 microns in diameter,000048b02dd3c6d5.ws-nxcore,waggle-aqt530-5511,-9999.9,000048b02dd3c6d5,registry.sagecontinuum.org/kaludib/waggle-aqt530:1.00,vaisala-aqt530,waggle-aqt530,microgram per cubic meter,W095,core,W095
2026-07-18 03:05:00.845257250+00:00,aqt.particle.pm2.5,2.0,5min,Particulate Matter less than 2.5 microns in diameter,000048b02dd3c6d5.ws-nxcore,waggle-aqt530-5511,-9999.9,000048b02dd3c6d5,registry.sagecontinuum.org/kaludib/waggle-aqt530:1.00,vaisala-aqt530,waggle-aqt530,microgram per cubic meter,W095,core,W095
2026-07-18 03:10:01.068566621+00:00,aqt.particle.pm2.5,2.9,5min,Particulate Matter less than 2.5 microns in diameter,000048b02dd3c6d5.ws-nxcore,waggle-aqt530-5511,-9999.9,000048b02dd3c6d5,registry.sagecontinuum.org/kaludib/waggle-aqt530:1.00,vaisala-aqt530,waggle-aqt530,microgram per cubic meter,W095,core,W095
2026-07-18 03:15:01.283584320+00:00,aqt.particle.pm2.5,4.7,5min,Particulate Matter less than 2.5 microns in diameter,000048b02dd3c6d5.ws-nxcore,waggle-aqt530-5511,-9999.9,000048b02dd3c6d5,registry.sagecontinuum.org/kaludib/waggle-aqt530:1.00,vaisala-aqt530,waggle-aqt530,microgram per cubic meter,W095,core,W095
2026-07-18 03:20:00.505062129+00:00,aqt.particle.pm2.5,9.5,5min,Particulate Matter less than 2.5 microns in diameter,000048b02dd3c6d5.ws-nxcore,waggle-aqt530-5511,-9999.9,000048b02dd3c6d5,registry.sagecontinuum.org/kaludib/waggle-aqt530:1.00,vaisala-aqt530,waggle-aqt530,microgram per cubic meter,W095,core,W095
2026-07-18 03:25:00.707529166+00:00,aqt.particle.pm2.5,11.3,5min,Particulate Matter less than 2.5 microns in diameter,000048b02dd3c6d5.ws-nxcore,waggle-aqt530-5511,-9999.9,000048b02dd3c6d5,registry.sagecontinuum.org/kaludib/waggle-aqt530:1.00,vaisala-aqt530,waggle-aqt530,microgram per cubic meter,W095,core,W095
2026-07-18 03:30:00.909432926+00:00,aqt.particle.pm2.5,4.0,5min,Particulate Matter less than 2.5 microns in diameter,000048b02dd3c6d5.ws-nxcore,waggle-aqt530-5511,-9999.9,000048b02dd3c6d5,registry.sagecontinuum.org/kaludib/waggle-aqt530:1.00,vaisala-aqt530,waggle-aqt530,microgram per cubic meter,W095,core,W095
2026-07-18 03:35:01.105421177+00:00,aqt.particle.pm2.5,1.4,5min,Particulate Matter less than 2.5 microns in diameter,000048b02dd3c6d5.ws-nxcore,waggle-aqt530-5511,-9999.9,000048b02dd3c6d5,registry.sagecontinuum.org/kaludib/waggle-aqt530:1.00,vaisala-aqt530,waggle-aqt530,microgram per cubic meter,W095,core,W095
2026-07-18 03:40:01.318735255+00:00,aqt.particle.pm2.5,0.7,5min,Particulate Matter less than 2.5 microns in diameter,000048b02dd3c6d5.ws-nxcore,waggle-aqt530-5511,-9999.9,000048b02dd3c6d5,registry.sagecontinuum.org/kaludib/waggle-aqt530:1.00,vaisala-aqt530,waggle-aqt530,microgram per cubic meter,W095,core,W095
2026-07-18 03:45:00.526511615+00:00,aqt.particle.pm2.5,0.4,5min,Particulate Matter less than 2.5 microns in diameter,000048b02dd3c6d5.ws-nxcore,waggle-aqt530-5511,-9999.9,000048b02dd3c6d5,registry.sagecontinuum.org/kaludib/waggle-aqt530:1.00,vaisala-aqt530,waggle-aqt530,microgram per cubic meter,W095,core,W095
2026-07-18 03:50:00.742183508+00:00,aqt.particle.pm2.5,0.3,5min,Particulate Matter less than 2.5 microns in diameter,000048b02dd3c6d5.ws-nxcore,waggle-aqt530-5511,-9999.9,000048b02dd3c6d5,registry.sagecontinuum.org/kaludib/waggle-aqt530:1.00,vaisala-aqt530,waggle-aqt530,microgram per cubic meter,W095,core,W095
2026-07-18 03:55:00.959637486+00:00,aqt.particle.pm2.5,0.0,5min,Particulate Matter less than 2.5 microns in diameter,000048b02dd3c6d5.ws-nxcore,waggle-aqt530-5511,-9999.9,000048b02dd3c6d5,registry.sagecontinuum.org/kaludib/waggle-aqt530:1.00,vaisala-aqt530,waggle-aqt530,microgram per cubic meter,W095,core,W095
2026-07-18 04:00:01.170177390+00:00,aqt.particle.pm2.5,0.2,5min,Particulate Matter less than 2.5 microns in diameter,000048b02dd3c6d5.ws-nxcore,waggle-aqt530-5511,-9999.9,000048b02dd3c6d5,registry.sagecontinuum.org/kaludib/waggle-aqt530:1.00,vaisala-aqt530,waggle-aqt530,microgram per cubic meter,W095,core,W095
2026-07-18 04:05:00.390349652+00:00,aqt.particle.pm2.5,0.0,5min,Particulate Matter less than 2.5 microns in diameter,000048b02dd3c6d5.ws-nxcore,waggle-aqt530-5511,-9999.9,000048b02dd3c6d5,registry.sagecontinuum.org/kaludib/waggle-aqt530:1.00,vaisala-aqt530,waggle-aqt530,microgram per cubic meter,W095,core,W095
2026-07-18 04:10:00.613930234+00:00,aqt.particle.pm2.5,0.3,5min,Particulate Matter less than 2.5 microns in diameter,000048b02dd3c6d5.ws-nxcore,waggle-aqt530-5511,-9999.9,000048b02dd3c6d5,registry.sagecontinuum.org/kaludib/waggle-aqt530:1.00,vaisala-aqt530,waggle-aqt530,microgram per cubic meter,W095,core,W095
2026-07-18 04:15:00.822822734+00:00,aqt.particle.pm2.5,0.1,5min,Particulate Matter less than 2.5 microns in diameter,000048b02dd3c6d5.ws-nxcore,waggle-aqt530-5511,-9999.9,000048b02dd3c6d5,registry.sagecontinuum.org/kaludib/waggle-aqt530:1.00,vaisala-aqt530,waggle-aqt530,microgram per cubic meter,W095,core,W095
2026-07-18 04:20:01.042690394+00:00,aqt.particle.pm2.5,0.3,5min,Particulate Matter less than 2.5 microns in diameter,000048b02dd3c6d5.ws-nxcore,waggle-aqt530-5511,-9999.9,000048b02dd3c6d5,registry.sagecontinuum.org/kaludib/waggle-aqt530:1.00,vaisala-aqt530,waggle-aqt530,microgram per cubic meter,W095,core,W095
2026-07-18 04:25:01.263946328+00:00,aqt.particle.pm2.5,0.3,5min,Particulate Matter less than 2.5 microns in diameter,000048b02dd3c6d5.ws-nxcore,waggle-aqt530-5511,-9999.9,000048b02dd3c6d5,registry.sagecontinuum.org/kaludib/waggle-aqt530:1.00,vaisala-aqt530,waggle-aqt530,microgram per cubic meter,W095,core,W095
2026-07-18 04:30:00.475258537+00:00,aqt.particle.pm2.5,0.2,5min,Particulate Matter less than 2.5 microns in diameter,000048b02dd3c6d5.ws-nxcore,waggle-aqt530-5511,-9999.9,000048b02dd3c6d5,registry.sagecontinuum.org/kaludib/waggle-aqt530:1.00,vaisala-aqt530,waggle-aqt530,microgram per cubic meter,W095,core,W095
2026-07-18 04:35:00.692865608+00:00,aqt.particle.pm2.5,0.8,5min,Particulate Matter less than 2.5 microns in diameter,000048b02dd3c6d5.ws-nxcore,waggle-aqt530-5511,-9999.9,000048b02dd3c6d5,registry.sagecontinuum.org/kaludib/waggle-aqt530:1.00,vaisala-aqt530,waggle-aqt530,microgram per cubic meter,W095,core,W095
2026-07-18 04:40:00.902172855+00:00,aqt.particle.pm2.5,3.1,5min,Particulate Matter less than 2.5 microns in diameter,000048b02dd3c6d5.ws-nxcore,waggle-aqt530-5511,-9999.9,000048b02dd3c6d5,registry.sagecontinuum.org/kaludib/waggle-aqt530:1.00,vaisala-aqt530,waggle-aqt530,microgram per cubic meter,W095,core,W095
2026-07-18 04:45:01.118103184+00:00,aqt.particle.pm2.5,2.6,5min,Particulate Matter less than 2.5 microns in diameter,000048b02dd3c6d5.ws-nxcore,waggle-aqt530-5511,-9999.9,000048b02dd3c6d5,registry.sagecontinuum.org/kaludib/waggle-aqt530:1.00,vaisala-aqt530,waggle-aqt530,microgram per cubic meter,W095,core,W095
2026-07-18 04:50:00.331011565+00:00,aqt.particle.pm2.5,5.0,5min,Particulate Matter less than 2.5 microns in diameter,000048b02dd3c6d5.ws-nxcore,waggle-aqt530-5511,-9999.9,000048b02dd3c6d5,registry.sagecontinuum.org/kaludib/waggle-aqt530:1.00,vaisala-aqt530,waggle-aqt530,microgram per cubic meter,W095,core,W095
2026-07-18 04:55:00.564995223+00:00,aqt.particle.pm2.5,6.1,5min,Particulate Matter less than 2.5 microns in diameter,000048b02dd3c6d5.ws-nxcore,waggle-aqt530-5511,-9999.9,000048b02dd3c6d5,registry.sagecontinuum.org/kaludib/waggle-aqt530:1.00,vaisala-aqt530,waggle-aqt530,microgram per cubic meter,W095,core,W095
2026-07-18 05:00:00.762892246+00:00,aqt.particle.pm2.5,6.6,5min,Particulate Matter less than 2.5 microns in diameter,000048b02dd3c6d5.ws-nxcore,waggle-aqt530-5511,-9999.9,000048b02dd3c6d5,registry.sagecontinuum.org/kaludib/waggle-aqt530:1.00,vaisala-aqt530,waggle-aqt530,microgram per cubic meter,W095,core,W095
2026-07-18 05:05:00.983736315+00:00,aqt.particle.pm2.5,7.2,5min,Particulate Matter less than 2.5 microns in diameter,000048b02dd3c6d5.ws-nxcore,waggle-aqt530-5511,-9999.9,000048b02dd3c6d5,registry.sagecontinuum.org/kaludib/waggle-aqt530:1.00,vaisala-aqt530,waggle-aqt530,microgram per cubic meter,W095,core,W095
2026-07-18 05:10:01.205696801+00:00,aqt.particle.pm2.5,12.8,5min,Particulate Matter less than 2.5 microns in diameter,000048b02dd3c6d5.ws-nxcore,waggle-aqt530-5511,-9999.9,000048b02dd3c6d5,registry.sagecontinuum.org/kaludib/waggle-aqt530:1.00,vaisala-aqt530,waggle-aqt530,microgram per cubic meter,W095,core,W095
2026-07-18 05:15:00.417633622+00:00,aqt.particle.pm2.5,15.9,5min,Particulate Matter less than 2.5 microns in diameter,000048b02dd3c6d5.ws-nxcore,waggle-aqt530-5511,-9999.9,000048b02dd3c6d5,registry.sagecontinuum.org/kaludib/waggle-aqt530:1.00,vaisala-aqt530,waggle-aqt530,microgram per cubic meter,W095,core,W095
2026-07-18 05:20:00.623473199+00:00,aqt.particle.pm2.5,20.5,5min,Particulate Matter less than 2.5 microns in diameter,000048b02dd3c6d5.ws-nxcore,waggle-aqt530-5511,-9999.9,000048b02dd3c6d5,registry.sagecontinuum.org/kaludib/waggle-aqt530:1.00,vaisala-aqt530,waggle-aqt530,microgram per cubic meter,W095,core,W095
2026-07-18 05:25:00.865101401+00:00,aqt.particle.pm2.5,18.7,5min,Particulate Matter less than 2.5 microns in diameter,000048b02dd3c6d5.ws-nxcore,waggle-aqt530-5511,-9999.9,000048b02dd3c6d5,registry.sagecontinuum.org/kaludib/waggle-aqt530:1.00,vaisala-aqt530,waggle-aqt530,microgram per cubic meter,W095,core,W095
2026-07-18 05:30:01.112274841+00:00,aqt.particle.pm2.5,19.0,5min,Particulate Matter less than 2.5 microns in diameter,000048b02dd3c6d5.ws-nxcore,waggle-aqt530-5511,-9999.9,000048b02dd3c6d5,registry.sagecontinuum.org/kaludib/waggle-aqt530:1.00,vaisala-aqt530,waggle-aqt530,microgram per cubic meter,W095,core,W095
2026-07-18 05:35:01.335529959+00:00,aqt.particle.pm2.5,16.6,5min,Particulate Matter less than 2.5 microns in diameter,000048b02dd3c6d5.ws-nxcore,waggle-aqt530-5511,-9999.9,000048b02dd3c6d5,registry.sagecontinuum.org/kaludib/waggle-aqt530:1.00,vaisala-aqt530,waggle-aqt530,microgram per cubic meter,W095,core,W095
2026-07-18 05:40:00.560467713+00:00,aqt.particle.pm2.5,16.8,5min,Particulate Matter less than 2.5 microns in diameter,000048b02dd3c6d5.ws-nxcore,waggle-aqt530-5511,-9999.9,000048b02dd3c6d5,registry.sagecontinuum.org/kaludib/waggle-aqt530:1.00,vaisala-aqt530,waggle-aqt530,microgram per cubic meter,W095,core,W095
2026-07-18 05:45:00.789492197+00:00,aqt.particle.pm2.5,15.5,5min,Particulate Matter less than 2.5 microns in diameter,000048b02dd3c6d5.ws-nxcore,waggle-aqt530-5511,-9999.9,000048b02dd3c6d5,registry.sagecontinuum.org/kaludib/waggle-aqt530:1.00,vaisala-aqt530,waggle-aqt530,microgram per cubic meter,W095,core,W095
2026-07-18 05:50:01.017541914+00:00,aqt.particle.pm2.5,18.4,5min,Particulate Matter less than 2.5 microns in diameter,000048b02dd3c6d5.ws-nxcore,waggle-aqt530-5511,-9999.9,000048b02dd3c6d5,registry.sagecontinuum.org/kaludib/waggle-aqt530:1.00,vaisala-aqt530,waggle-aqt530,microgram per cubic meter,W095,core,W095
2026-07-18 05:55:01.242965401+00:00,aqt.particle.pm2.5,17.8,5min,Particulate Matter less than 2.5 microns in diameter,000048b02dd3c6d5.ws-nxcore,waggle-aqt530-5511,-9999.9,000048b02dd3c6d5,registry.sagecontinuum.org/kaludib/waggle-aqt530:1.00,vaisala-aqt530,waggle-aqt530,microgram per cubic meter,W095,core,W095
2026-07-18 06:00:00.457155213+00:00,aqt.particle.pm2.5,14.8,5min,Particulate Matter less than 2.5 microns in diameter,000048b02dd3c6d5.ws-nxcore,waggle-aqt530-5511,-9999.9,000048b02dd3c6d5,registry.sagecontinuum.org/kaludib/waggle-aqt530:1.00,vaisala-aqt530,waggle-aqt530,microgram per cubic meter,W095,core,W095
2026-07-18 06:05:00.664733644+00:00,aqt.particle.pm2.5,12.4,5min,Particulate Matter less than 2.5 microns in diameter,000048b02dd3c6d5.ws-nxcore,waggle-aqt530-5511,-9999.9,000048b02dd3c6d5,registry.sagecontinuum.org/kaludib/waggle-aqt530:1.00,vaisala-aqt530,waggle-aqt530,microgram per cubic meter,W095,core,W095
2026-07-18 06:10:00.886979187+00:00,aqt.particle.pm2.5,5.7,5min,Particulate Matter less than 2.5 microns in diameter,000048b02dd3c6d5.ws-nxcore,waggle-aqt530-5511,-9999.9,000048b02dd3c6d5,registry.sagecontinuum.org/kaludib/waggle-aqt530:1.00,vaisala-aqt530,waggle-aqt530,microgram per cubic meter,W095,core,W095
2026-07-18 06:15:01.095777095+00:00,aqt.particle.pm2.5,3.1,5min,Particulate Matter less than 2.5 microns in diameter,000048b02dd3c6d5.ws-nxcore,waggle-aqt530-5511,-9999.9,000048b02dd3c6d5,registry.sagecontinuum.org/kaludib/waggle-aqt530:1.00,vaisala-aqt530,waggle-aqt530,microgram per cubic meter,W095,core,W095
2026-07-18 06:20:01.337707409+00:00,aqt.particle.pm2.5,2.5,5min,Particulate Matter less than 2.5 microns in diameter,000048b02dd3c6d5.ws-nxcore,waggle-aqt530-5511,-9999.9,000048b02dd3c6d5,registry.sagecontinuum.org/kaludib/waggle-aqt530:1.00,vaisala-aqt530,waggle-aqt530,microgram per cubic meter,W095,core,W095
2026-07-18 06:25:00.536164488+00:00,aqt.particle.pm2.5,1.4,5min,Particulate Matter less than 2.5 microns in diameter,000048b02dd3c6d5.ws-nxcore,waggle-aqt530-5511,-9999.9,000048b02dd3c6d5,registry.sagecontinuum.org/kaludib/waggle-aqt530:1.00,vaisala-aqt530,waggle-aqt530,microgram per cubic meter,W095,core,W095
2026-07-18 06:30:00.760538845+00:00,aqt.particle.pm2.5,1.1,5min,Particulate Matter less than 2.5 microns in diameter,000048b02dd3c6d5.ws-nxcore,waggle-aqt530-5511,-9999.9,000048b02dd3c6d5,registry.sagecontinuum.org/kaludib/waggle-aqt530:1.00,vaisala-aqt530,waggle-aqt530,microgram per cubic meter,W095,core,W095
2026-07-18 06:35:00.970111687+00:00,aqt.particle.pm2.5,0.7,5min,Particulate Matter less than 2.5 microns in diameter,000048b02dd3c6d5.ws-nxcore,waggle-aqt530-5511,-9999.9,000048b02dd3c6d5,registry.sagecontinuum.org/kaludib/waggle-aqt530:1.00,vaisala-aqt530,waggle-aqt530,microgram per cubic meter,W095,core,W095
2026-07-18 06:40:01.194489876+00:00,aqt.particle.pm2.5,0.0,5min,Particulate Matter less than 2.5 microns in diameter,000048b02dd3c6d5.ws-nxcore,waggle-aqt530-5511,-9999.9,000048b02dd3c6d5,registry.sagecontinuum.org/kaludib/waggle-aqt530:1.00,vaisala-aqt530,waggle-aqt530,microgram per cubic meter,W095,core,W095
2026-07-18 06:45:00.412658342+00:00,aqt.particle.pm2.5,0.0,5min,Particulate Matter less than 2.5 microns in diameter,000048b02dd3c6d5.ws-nxcore,waggle-aqt530-5511,-9999.9,000048b02dd3c6d5,registry.sagecontinuum.org/kaludib/waggle-aqt530:1.00,vaisala-aqt530,waggle-aqt530,microgram per cubic meter,W095,core,W095
2026-07-18 06:50:00.570741421+00:00,aqt.particle.pm2.5,0.0,5min,Particulate Matter less than 2.5 microns in diameter,000048b02dd3c6d5.ws-nxcore,waggle-aqt530-5511,-9999.9,000048b02dd3c6d5,registry.sagecontinuum.org/kaludib/waggle-aqt530:1.00,vaisala-aqt530,waggle-aqt530,microgram per cubic meter,W095,core,W095
2026-07-18 06:55:00.711430053+00:00,aqt.particle.pm2.5,0.0,5min,Particulate Matter less than 2.5 microns in diameter,000048b02dd3c6d5.ws-nxcore,waggle-aqt530-5511,-9999.9,000048b02dd3c6d5,registry.sagecontinuum.org/kaludib/waggle-aqt530:1.00,vaisala-aqt530,waggle-aqt530,microgram per cubic meter,W095,core,W095
2026-07-18 07:00:00.887139907+00:00,aqt.particle.pm2.5,0.0,5min,Particulate Matter less than 2.5 microns in diameter,000048b02dd3c6d5.ws-nxcore,waggle-aqt530-5511,-9999.9,000048b02dd3c6d5,registry.sagecontinuum.org/kaludib/waggle-aqt530:1.00,vaisala-aqt530,waggle-aqt530,microgram per cubic meter,W095,core,W095
2026-07-18 07:05:01.084048928+00:00,aqt.particle.pm2.5,0.0,5min,Particulate Matter less than 2.5 microns in diameter,000048b02dd3c6d5.ws-nxcore,waggle-aqt530-5511,-9999.9,000048b02dd3c6d5,registry.sagecontinuum.org/kaludib/waggle-aqt530:1.00,vaisala-aqt530,waggle-aqt530,microgram per cubic meter,W095,core,W095
2026-07-18 07:10:00.308874385+00:00,aqt.particle.pm2.5,0.0,5min,Particulate Matter less than 2.5 microns in diameter,000048b02dd3c6d5.ws-nxcore,waggle-aqt530-5511,-9999.9,000048b02dd3c6d5,registry.sagecontinuum.org/kaludib/waggle-aqt530:1.00,vaisala-aqt530,waggle-aqt530,microgram per cubic meter,W095,core,W095
2026-07-18 07:15:00.519573800+00:00,aqt.particle.pm2.5,0.0,5min,Particulate Matter less than 2.5 microns in diameter,000048b02dd3c6d5.ws-nxcore,waggle-aqt530-5511,-9999.9,000048b02dd3c6d5,registry.sagecontinuum.org/kaludib/waggle-aqt530:1.00,vaisala-aqt530,waggle-aqt530,microgram per cubic meter,W095,core,W095
2026-07-18 07:20:00.716842167+00:00,aqt.particle.pm2.5,0.0,5min,Particulate Matter less than 2.5 microns in diameter,000048b02dd3c6d5.ws-nxcore,waggle-aqt530-5511,-9999.9,000048b02dd3c6d5,registry.sagecontinuum.org/kaludib/waggle-aqt530:1.00,vaisala-aqt530,waggle-aqt530,microgram per cubic meter,W095,core,W095
2026-07-18 07:25:00.925250186+00:00,aqt.particle.pm2.5,0.0,5min,Particulate Matter less than 2.5 microns in diameter,000048b02dd3c6d5.ws-nxcore,waggle-aqt530-5511,-9999.9,000048b02dd3c6d5,registry.sagecontinuum.org/kaludib/waggle-aqt530:1.00,vaisala-aqt530,waggle-aqt530,microgram per cubic meter,W095,core,W095
2026-07-18 07:30:00.125539714+00:00,aqt.particle.pm2.5,0.0,5min,Particulate Matter less than 2.5 microns in diameter,000048b02dd3c6d5.ws-nxcore,waggle-aqt530-5511,-9999.9,000048b02dd3c6d5,registry.sagecontinuum.org/kaludib/waggle-aqt530:1.00,vaisala-aqt530,waggle-aqt530,microgram per cubic meter,W095,core,W095
2026-07-18 07:35:00.331996951+00:00,aqt.particle.pm2.5,0.0,5min,Particulate Matter less than 2.5 microns in diameter,000048b02dd3c6d5.ws-nxcore,waggle-aqt530-5511,-9999.9,000048b02dd3c6d5,registry.sagecontinuum.org/kaludib/waggle-aqt530:1.00,vaisala-aqt530,waggle-aqt530,microgram per cubic meter,W095,core,W095
2026-07-18 07:40:00.523939058+00:00,aqt.particle.pm2.5,0.0,5min,Particulate Matter less than 2.5 microns in diameter,000048b02dd3c6d5.ws-nxcore,waggle-aqt530-5511,-9999.9,000048b02dd3c6d5,registry.sagecontinuum.org/kaludib/waggle-aqt530:1.00,vaisala-aqt530,waggle-aqt530,microgram per cubic meter,W095,core,W095
2026-07-18 07:45:00.727016607+00:00,aqt.particle.pm2.5,0.0,5min,Particulate Matter less than 2.5 microns in diameter,000048b02dd3c6d5.ws-nxcore,waggle-aqt530-5511,-9999.9,000048b02dd3c6d5,registry.sagecontinuum.org/kaludib/waggle-aqt530:1.00,vaisala-aqt530,waggle-aqt530,microgram per cubic meter,W095,core,W095
2026-07-18 07:50:00.934370945+00:00,aqt.particle.pm2.5,0.0,5min,Particulate Matter less than 2.5 microns in diameter,000048b02dd3c6d5.ws-nxcore,waggle-aqt530-5511,-9999.9,000048b02dd3c6d5,registry.sagecontinuum.org/kaludib/waggle-aqt530:1.00,vaisala-aqt530,waggle-aqt530,microgram per cubic meter,W095,core,W095
2026-07-18 07:55:00.129563234+00:00,aqt.particle.pm2.5,0.0,5min,Particulate Matter less than 2.5 microns in diameter,000048b02dd3c6d5.ws-nxcore,waggle-aqt530-5511,-9999.9,000048b02dd3c6d5,registry.sagecontinuum.org/kaludib/waggle-aqt530:1.00,vaisala-aqt530,waggle-aqt530,microgram per cubic meter,W095,core,W095
2026-07-18 08:00:00.540144784+00:00,aqt.particle.pm2.5,0.0,5min,Particulate Matter less than 2.5 microns in diameter,000048b02dd3c6d5.ws-nxcore,waggle-aqt530-5511,-9999.9,000048b02dd3c6d5,registry.sagecontinuum.org/kaludib/waggle-aqt530:1.00,vaisala-aqt530,waggle-aqt530,microgram per cubic meter,W095,core,W095
2026-07-18 08:05:00.853468625+00:00,aqt.particle.pm2.5,0.0,5min,Particulate Matter less than 2.5 microns in diameter,000048b02dd3c6d5.ws-nxcore,waggle-aqt530-5511,-9999.9,000048b02dd3c6d5,registry.sagecontinuum.org/kaludib/waggle-aqt530:1.00,vaisala-aqt530,waggle-aqt530,microgram per cubic meter,W095,core,W095
2026-07-18 08:10:00.906026663+00:00,aqt.particle.pm2.5,1.4,5min,Particulate Matter less than 2.5 microns in diameter,000048b02dd3c6d5.ws-nxcore,waggle-aqt530-5511,-9999.9,000048b02dd3c6d5,registry.sagecontinuum.org/kaludib/waggle-aqt530:1.00,vaisala-aqt530,waggle-aqt530,microgram per cubic meter,W095,core,W095
2026-07-18 08:15:01.142061996+00:00,aqt.particle.pm2.5,2.6,5min,Particulate Matter less than 2.5 microns in diameter,000048b02dd3c6d5.ws-nxcore,waggle-aqt530-5511,-9999.9,000048b02dd3c6d5,registry.sagecontinuum.org/kaludib/waggle-aqt530:1.00,vaisala-aqt530,waggle-aqt530,microgram per cubic meter,W095,core,W095
2026-07-18 08:20:00.424623523+00:00,aqt.particle.pm2.5,2.4,5min,Particulate Matter less than 2.5 microns in diameter,000048b02dd3c6d5.ws-nxcore,waggle-aqt530-5511,-9999.9,000048b02dd3c6d5,registry.sagecontinuum.org/kaludib/waggle-aqt530:1.00,vaisala-aqt530,waggle-aqt530,microgram per cubic meter,W095,core,W095
2026-07-18 08:25:00.603421499+00:00,aqt.particle.pm2.5,0.8,5min,Particulate Matter less than 2.5 microns in diameter,000048b02dd3c6d5.ws-nxcore,waggle-aqt530-5511,-9999.9,000048b02dd3c6d5,registry.sagecontinuum.org/kaludib/waggle-aqt530:1.00,vaisala-aqt530,waggle-aqt530,microgram per cubic meter,W095,core,W095
2026-07-18 08:30:00.822755757+00:00,aqt.particle.pm2.5,1.0,5min,Particulate Matter less than 2.5 microns in diameter,000048b02dd3c6d5.ws-nxcore,waggle-aqt530-5511,-9999.9,000048b02dd3c6d5,registry.sagecontinuum.org/kaludib/waggle-aqt530:1.00,vaisala-aqt530,waggle-aqt530,microgram per cubic meter,W095,core,W095
2026-07-18 08:35:01.002000502+00:00,aqt.particle.pm2.5,1.0,5min,Particulate Matter less than 2.5 microns in diameter,000048b02dd3c6d5.ws-nxcore,waggle-aqt530-5511,-9999.9,000048b02dd3c6d5,registry.sagecontinuum.org/kaludib/waggle-aqt530:1.00,vaisala-aqt530,waggle-aqt530,microgram per cubic meter,W095,core,W095
2026-07-18 08:40:00.249380435+00:00,aqt.particle.pm2.5,0.9,5min,Particulate Matter less than 2.5 microns in diameter,000048b02dd3c6d5.ws-nxcore,waggle-aqt530-5511,-9999.9,000048b02dd3c6d5,registry.sagecontinuum.org/kaludib/waggle-aqt530:1.00,vaisala-aqt530,waggle-aqt530,microgram per cubic meter,W095,core,W095
2026-07-18 08:45:00.478676201+00:00,aqt.particle.pm2.5,0.5,5min,Particulate Matter less than 2.5 microns in diameter,000048b02dd3c6d5.ws-nxcore,waggle-aqt530-5511,-9999.9,000048b02dd3c6d5,registry.sagecontinuum.org/kaludib/waggle-aqt530:1.00,vaisala-aqt530,waggle-aqt530,microgram per cubic meter,W095,core,W095
2026-07-18 08:50:00.733799958+00:00,aqt.particle.pm2.5,0.4,5min,Particulate Matter less than 2.5 microns in diameter,000048b02dd3c6d5.ws-nxcore,waggle-aqt530-5511,-9999.9,000048b02dd3c6d5,registry.sagecontinuum.org/kaludib/waggle-aqt530:1.00,vaisala-aqt530,waggle-aqt530,microgram per cubic meter,W095,core,W095
2026-07-18 08:55:00.983993362+00:00,aqt.particle.pm2.5,0.5,5min,Particulate Matter less than 2.5 microns in diameter,000048b02dd3c6d5.ws-nxcore,waggle-aqt530-5511,-9999.9,000048b02dd3c6d5,registry.sagecontinuum.org/kaludib/waggle-aqt530:1.00,vaisala-aqt530,waggle-aqt530,microgram per cubic meter,W095,core,W095
2026-07-18 09:00:01.235151354+00:00,aqt.particle.pm2.5,0.5,5min,Particulate Matter less than 2.5 microns in diameter,000048b02dd3c6d5.ws-nxcore,waggle-aqt530-5511,-9999.9,000048b02dd3c6d5,registry.sagecontinuum.org/kaludib/waggle-aqt530:1.00,vaisala-aqt530,waggle-aqt530,microgram per cubic meter,W095,core,W095
2026-07-18 09:05:00.473683005+00:00,aqt.particle.pm2.5,0.6,5min,Particulate Matter less than 2.5 microns in diameter,000048b02dd3c6d5.ws-nxcore,waggle-aqt530-5511,-9999.9,000048b02dd3c6d5,registry.sagecontinuum.org/kaludib/waggle-aqt530:1.00,vaisala-aqt530,waggle-aqt530,microgram per cubic meter,W095,core,W095
2026-07-18 09:10:00.687028957+00:00,aqt.particle.pm2.5,0.5,5min,Particulate Matter less than 2.5 microns in diameter,000048b02dd3c6d5.ws-nxcore,waggle-aqt530-5511,-9999.9,000048b02dd3c6d5,registry.sagecontinuum.org/kaludib/waggle-aqt530:1.00,vaisala-aqt530,waggle-aqt530,microgram per cubic meter,W095,core,W095
2026-07-18 09:15:00.873296833+00:00,aqt.particle.pm2.5,0.7,5min,Particulate Matter less than 2.5 microns in diameter,000048b02dd3c6d5.ws-nxcore,waggle-aqt530-5511,-9999.9,000048b02dd3c6d5,registry.sagecontinuum.org/kaludib/waggle-aqt530:1.00,vaisala-aqt530,waggle-aqt530,microgram per cubic meter,W095,core,W095
2026-07-18 09:20:01.097123097+00:00,aqt.particle.pm2.5,0.7,5min,Particulate Matter less than 2.5 microns in diameter,000048b02dd3c6d5.ws-nxcore,waggle-aqt530-5511,-9999.9,000048b02dd3c6d5,registry.sagecontinuum.org/kaludib/waggle-aqt530:1.00,vaisala-aqt530,waggle-aqt530,microgram per cubic meter,W095,core,W095
2026-07-18 09:25:00.315748444+00:00,aqt.particle.pm2.5,2.1,5min,Particulate Matter less than 2.5 microns in diameter,000048b02dd3c6d5.ws-nxcore,waggle-aqt530-5511,-9999.9,000048b02dd3c6d5,registry.sagecontinuum.org/kaludib/waggle-aqt530:1.00,vaisala-aqt530,waggle-aqt530,microgram per cubic meter,W095,core,W095
2026-07-18 09:30:00.351435443+00:00,aqt.particle.pm2.5,1.7,5min,Particulate Matter less than 2.5 microns in diameter,000048b02dd3c6d5.ws-nxcore,waggle-aqt530-5511,-9999.9,000048b02dd3c6d5,registry.sagecontinuum.org/kaludib/waggle-aqt530:1.00,vaisala-aqt530,waggle-aqt530,microgram per cubic meter,W095,core,W095
2026-07-18 09:35:00.531740133+00:00,aqt.particle.pm2.5,2.8,5min,Particulate Matter less than 2.5 microns in diameter,000048b02dd3c6d5.ws-nxcore,waggle-aqt530-5511,-9999.9,000048b02dd3c6d5,registry.sagecontinuum.org/kaludib/waggle-aqt530:1.00,vaisala-aqt530,waggle-aqt530,microgram per cubic meter,W095,core,W095
2026-07-18 09:40:00.756451641+00:00,aqt.particle.pm2.5,1.6,5min,Particulate Matter less than 2.5 microns in diameter,000048b02dd3c6d5.ws-nxcore,waggle-aqt530-5511,-9999.9,000048b02dd3c6d5,registry.sagecontinuum.org/kaludib/waggle-aqt530:1.00,vaisala-aqt530,waggle-aqt530,microgram per cubic meter,W095,core,W095
2026-07-18 09:45:01.017645039+00:00,aqt.particle.pm2.5,3.8,5min,Particulate Matter less than 2.5 microns in diameter,000048b02dd3c6d5.ws-nxcore,waggle-aqt530-5511,-9999.9,000048b02dd3c6d5,registry.sagecontinuum.org/kaludib/waggle-aqt530:1.00,vaisala-aqt530,waggle-aqt530,microgram per cubic meter,W095,core,W095
2026-07-18 09:50:00.256298006+00:00,aqt.particle.pm2.5,4.2,5min,Particulate Matter less than 2.5 microns in diameter,000048b02dd3c6d5.ws-nxcore,waggle-aqt530-5511,-9999.9,000048b02dd3c6d5,registry.sagecontinuum.org/kaludib/waggle-aqt530:1.00,vaisala-aqt530,waggle-aqt530,microgram per cubic meter,W095,core,W095
2026-07-18 09:55:00.524167838+00:00,aqt.particle.pm2.5,3.6,5min,Particulate Matter less than 2.5 microns in diameter,000048b02dd3c6d5.ws-nxcore,waggle-aqt530-5511,-9999.9,000048b02dd3c6d5,registry.sagecontinuum.org/kaludib/waggle-aqt530:1.00,vaisala-aqt530,waggle-aqt530,microgram per cubic meter,W095,core,W095
2026-07-18 10:00:00.736650407+00:00,aqt.particle.pm2.5,2.8,5min,Particulate Matter less than 2.5 microns in diameter,000048b02dd3c6d5.ws-nxcore,waggle-aqt530-5511,-9999.9,000048b02dd3c6d5,registry.sagecontinuum.org/kaludib/waggle-aqt530:1.00,vaisala-aqt530,waggle-aqt530,microgram per cubic meter,W095,core,W095
2026-07-18 10:05:00.921994651+00:00,aqt.particle.pm2.5,1.6,5min,Particulate Matter less than 2.5 microns in diameter,000048b02dd3c6d5.ws-nxcore,waggle-aqt530-5511,-9999.9,000048b02dd3c6d5,registry.sagecontinuum.org/kaludib/waggle-aqt530:1.00,vaisala-aqt530,waggle-aqt530,microgram per cubic meter,W095,core,W095
2026-07-18 10:10:01.119184116+00:00,aqt.particle.pm2.5,1.1,5min,Particulate Matter less than 2.5 microns in diameter,000048b02dd3c6d5.ws-nxcore,waggle-aqt530-5511,-9999.9,000048b02dd3c6d5,registry.sagecontinuum.org/kaludib/waggle-aqt530:1.00,vaisala-aqt530,waggle-aqt530,microgram per cubic meter,W095,core,W095
2026-07-18 10:15:00.305866134+00:00,aqt.particle.pm2.5,1.3,5min,Particulate Matter less than 2.5 microns in diameter,000048b02dd3c6d5.ws-nxcore,waggle-aqt530-5511,-9999.9,000048b02dd3c6d5,registry.sagecontinuum.org/kaludib/waggle-aqt530:1.00,vaisala-aqt530,waggle-aqt530,microgram per cubic meter,W095,core,W095
2026-07-18 10:20:00.497802099+00:00,aqt.particle.pm2.5,2.1,5min,Particulate Matter less than 2.5 microns in diameter,000048b02dd3c6d5.ws-nxcore,waggle-aqt530-5511,-9999.9,000048b02dd3c6d5,registry.sagecontinuum.org/kaludib/waggle-aqt530:1.00,vaisala-aqt530,waggle-aqt530,microgram per cubic meter,W095,core,W095
2026-07-18 10:25:00.708712658+00:00,aqt.particle.pm2.5,2.6,5min,Particulate Matter less than 2.5 microns in diameter,000048b02dd3c6d5.ws-nxcore,waggle-aqt530-5511,-9999.9,000048b02dd3c6d5,registry.sagecontinuum.org/kaludib/waggle-aqt530:1.00,vaisala-aqt530,waggle-aqt530,microgram per cubic meter,W095,core,W095
2026-07-18 10:30:00.975067611+00:00,aqt.particle.pm2.5,2.9,5min,Particulate Matter less than 2.5 microns in diameter,000048b02dd3c6d5.ws-nxcore,waggle-aqt530-5511,-9999.9,000048b02dd3c6d5,registry.sagecontinuum.org/kaludib/waggle-aqt530:1.00,vaisala-aqt530,waggle-aqt530,microgram per cubic meter,W095,core,W095
2026-07-18 10:35:00.206074830+00:00,aqt.particle.pm2.5,2.9,5min,Particulate Matter less than 2.5 microns in diameter,000048b02dd3c6d5.ws-nxcore,waggle-aqt530-5511,-9999.9,000048b02dd3c6d5,registry.sagecontinuum.org/kaludib/waggle-aqt530:1.00,vaisala-aqt530,waggle-aqt530,microgram per cubic meter,W095,core,W095
2026-07-18 10:40:00.416168200+00:00,aqt.particle.pm2.5,2.8,5min,Particulate Matter less than 2.5 microns in diameter,000048b02dd3c6d5.ws-nxcore,waggle-aqt530-5511,-9999.9,000048b02dd3c6d5,registry.sagecontinuum.org/kaludib/waggle-aqt530:1.00,vaisala-aqt530,waggle-aqt530,microgram per cubic meter,W095,core,W095
2026-07-18 10:45:00.606753051+00:00,aqt.particle.pm2.5,2.4,5min,Particulate Matter less than 2.5 microns in diameter,000048b02dd3c6d5.ws-nxcore,waggle-aqt530-5511,-9999.9,000048b02dd3c6d5,registry.sagecontinuum.org/kaludib/waggle-aqt530:1.00,vaisala-aqt530,waggle-aqt530,microgram per cubic meter,W095,core,W095
2026-07-18 10:50:00.799565212+00:00,aqt.particle.pm2.5,1.9,5min,Particulate Matter less than 2.5 microns in diameter,000048b02dd3c6d5.ws-nxcore,waggle-aqt530-5511,-9999.9,000048b02dd3c6d5,registry.sagecontinuum.org/kaludib/waggle-aqt530:1.00,vaisala-aqt530,waggle-aqt530,microgram per cubic meter,W095,core,W095
2026-07-18 10:55:00.992271577+00:00,aqt.particle.pm2.5,5.1,5min,Particulate Matter less than 2.5 microns in diameter,000048b02dd3c6d5.ws-nxcore,waggle-aqt530-5511,-9999.9,000048b02dd3c6d5,registry.sagecontinuum.org/kaludib/waggle-aqt530:1.00,vaisala-aqt530,waggle-aqt530,microgram per cubic meter,W095,core,W095
2026-07-18 11:00:00.224095111+00:00,aqt.particle.pm2.5,3.8,5min,Particulate Matter less than 2.5 microns in diameter,000048b02dd3c6d5.ws-nxcore,waggle-aqt530-5511,-9999.9,000048b02dd3c6d5,registry.sagecontinuum.org/kaludib/waggle-aqt530:1.00,vaisala-aqt530,waggle-aqt530,microgram per cubic meter,W095,core,W095
2026-07-18 11:05:00.411047097+00:00,aqt.particle.pm2.5,2.2,5min,Particulate Matter less than 2.5 microns in diameter,000048b02dd3c6d5.ws-nxcore,waggle-aqt530-5511,-9999.9,000048b02dd3c6d5,registry.sagecontinuum.org/kaludib/waggle-aqt530:1.00,vaisala-aqt530,waggle-aqt530,microgram per cubic meter,W095,core,W095
2026-07-18 11:10:00.623940287+00:00,aqt.particle.pm2.5,2.2,5min,Particulate Matter less than 2.5 microns in diameter,000048b02dd3c6d5.ws-nxcore,waggle-aqt530-5511,-9999.9,000048b02dd3c6d5,registry.sagecontinuum.org/kaludib/waggle-aqt530:1.00,vaisala-aqt530,waggle-aqt530,microgram per cubic meter,W095,core,W095
2026-07-18 11:15:00.929399730+00:00,aqt.particle.pm2.5,2.3,5min,Particulate Matter less than 2.5 microns in diameter,000048b02dd3c6d5.ws-nxcore,waggle-aqt530-5511,-9999.9,000048b02dd3c6d5,registry.sagecontinuum.org/kaludib/waggle-aqt530:1.00,vaisala-aqt530,waggle-aqt530,microgram per cubic meter,W095,core,W095
2026-07-18 11:20:00.210594389+00:00,aqt.particle.pm2.5,2.5,5min,Particulate Matter less than 2.5 microns in diameter,000048b02dd3c6d5.ws-nxcore,waggle-aqt530-5511,-9999.9,000048b02dd3c6d5,registry.sagecontinuum.org/kaludib/waggle-aqt530:1.00,vaisala-aqt530,waggle-aqt530,microgram per cubic meter,W095,core,W095
2026-07-18 11:25:00.447521118+00:00,aqt.particle.pm2.5,2.2,5min,Particulate Matter less than 2.5 microns in diameter,000048b02dd3c6d5.ws-nxcore,waggle-aqt530-5511,-9999.9,000048b02dd3c6d5,registry.sagecontinuum.org/kaludib/waggle-aqt530:1.00,vaisala-aqt530,waggle-aqt530,microgram per cubic meter,W095,core,W095
2026-07-18 11:30:00.562284432+00:00,aqt.particle.pm2.5,2.4,5min,Particulate Matter less than 2.5 microns in diameter,000048b02dd3c6d5.ws-nxcore,waggle-aqt530-5511,-9999.9,000048b02dd3c6d5,registry.sagecontinuum.org/kaludib/waggle-aqt530:1.00,vaisala-aqt530,waggle-aqt530,microgram per cubic meter,W095,core,W095
2026-07-18 11:35:00.773888636+00:00,aqt.particle.pm2.5,2.3,5min,Particulate Matter less than 2.5 microns in diameter,000048b02dd3c6d5.ws-nxcore,waggle-aqt530-5511,-9999.9,000048b02dd3c6d5,registry.sagecontinuum.org/kaludib/waggle-aqt530:1.00,vaisala-aqt530,waggle-aqt530,microgram per cubic meter,W095,core,W095
2026-07-18 11:40:01.008320569+00:00,aqt.particle.pm2.5,2.4,5min,Particulate Matter less than 2.5 microns in diameter,000048b02dd3c6d5.ws-nxcore,waggle-aqt530-5511,-9999.9,000048b02dd3c6d5,registry.sagecontinuum.org/kaludib/waggle-aqt530:1.00,vaisala-aqt530,waggle-aqt530,microgram per cubic meter,W095,core,W095
2026-07-18 11:45:00.231246830+00:00,aqt.particle.pm2.5,2.4,5min,Particulate Matter less than 2.5 microns in diameter,000048b02dd3c6d5.ws-nxcore,waggle-aqt530-5511,-9999.9,000048b02dd3c6d5,registry.sagecontinuum.org/kaludib/waggle-aqt530:1.00,vaisala-aqt530,waggle-aqt530,microgram per cubic meter,W095,core,W095
2026-07-18 11:50:00.460221615+00:00,aqt.particle.pm2.5,1.9,5min,Particulate Matter less than 2.5 microns in diameter,000048b02dd3c6d5.ws-nxcore,waggle-aqt530-5511,-9999.9,000048b02dd3c6d5,registry.sagecontinuum.org/kaludib/waggle-aqt530:1.00,vaisala-aqt530,waggle-aqt530,microgram per cubic meter,W095,core,W095
2026-07-18 11:55:00.678217604+00:00,aqt.particle.pm2.5,2.6,5min,Particulate Matter less than 2.5 microns in diameter,000048b02dd3c6d5.ws-nxcore,waggle-aqt530-5511,-9999.9,000048b02dd3c6d5,registry.sagecontinuum.org/kaludib/waggle-aqt530:1.00,vaisala-aqt530,waggle-aqt530,microgram per cubic meter,W095,core,W095
2026-07-18 12:00:00.903382937+00:00,aqt.particle.pm2.5,2.6,5min,Particulate Matter less than 2.5 microns in diameter,000048b02dd3c6d5.ws-nxcore,waggle-aqt530-5511,-9999.9,000048b02dd3c6d5,registry.sagecontinuum.org/kaludib/waggle-aqt530:1.00,vaisala-aqt530,waggle-aqt530,microgram per cubic meter,W095,core,W095
2026-07-18 12:05:00.125555880+00:00,aqt.particle.pm2.5,1.6,5min,Particulate Matter less than 2.5 microns in diameter,000048b02dd3c6d5.ws-nxcore,waggle-aqt530-5511,-9999.9,000048b02dd3c6d5,registry.sagecontinuum.org/kaludib/waggle-aqt530:1.00,vaisala-aqt530,waggle-aqt530,microgram per cubic meter,W095,core,W095
2026-07-18 12:10:00.355061883+00:00,aqt.particle.pm2.5,1.8,5min,Particulate Matter less than 2.5 microns in diameter,000048b02dd3c6d5.ws-nxcore,waggle-aqt530-5511,-9999.9,000048b02dd3c6d5,registry.sagecontinuum.org/kaludib/waggle-aqt530:1.00,vaisala-aqt530,waggle-aqt530,microgram per cubic meter,W095,core,W095
2026-07-18 12:15:00.567250866+00:00,aqt.particle.pm2.5,1.2,5min,Particulate Matter less than 2.5 microns in diameter,000048b02dd3c6d5.ws-nxcore,waggle-aqt530-5511,-9999.9,000048b02dd3c6d5,registry.sagecontinuum.org/kaludib/waggle-aqt530:1.00,vaisala-aqt530,waggle-aqt530,microgram per cubic meter,W095,core,W095
2026-07-18 12:20:00.795142577+00:00,aqt.particle.pm2.5,1.4,5min,Particulate Matter less than 2.5 microns in diameter,000048b02dd3c6d5.ws-nxcore,waggle-aqt530-5511,-9999.9,000048b02dd3c6d5,registry.sagecontinuum.org/kaludib/waggle-aqt530:1.00,vaisala-aqt530,waggle-aqt530,microgram per cubic meter,W095,core,W095
2026-07-18 12:25:01.017387424+00:00,aqt.particle.pm2.5,0.7,5min,Particulate Matter less than 2.5 microns in diameter,000048b02dd3c6d5.ws-nxcore,waggle-aqt530-5511,-9999.9,000048b02dd3c6d5,registry.sagecontinuum.org/kaludib/waggle-aqt530:1.00,vaisala-aqt530,waggle-aqt530,microgram per cubic meter,W095,core,W095
2026-07-18 12:30:00.182990576+00:00,aqt.particle.pm2.5,0.4,5min,Particulate Matter less than 2.5 microns in diameter,000048b02dd3c6d5.ws-nxcore,waggle-aqt530-5511,-9999.9,000048b02dd3c6d5,registry.sagecontinuum.org/kaludib/waggle-aqt530:1.00,vaisala-aqt530,waggle-aqt530,microgram per cubic meter,W095,core,W095
2026-07-18 12:35:00.356412396+00:00,aqt.particle.pm2.5,0.6,5min,Particulate Matter less than 2.5 microns in diameter,000048b02dd3c6d5.ws-nxcore,waggle-aqt530-5511,-9999.9,000048b02dd3c6d5,registry.sagecontinuum.org/kaludib/waggle-aqt530:1.00,vaisala-aqt530,waggle-aqt530,microgram per cubic meter,W095,core,W095
2026-07-18 12:40:00.559000359+00:00,aqt.particle.pm2.5,0.9,5min,Particulate Matter less than 2.5 microns in diameter,000048b02dd3c6d5.ws-nxcore,waggle-aqt530-5511,-9999.9,000048b02dd3c6d5,registry.sagecontinuum.org/kaludib/waggle-aqt530:1.00,vaisala-aqt530,waggle-aqt530,microgram per cubic meter,W095,core,W095
2026-07-18 12:45:00.794600343+00:00,aqt.particle.pm2.5,0.9,5min,Particulate Matter less than 2.5 microns in diameter,000048b02dd3c6d5.ws-nxcore,waggle-aqt530-5511,-9999.9,000048b02dd3c6d5,registry.sagecontinuum.org/kaludib/waggle-aqt530:1.00,vaisala-aqt530,waggle-aqt530,microgram per cubic meter,W095,core,W095
2026-07-18 12:50:00.964423821+00:00,aqt.particle.pm2.5,0.5,5min,Particulate Matter less than 2.5 microns in diameter,000048b02dd3c6d5.ws-nxcore,waggle-aqt530-5511,-9999.9,000048b02dd3c6d5,registry.sagecontinuum.org/kaludib/waggle-aqt530:1.00,vaisala-aqt530,waggle-aqt530,microgram per cubic meter,W095,core,W095
2026-07-18 12:55:00.170624195+00:00,aqt.particle.pm2.5,1.6,5min,Particulate Matter less than 2.5 microns in diameter,000048b02dd3c6d5.ws-nxcore,waggle-aqt530-5511,-9999.9,000048b02dd3c6d5,registry.sagecontinuum.org/kaludib/waggle-aqt530:1.00,vaisala-aqt530,waggle-aqt530,microgram per cubic meter,W095,core,W095
2026-07-18 13:00:00.387639978+00:00,aqt.particle.pm2.5,1.4,5min,Particulate Matter less than 2.5 microns in diameter,000048b02dd3c6d5.ws-nxcore,waggle-aqt530-5511,-9999.9,000048b02dd3c6d5,registry.sagecontinuum.org/kaludib/waggle-aqt530:1.00,vaisala-aqt530,waggle-aqt530,microgram per cubic meter,W095,core,W095
2026-07-18 13:05:00.604858502+00:00,aqt.particle.pm2.5,1.1,5min,Particulate Matter less than 2.5 microns in diameter,000048b02dd3c6d5.ws-nxcore,waggle-aqt530-5511,-9999.9,000048b02dd3c6d5,registry.sagecontinuum.org/kaludib/waggle-aqt530:1.00,vaisala-aqt530,waggle-aqt530,microgram per cubic meter,W095,core,W095
2026-07-18 13:10:00.807617140+00:00,aqt.particle.pm2.5,0.6,5min,Particulate Matter less than 2.5 microns in diameter,000048b02dd3c6d5.ws-nxcore,waggle-aqt530-5511,-9999.9,000048b02dd3c6d5,registry.sagecontinuum.org/kaludib/waggle-aqt530:1.00,vaisala-aqt530,waggle-aqt530,microgram per cubic meter,W095,core,W095
2026-07-18 13:15:00.017655519+00:00,aqt.particle.pm2.5,0.2,5min,Particulate Matter less than 2.5 microns in diameter,000048b02dd3c6d5.ws-nxcore,waggle-aqt530-5511,-9999.9,000048b02dd3c6d5,registry.sagecontinuum.org/kaludib/waggle-aqt530:1.00,vaisala-aqt530,waggle-aqt530,microgram per cubic meter,W095,core,W095
2026-07-18 13:20:00.233630662+00:00,aqt.particle.pm2.5,0.3,5min,Particulate Matter less than 2.5 microns in diameter,000048b02dd3c6d5.ws-nxcore,waggle-aqt530-5511,-9999.9,000048b02dd3c6d5,registry.sagecontinuum.org/kaludib/waggle-aqt530:1.00,vaisala-aqt530,waggle-aqt530,microgram per cubic meter,W095,core,W095
2026-07-18 13:25:00.451368999+00:00,aqt.particle.pm2.5,0.5,5min,Particulate Matter less than 2.5 microns in diameter,000048b02dd3c6d5.ws-nxcore,waggle-aqt530-5511,-9999.9,000048b02dd3c6d5,registry.sagecontinuum.org/kaludib/waggle-aqt530:1.00,vaisala-aqt530,waggle-aqt530,microgram per cubic meter,W095,core,W095
2026-07-18 13:30:00.653810768+00:00,aqt.particle.pm2.5,0.6,5min,Particulate Matter less than 2.5 microns in diameter,000048b02dd3c6d5.ws-nxcore,waggle-aqt530-5511,-9999.9,000048b02dd3c6d5,registry.sagecontinuum.org/kaludib/waggle-aqt530:1.00,vaisala-aqt530,waggle-aqt530,microgram per cubic meter,W095,core,W095
2026-07-18 13:35:00.888618918+00:00,aqt.particle.pm2.5,0.6,5min,Particulate Matter less than 2.5 microns in diameter,000048b02dd3c6d5.ws-nxcore,waggle-aqt530-5511,-9999.9,000048b02dd3c6d5,registry.sagecontinuum.org/kaludib/waggle-aqt530:1.00,vaisala-aqt530,waggle-aqt530,microgram per cubic meter,W095,core,W095
2026-07-18 13:40:00.132564161+00:00,aqt.particle.pm2.5,0.9,5min,Particulate Matter less than 2.5 microns in diameter,000048b02dd3c6d5.ws-nxcore,waggle-aqt530-5511,-9999.9,000048b02dd3c6d5,registry.sagecontinuum.org/kaludib/waggle-aqt530:1.00,vaisala-aqt530,waggle-aqt530,microgram per cubic meter,W095,core,W095
2026-07-18 13:45:00.364667544+00:00,aqt.particle.pm2.5,0.9,5min,Particulate Matter less than 2.5 microns in diameter,000048b02dd3c6d5.ws-nxcore,waggle-aqt530-5511,-9999.9,000048b02dd3c6d5,registry.sagecontinuum.org/kaludib/waggle-aqt530:1.00,vaisala-aqt530,waggle-aqt530,microgram per cubic meter,W095,core,W095
2026-07-18 13:50:00.578884071+00:00,aqt.particle.pm2.5,0.8,5min,Particulate Matter less than 2.5 microns in diameter,000048b02dd3c6d5.ws-nxcore,waggle-aqt530-5511,-9999.9,000048b02dd3c6d5,registry.sagecontinuum.org/kaludib/waggle-aqt530:1.00,vaisala-aqt530,waggle-aqt530,microgram per cubic meter,W095,core,W095
2026-07-18 13:55:00.806286664+00:00,aqt.particle.pm2.5,3.7,5min,Particulate Matter less than 2.5 microns in diameter,000048b02dd3c6d5.ws-nxcore,waggle-aqt530-5511,-9999.9,000048b02dd3c6d5,registry.sagecontinuum.org/kaludib/waggle-aqt530:1.00,vaisala-aqt530,waggle-aqt530,microgram per cubic meter,W095,core,W095
2026-07-18 14:00:00.022225291+00:00,aqt.particle.pm2.5,5.9,5min,Particulate Matter less than 2.5 microns in diameter,000048b02dd3c6d5.ws-nxcore,waggle-aqt530-5511,-9999.9,000048b02dd3c6d5,registry.sagecontinuum.org/kaludib/waggle-aqt530:1.00,vaisala-aqt530,waggle-aqt530,microgram per cubic meter,W095,core,W095
2026-07-18 14:05:00.245498132+00:00,aqt.particle.pm2.5,4.7,5min,Particulate Matter less than 2.5 microns in diameter,000048b02dd3c6d5.ws-nxcore,waggle-aqt530-5511,-9999.9,000048b02dd3c6d5,registry.sagecontinuum.org/kaludib/waggle-aqt530:1.00,vaisala-aqt530,waggle-aqt530,microgram per cubic meter,W095,core,W095
2026-07-18 14:10:00.441407857+00:00,aqt.particle.pm2.5,1.4,5min,Particulate Matter less than 2.5 microns in diameter,000048b02dd3c6d5.ws-nxcore,waggle-aqt530-5511,-9999.9,000048b02dd3c6d5,registry.sagecontinuum.org/kaludib/waggle-aqt530:1.00,vaisala-aqt530,waggle-aqt530,microgram per cubic meter,W095,core,W095
2026-07-18 14:15:00.647526008+00:00,aqt.particle.pm2.5,0.1,5min,Particulate Matter less than 2.5 microns in diameter,000048b02dd3c6d5.ws-nxcore,waggle-aqt530-5511,-9999.9,000048b02dd3c6d5,registry.sagecontinuum.org/kaludib/waggle-aqt530:1.00,vaisala-aqt530,waggle-aqt530,microgram per cubic meter,W095,core,W095
2026-07-18 14:20:00.860182822+00:00,aqt.particle.pm2.5,0.1,5min,Particulate Matter less than 2.5 microns in diameter,000048b02dd3c6d5.ws-nxcore,waggle-aqt530-5511,-9999.9,000048b02dd3c6d5,registry.sagecontinuum.org/kaludib/waggle-aqt530:1.00,vaisala-aqt530,waggle-aqt530,microgram per cubic meter,W095,core,W095
2026-07-18 14:25:00.068514153+00:00,aqt.particle.pm2.5,0.1,5min,Particulate Matter less than 2.5 microns in diameter,000048b02dd3c6d5.ws-nxcore,waggle-aqt530-5511,-9999.9,000048b02dd3c6d5,registry.sagecontinuum.org/kaludib/waggle-aqt530:1.00,vaisala-aqt530,waggle-aqt530,microgram per cubic meter,W095,core,W095
2026-07-18 14:30:00.272263188+00:00,aqt.particle.pm2.5,0.1,5min,Particulate Matter less than 2.5 microns in diameter,000048b02dd3c6d5.ws-nxcore,waggle-aqt530-5511,-9999.9,000048b02dd3c6d5,registry.sagecontinuum.org/kaludib/waggle-aqt530:1.00,vaisala-aqt530,waggle-aqt530,microgram per cubic meter,W095,core,W095
2026-07-18 14:35:00.490880885+00:00,aqt.particle.pm2.5,0.1,5min,Particulate Matter less than 2.5 microns in diameter,000048b02dd3c6d5.ws-nxcore,waggle-aqt530-5511,-9999.9,000048b02dd3c6d5,registry.sagecontinuum.org/kaludib/waggle-aqt530:1.00,vaisala-aqt530,waggle-aqt530,microgram per cubic meter,W095,core,W095
2026-07-18 14:40:00.711111842+00:00,aqt.particle.pm2.5,1.9,5min,Particulate Matter less than 2.5 microns in diameter,000048b02dd3c6d5.ws-nxcore,waggle-aqt530-5511,-9999.9,000048b02dd3c6d5,registry.sagecontinuum.org/kaludib/waggle-aqt530:1.00,vaisala-aqt530,waggle-aqt530,microgram per cubic meter,W095,core,W095
2026-07-18 14:45:00.911326560+00:00,aqt.particle.pm2.5,1.3,5min,Particulate Matter less than 2.5 microns in diameter,000048b02dd3c6d5.ws-nxcore,waggle-aqt530-5511,-9999.9,000048b02dd3c6d5,registry.sagecontinuum.org/kaludib/waggle-aqt530:1.00,vaisala-aqt530,waggle-aqt530,microgram per cubic meter,W095,core,W095
2026-07-18 14:50:00.114495587+00:00,aqt.particle.pm2.5,1.6,5min,Particulate Matter less than 2.5 microns in diameter,000048b02dd3c6d5.ws-nxcore,waggle-aqt530-5511,-9999.9,000048b02dd3c6d5,registry.sagecontinuum.org/kaludib/waggle-aqt530:1.00,vaisala-aqt530,waggle-aqt530,microgram per cubic meter,W095,core,W095
2026-07-18 14:55:00.330209612+00:00,aqt.particle.pm2.5,2.5,5min,Particulate Matter less than 2.5 microns in diameter,000048b02dd3c6d5.ws-nxcore,waggle-aqt530-5511,-9999.9,000048b02dd3c6d5,registry.sagecontinuum.org/kaludib/waggle-aqt530:1.00,vaisala-aqt530,waggle-aqt530,microgram per cubic meter,W095,core,W095
2026-07-18 15:00:00.546814827+00:00,aqt.particle.pm2.5,2.1,5min,Particulate Matter less than 2.5 microns in diameter,000048b02dd3c6d5.ws-nxcore,waggle-aqt530-5511,-9999.9,000048b02dd3c6d5,registry.sagecontinuum.org/kaludib/waggle-aqt530:1.00,vaisala-aqt530,waggle-aqt530,microgram per cubic meter,W095,core,W095
2026-07-18 15:05:00.748761910+00:00,aqt.particle.pm2.5,2.0,5min,Particulate Matter less than 2.5 microns in diameter,000048b02dd3c6d5.ws-nxcore,waggle-aqt530-5511,-9999.9,000048b02dd3c6d5,registry.sagecontinuum.org/kaludib/waggle-aqt530:1.00,vaisala-aqt530,waggle-aqt530,microgram per cubic meter,W095,core,W095
2026-07-18 15:10:19.973228562+00:00,aqt.particle.pm2.5,2.4,5min,Particulate Matter less than 2.5 microns in diameter,000048b02dd3c6d5.ws-nxcore,waggle-aqt530-5511,-9999.9,000048b02dd3c6d5,registry.sagecontinuum.org/kaludib/waggle-aqt530:1.00,vaisala-aqt530,waggle-aqt530,microgram per cubic meter,W095,core,W095
2026-07-18 15:15:00.176511255+00:00,aqt.particle.pm2.5,2.7,5min,Particulate Matter less than 2.5 microns in diameter,000048b02dd3c6d5.ws-nxcore,waggle-aqt530-5511,-9999.9,000048b02dd3c6d5,registry.sagecontinuum.org/kaludib/waggle-aqt530:1.00,vaisala-aqt530,waggle-aqt530,microgram per cubic meter,W095,core,W095
2026-07-18 15:20:00.428144928+00:00,aqt.particle.pm2.5,2.3,5min,Particulate Matter less than 2.5 microns in diameter,000048b02dd3c6d5.ws-nxcore,waggle-aqt530-5511,-9999.9,000048b02dd3c6d5,registry.sagecontinuum.org/kaludib/waggle-aqt530:1.00,vaisala-aqt530,waggle-aqt530,microgram per cubic meter,W095,core,W095
2026-07-18 15:25:00.652905596+00:00,aqt.particle.pm2.5,1.5,5min,Particulate Matter less than 2.5 microns in diameter,000048b02dd3c6d5.ws-nxcore,waggle-aqt530-5511,-9999.9,000048b02dd3c6d5,registry.sagecontinuum.org/kaludib/waggle-aqt530:1.00,vaisala-aqt530,waggle-aqt530,microgram per cubic meter,W095,core,W095
2026-07-18 15:30:00.886713212+00:00,aqt.particle.pm2.5,2.4,5min,Particulate Matter less than 2.5 microns in diameter,000048b02dd3c6d5.ws-nxcore,waggle-aqt530-5511,-9999.9,000048b02dd3c6d5,registry.sagecontinuum.org/kaludib/waggle-aqt530:1.00,vaisala-aqt530,waggle-aqt530,microgram per cubic meter,W095,core,W095
2026-07-18 15:35:00.105253162+00:00,aqt.particle.pm2.5,1.6,5min,Particulate Matter less than 2.5 microns in diameter,000048b02dd3c6d5.ws-nxcore,waggle-aqt530-5511,-9999.9,000048b02dd3c6d5,registry.sagecontinuum.org/kaludib/waggle-aqt530:1.00,vaisala-aqt530,waggle-aqt530,microgram per cubic meter,W095,core,W095
2026-07-18 15:40:00.331466540+00:00,aqt.particle.pm2.5,3.1,5min,Particulate Matter less than 2.5 microns in diameter,000048b02dd3c6d5.ws-nxcore,waggle-aqt530-5511,-9999.9,000048b02dd3c6d5,registry.sagecontinuum.org/kaludib/waggle-aqt530:1.00,vaisala-aqt530,waggle-aqt530,microgram per cubic meter,W095,core,W095
2026-07-18 15:45:00.632211660+00:00,aqt.particle.pm2.5,4.0,5min,Particulate Matter less than 2.5 microns in diameter,000048b02dd3c6d5.ws-nxcore,waggle-aqt530-5511,-9999.9,000048b02dd3c6d5,registry.sagecontinuum.org/kaludib/waggle-aqt530:1.00,vaisala-aqt530,waggle-aqt530,microgram per cubic meter,W095,core,W095
2026-07-18 15:50:00.758744372+00:00,aqt.particle.pm2.5,2.7,5min,Particulate Matter less than 2.5 microns in diameter,000048b02dd3c6d5.ws-nxcore,waggle-aqt530-5511,-9999.9,000048b02dd3c6d5,registry.sagecontinuum.org/kaludib/waggle-aqt530:1.00,vaisala-aqt530,waggle-aqt530,microgram per cubic meter,W095,core,W095
2026-07-18 15:55:19.953622719+00:00,aqt.particle.pm2.5,0.4,5min,Particulate Matter less than 2.5 microns in diameter,000048b02dd3c6d5.ws-nxcore,waggle-aqt530-5511,-9999.9,000048b02dd3c6d5,registry.sagecontinuum.org/kaludib/waggle-aqt530:1.00,vaisala-aqt530,waggle-aqt530,microgram per cubic meter,W095,core,W095
2026-07-18 16:00:00.146096828+00:00,aqt.particle.pm2.5,1.1,5min,Particulate Matter less than 2.5 microns in diameter,000048b02dd3c6d5.ws-nxcore,waggle-aqt530-5511,-9999.9,000048b02dd3c6d5,registry.sagecontinuum.org/kaludib/waggle-aqt530:1.00,vaisala-aqt530,waggle-aqt530,microgram per cubic meter,W095,core,W095
2026-07-18 16:05:00.336151646+00:00,aqt.particle.pm2.5,6.9,5min,Particulate Matter less than 2.5 microns in diameter,000048b02dd3c6d5.ws-nxcore,waggle-aqt530-5511,-9999.9,000048b02dd3c6d5,registry.sagecontinuum.org/kaludib/waggle-aqt530:1.00,vaisala-aqt530,waggle-aqt530,microgram per cubic meter,W095,core,W095
2026-07-18 16:10:00.549417956+00:00,aqt.particle.pm2.5,5.2,5min,Particulate Matter less than 2.5 microns in diameter,000048b02dd3c6d5.ws-nxcore,waggle-aqt530-5511,-9999.9,000048b02dd3c6d5,registry.sagecontinuum.org/kaludib/waggle-aqt530:1.00,vaisala-aqt530,waggle-aqt530,microgram per cubic meter,W095,core,W095
2026-07-18 16:15:00.763575936+00:00,aqt.particle.pm2.5,4.7,5min,Particulate Matter less than 2.5 microns in diameter,000048b02dd3c6d5.ws-nxcore,waggle-aqt530-5511,-9999.9,000048b02dd3c6d5,registry.sagecontinuum.org/kaludib/waggle-aqt530:1.00,vaisala-aqt530,waggle-aqt530,microgram per cubic meter,W095,core,W095
2026-07-18 16:20:19.986359502+00:00,aqt.particle.pm2.5,4.6,5min,Particulate Matter less than 2.5 microns in diameter,000048b02dd3c6d5.ws-nxcore,waggle-aqt530-5511,-9999.9,000048b02dd3c6d5,registry.sagecontinuum.org/kaludib/waggle-aqt530:1.00,vaisala-aqt530,waggle-aqt530,microgram per cubic meter,W095,core,W095
2026-07-18 16:25:00.186764496+00:00,aqt.particle.pm2.5,0.5,5min,Particulate Matter less than 2.5 microns in diameter,000048b02dd3c6d5.ws-nxcore,waggle-aqt530-5511,-9999.9,000048b02dd3c6d5,registry.sagecontinuum.org/kaludib/waggle-aqt530:1.00,vaisala-aqt530,waggle-aqt530,microgram per cubic meter,W095,core,W095
2026-07-18 16:30:00.405382610+00:00,aqt.particle.pm2.5,7.9,5min,Particulate Matter less than 2.5 microns in diameter,000048b02dd3c6d5.ws-nxcore,waggle-aqt530-5511,-9999.9,000048b02dd3c6d5,registry.sagecontinuum.org/kaludib/waggle-aqt530:1.00,vaisala-aqt530,waggle-aqt530,microgram per cubic meter,W095,core,W095
2026-07-18 16:35:00.627742383+00:00,aqt.particle.pm2.5,5.2,5min,Particulate Matter less than 2.5 microns in diameter,000048b02dd3c6d5.ws-nxcore,waggle-aqt530-5511,-9999.9,000048b02dd3c6d5,registry.sagecontinuum.org/kaludib/waggle-aqt530:1.00,vaisala-aqt530,waggle-aqt530,microgram per cubic meter,W095,core,W095
2026-07-18 16:40:00.834587091+00:00,aqt.particle.pm2.5,5.6,5min,Particulate Matter less than 2.5 microns in diameter,000048b02dd3c6d5.ws-nxcore,waggle-aqt530-5511,-9999.9,000048b02dd3c6d5,registry.sagecontinuum.org/kaludib/waggle-aqt530:1.00,vaisala-aqt530,waggle-aqt530,microgram per cubic meter,W095,core,W095
2026-07-18 16:45:00.048377195+00:00,aqt.particle.pm2.5,7.8,5min,Particulate Matter less than 2.5 microns in diameter,000048b02dd3c6d5.ws-nxcore,waggle-aqt530-5511,-9999.9,000048b02dd3c6d5,registry.sagecontinuum.org/kaludib/waggle-aqt530:1.00,vaisala-aqt530,waggle-aqt530,microgram per cubic meter,W095,core,W095
2026-07-18 16:50:00.273016047+00:00,aqt.particle.pm2.5,8.1,5min,Particulate Matter less than 2.5 microns in diameter,000048b02dd3c6d5.ws-nxcore,waggle-aqt530-5511,-9999.9,000048b02dd3c6d5,registry.sagecontinuum.org/kaludib/waggle-aqt530:1.00,vaisala-aqt530,waggle-aqt530,microgram per cubic meter,W095,core,W095
2026-07-18 16:55:00.487856984+00:00,aqt.particle.pm2.5,7.4,5min,Particulate Matter less than 2.5 microns in diameter,000048b02dd3c6d5.ws-nxcore,waggle-aqt530-5511,-9999.9,000048b02dd3c6d5,registry.sagecontinuum.org/kaludib/waggle-aqt530:1.00,vaisala-aqt530,waggle-aqt530,microgram per cubic meter,W095,core,W095
2026-07-18 17:00:00.697142940+00:00,aqt.particle.pm2.5,8.9,5min,Particulate Matter less than 2.5 microns in diameter,000048b02dd3c6d5.ws-nxcore,waggle-aqt530-5511,-9999.9,000048b02dd3c6d5,registry.sagecontinuum.org/kaludib/waggle-aqt530:1.00,vaisala-aqt530,waggle-aqt530,microgram per cubic meter,W095,core,W095
2026-07-18 17:05:19.933976559+00:00,aqt.particle.pm2.5,0.3,5min,Particulate Matter less than 2.5 microns in diameter,000048b02dd3c6d5.ws-nxcore,waggle-aqt530-5511,-9999.9,000048b02dd3c6d5,registry.sagecontinuum.org/kaludib/waggle-aqt530:1.00,vaisala-aqt530,waggle-aqt530,microgram per cubic meter,W095,core,W095
2026-07-18 17:10:00.142161129+00:00,aqt.particle.pm2.5,2.4,5min,Particulate Matter less than 2.5 microns in diameter,000048b02dd3c6d5.ws-nxcore,waggle-aqt530-5511,-9999.9,000048b02dd3c6d5,registry.sagecontinuum.org/kaludib/waggle-aqt530:1.00,vaisala-aqt530,waggle-aqt530,microgram per cubic meter,W095,core,W095
2026-07-18 17:15:00.366577643+00:00,aqt.particle.pm2.5,2.8,5min,Particulate Matter less than 2.5 microns in diameter,000048b02dd3c6d5.ws-nxcore,waggle-aqt530-5511,-9999.9,000048b02dd3c6d5,registry.sagecontinuum.org/kaludib/waggle-aqt530:1.00,vaisala-aqt530,waggle-aqt530,microgram per cubic meter,W095,core,W095
2026-07-18 17:20:00.573399084+00:00,aqt.particle.pm2.5,4.5,5min,Particulate Matter less than 2.5 microns in diameter,000048b02dd3c6d5.ws-nxcore,waggle-aqt530-5511,-9999.9,000048b02dd3c6d5,registry.sagecontinuum.org/kaludib/waggle-aqt530:1.00,vaisala-aqt530,waggle-aqt530,microgram per cubic meter,W095,core,W095
2026-07-18 17:25:00.794770973+00:00,aqt.particle.pm2.5,2.2,5min,Particulate Matter less than 2.5 microns in diameter,000048b02dd3c6d5.ws-nxcore,waggle-aqt530-5511,-9999.9,000048b02dd3c6d5,registry.sagecontinuum.org/kaludib/waggle-aqt530:1.00,vaisala-aqt530,waggle-aqt530,microgram per cubic meter,W095,core,W095
2026-07-18 17:30:00.009453820+00:00,aqt.particle.pm2.5,0.7,5min,Particulate Matter less than 2.5 microns in diameter,000048b02dd3c6d5.ws-nxcore,waggle-aqt530-5511,-9999.9,000048b02dd3c6d5,registry.sagecontinuum.org/kaludib/waggle-aqt530:1.00,vaisala-aqt530,waggle-aqt530,microgram per cubic meter,W095,core,W095
2026-07-18 17:35:00.229095112+00:00,aqt.particle.pm2.5,0.3,5min,Particulate Matter less than 2.5 microns in diameter,000048b02dd3c6d5.ws-nxcore,waggle-aqt530-5511,-9999.9,000048b02dd3c6d5,registry.sagecontinuum.org/kaludib/waggle-aqt530:1.00,vaisala-aqt530,waggle-aqt530,microgram per cubic meter,W095,core,W095
2026-07-18 17:40:00.433852685+00:00,aqt.particle.pm2.5,2.5,5min,Particulate Matter less than 2.5 microns in diameter,000048b02dd3c6d5.ws-nxcore,waggle-aqt530-5511,-9999.9,000048b02dd3c6d5,registry.sagecontinuum.org/kaludib/waggle-aqt530:1.00,vaisala-aqt530,waggle-aqt530,microgram per cubic meter,W095,core,W095
2026-07-18 17:45:00.656137487+00:00,aqt.particle.pm2.5,5.6,5min,Particulate Matter less than 2.5 microns in diameter,000048b02dd3c6d5.ws-nxcore,waggle-aqt530-5511,-9999.9,000048b02dd3c6d5,registry.sagecontinuum.org/kaludib/waggle-aqt530:1.00,vaisala-aqt530,waggle-aqt530,microgram per cubic meter,W095,core,W095
2026-07-18 17:50:19.881962783+00:00,aqt.particle.pm2.5,6.0,5min,Particulate Matter less than 2.5 microns in diameter,000048b02dd3c6d5.ws-nxcore,waggle-aqt530-5511,-9999.9,000048b02dd3c6d5,registry.sagecontinuum.org/kaludib/waggle-aqt530:1.00,vaisala-aqt530,waggle-aqt530,microgram per cubic meter,W095,core,W095
2026-07-18 17:55:00.088054929+00:00,aqt.particle.pm2.5,4.4,5min,Particulate Matter less than 2.5 microns in diameter,000048b02dd3c6d5.ws-nxcore,waggle-aqt530-5511,-9999.9,000048b02dd3c6d5,registry.sagecontinuum.org/kaludib/waggle-aqt530:1.00,vaisala-aqt530,waggle-aqt530,microgram per cubic meter,W095,core,W095
2026-07-18 18:00:00.299750621+00:00,aqt.particle.pm2.5,4.8,5min,Particulate Matter less than 2.5 microns in diameter,000048b02dd3c6d5.ws-nxcore,waggle-aqt530-5511,-9999.9,000048b02dd3c6d5,registry.sagecontinuum.org/kaludib/waggle-aqt530:1.00,vaisala-aqt530,waggle-aqt530,microgram per cubic meter,W095,core,W095
2026-07-18 18:05:00.515903841+00:00,aqt.particle.pm2.5,3.2,5min,Particulate Matter less than 2.5 microns in diameter,000048b02dd3c6d5.ws-nxcore,waggle-aqt530-5511,-9999.9,000048b02dd3c6d5,registry.sagecontinuum.org/kaludib/waggle-aqt530:1.00,vaisala-aqt530,waggle-aqt530,microgram per cubic meter,W095,core,W095
2026-07-18 18:10:00.714353763+00:00,aqt.particle.pm2.5,4.0,5min,Particulate Matter less than 2.5 microns in diameter,000048b02dd3c6d5.ws-nxcore,waggle-aqt530-5511,-9999.9,000048b02dd3c6d5,registry.sagecontinuum.org/kaludib/waggle-aqt530:1.00,vaisala-aqt530,waggle-aqt530,microgram per cubic meter,W095,core,W095
2026-07-18 18:15:19.951379978+00:00,aqt.particle.pm2.5,2.9,5min,Particulate Matter less than 2.5 microns in diameter,000048b02dd3c6d5.ws-nxcore,waggle-aqt530-5511,-9999.9,000048b02dd3c6d5,registry.sagecontinuum.org/kaludib/waggle-aqt530:1.00,vaisala-aqt530,waggle-aqt530,microgram per cubic meter,W095,core,W095
2026-07-18 18:20:00.140146980+00:00,aqt.particle.pm2.5,2.4,5min,Particulate Matter less than 2.5 microns in diameter,000048b02dd3c6d5.ws-nxcore,waggle-aqt530-5511,-9999.9,000048b02dd3c6d5,registry.sagecontinuum.org/kaludib/waggle-aqt530:1.00,vaisala-aqt530,waggle-aqt530,microgram per cubic meter,W095,core,W095
2026-07-18 18:25:00.358191674+00:00,aqt.particle.pm2.5,0.4,5min,Particulate Matter less than 2.5 microns in diameter,000048b02dd3c6d5.ws-nxcore,waggle-aqt530-5511,-9999.9,000048b02dd3c6d5,registry.sagecontinuum.org/kaludib/waggle-aqt530:1.00,vaisala-aqt530,waggle-aqt530,microgram per cubic meter,W095,core,W095
2026-07-18 18:30:00.562892076+00:00,aqt.particle.pm2.5,0.7,5min,Particulate Matter less than 2.5 microns in diameter,000048b02dd3c6d5.ws-nxcore,waggle-aqt530-5511,-9999.9,000048b02dd3c6d5,registry.sagecontinuum.org/kaludib/waggle-aqt530:1.00,vaisala-aqt530,waggle-aqt530,microgram per cubic meter,W095,core,W095
2026-07-18 18:35:19.804024313+00:00,aqt.particle.pm2.5,2.1,5min,Particulate Matter less than 2.5 microns in diameter,000048b02dd3c6d5.ws-nxcore,waggle-aqt530-5511,-9999.9,000048b02dd3c6d5,registry.sagecontinuum.org/kaludib/waggle-aqt530:1.00,vaisala-aqt530,waggle-aqt530,microgram per cubic meter,W095,core,W095
2026-07-18 18:40:20.009055368+00:00,aqt.particle.pm2.5,2.9,5min,Particulate Matter less than 2.5 microns in diameter,000048b02dd3c6d5.ws-nxcore,waggle-aqt530-5511,-9999.9,000048b02dd3c6d5,registry.sagecontinuum.org/kaludib/waggle-aqt530:1.00,vaisala-aqt530,waggle-aqt530,microgram per cubic meter,W095,core,W095
2026-07-18 18:45:00.214252283+00:00,aqt.particle.pm2.5,2.1,5min,Particulate Matter less than 2.5 microns in diameter,000048b02dd3c6d5.ws-nxcore,waggle-aqt530-5511,-9999.9,000048b02dd3c6d5,registry.sagecontinuum.org/kaludib/waggle-aqt530:1.00,vaisala-aqt530,waggle-aqt530,microgram per cubic meter,W095,core,W095
2026-07-18 18:50:00.435761767+00:00,aqt.particle.pm2.5,1.8,5min,Particulate Matter less than 2.5 microns in diameter,000048b02dd3c6d5.ws-nxcore,waggle-aqt530-5511,-9999.9,000048b02dd3c6d5,registry.sagecontinuum.org/kaludib/waggle-aqt530:1.00,vaisala-aqt530,waggle-aqt530,microgram per cubic meter,W095,core,W095
2026-07-18 18:55:00.640772827+00:00,aqt.particle.pm2.5,1.5,5min,Particulate Matter less than 2.5 microns in diameter,000048b02dd3c6d5.ws-nxcore,waggle-aqt530-5511,-9999.9,000048b02dd3c6d5,registry.sagecontinuum.org/kaludib/waggle-aqt530:1.00,vaisala-aqt530,waggle-aqt530,microgram per cubic meter,W095,core,W095
2026-07-18 19:00:19.865184149+00:00,aqt.particle.pm2.5,3.4,5min,Particulate Matter less than 2.5 microns in diameter,000048b02dd3c6d5.ws-nxcore,waggle-aqt530-5511,-9999.9,000048b02dd3c6d5,registry.sagecontinuum.org/kaludib/waggle-aqt530:1.00,vaisala-aqt530,waggle-aqt530,microgram per cubic meter,W095,core,W095
2026-07-18 19:05:00.070367285+00:00,aqt.particle.pm2.5,7.1,5min,Particulate Matter less than 2.5 microns in diameter,000048b02dd3c6d5.ws-nxcore,waggle-aqt530-5511,-9999.9,000048b02dd3c6d5,registry.sagecontinuum.org/kaludib/waggle-aqt530:1.00,vaisala-aqt530,waggle-aqt530,microgram per cubic meter,W095,core,W095
2026-07-18 19:10:00.289860977+00:00,aqt.particle.pm2.5,8.3,5min,Particulate Matter less than 2.5 microns in diameter,000048b02dd3c6d5.ws-nxcore,waggle-aqt530-5511,-9999.9,000048b02dd3c6d5,registry.sagecontinuum.org/kaludib/waggle-aqt530:1.00,vaisala-aqt530,waggle-aqt530,microgram per cubic meter,W095,core,W095
2026-07-18 19:15:00.494682374+00:00,aqt.particle.pm2.5,4.4,5min,Particulate Matter less than 2.5 microns in diameter,000048b02dd3c6d5.ws-nxcore,waggle-aqt530-5511,-9999.9,000048b02dd3c6d5,registry.sagecontinuum.org/kaludib/waggle-aqt530:1.00,vaisala-aqt530,waggle-aqt530,microgram per cubic meter,W095,core,W095
2026-07-18 19:20:00.715549945+00:00,aqt.particle.pm2.5,4.0,5min,Particulate Matter less than 2.5 microns in diameter,000048b02dd3c6d5.ws-nxcore,waggle-aqt530-5511,-9999.9,000048b02dd3c6d5,registry.sagecontinuum.org/kaludib/waggle-aqt530:1.00,vaisala-aqt530,waggle-aqt530,microgram per cubic meter,W095,core,W095
2026-07-18 19:25:19.941507333+00:00,aqt.particle.pm2.5,3.2,5min,Particulate Matter less than 2.5 microns in diameter,000048b02dd3c6d5.ws-nxcore,waggle-aqt530-5511,-9999.9,000048b02dd3c6d5,registry.sagecontinuum.org/kaludib/waggle-aqt530:1.00,vaisala-aqt530,waggle-aqt530,microgram per cubic meter,W095,core,W095
2026-07-18 19:30:00.161140845+00:00,aqt.particle.pm2.5,5.7,5min,Particulate Matter less than 2.5 microns in diameter,000048b02dd3c6d5.ws-nxcore,waggle-aqt530-5511,-9999.9,000048b02dd3c6d5,registry.sagecontinuum.org/kaludib/waggle-aqt530:1.00,vaisala-aqt530,waggle-aqt530,microgram per cubic meter,W095,core,W095
2026-07-18 19:35:00.361232211+00:00,aqt.particle.pm2.5,3.0,5min,Particulate Matter less than 2.5 microns in diameter,000048b02dd3c6d5.ws-nxcore,waggle-aqt530-5511,-9999.9,000048b02dd3c6d5,registry.sagecontinuum.org/kaludib/waggle-aqt530:1.00,vaisala-aqt530,waggle-aqt530,microgram per cubic meter,W095,core,W095
2026-07-18 19:40:00.588266154+00:00,aqt.particle.pm2.5,0.9,5min,Particulate Matter less than 2.5 microns in diameter,000048b02dd3c6d5.ws-nxcore,waggle-aqt530-5511,-9999.9,000048b02dd3c6d5,registry.sagecontinuum.org/kaludib/waggle-aqt530:1.00,vaisala-aqt530,waggle-aqt530,microgram per cubic meter,W095,core,W095
2026-07-18 19:45:19.820661029+00:00,aqt.particle.pm2.5,0.0,5min,Particulate Matter less than 2.5 microns in diameter,000048b02dd3c6d5.ws-nxcore,waggle-aqt530-5511,-9999.9,000048b02dd3c6d5,registry.sagecontinuum.org/kaludib/waggle-aqt530:1.00,vaisala-aqt530,waggle-aqt530,microgram per cubic meter,W095,core,W095
2026-07-18 19:50:00.029502096+00:00,aqt.particle.pm2.5,0.3,5min,Particulate Matter less than 2.5 microns in diameter,000048b02dd3c6d5.ws-nxcore,waggle-aqt530-5511,-9999.9,000048b02dd3c6d5,registry.sagecontinuum.org/kaludib/waggle-aqt530:1.00,vaisala-aqt530,waggle-aqt530,microgram per cubic meter,W095,core,W095
2026-07-18 19:55:00.241957917+00:00,aqt.particle.pm2.5,0.4,5min,Particulate Matter less than 2.5 microns in diameter,000048b02dd3c6d5.ws-nxcore,waggle-aqt530-5511,-9999.9,000048b02dd3c6d5,registry.sagecontinuum.org/kaludib/waggle-aqt530:1.00,vaisala-aqt530,waggle-aqt530,microgram per cubic meter,W095,core,W095
2026-07-18 20:00:00.459858231+00:00,aqt.particle.pm2.5,0.5,5min,Particulate Matter less than 2.5 microns in diameter,000048b02dd3c6d5.ws-nxcore,waggle-aqt530-5511,-9999.9,000048b02dd3c6d5,registry.sagecontinuum.org/kaludib/waggle-aqt530:1.00,vaisala-aqt530,waggle-aqt530,microgram per cubic meter,W095,core,W095
2026-07-18 20:05:00.681704367+00:00,aqt.particle.pm2.5,0.8,5min,Particulate Matter less than 2.5 microns in diameter,000048b02dd3c6d5.ws-nxcore,waggle-aqt530-5511,-9999.9,000048b02dd3c6d5,registry.sagecontinuum.org/kaludib/waggle-aqt530:1.00,vaisala-aqt530,waggle-aqt530,microgram per cubic meter,W095,core,W095
2026-07-18 20:10:19.901134977+00:00,aqt.particle.pm2.5,1.3,5min,Particulate Matter less than 2.5 microns in diameter,000048b02dd3c6d5.ws-nxcore,waggle-aqt530-5511,-9999.9,000048b02dd3c6d5,registry.sagecontinuum.org/kaludib/waggle-aqt530:1.00,vaisala-aqt530,waggle-aqt530,microgram per cubic meter,W095,core,W095
2026-07-18 20:15:00.088475094+00:00,aqt.particle.pm2.5,0.5,5min,Particulate Matter less than 2.5 microns in diameter,000048b02dd3c6d5.ws-nxcore,waggle-aqt530-5511,-9999.9,000048b02dd3c6d5,registry.sagecontinuum.org/kaludib/waggle-aqt530:1.00,vaisala-aqt530,waggle-aqt530,microgram per cubic meter,W095,core,W095
2026-07-18 20:20:00.307092683+00:00,aqt.particle.pm2.5,5.1,5min,Particulate Matter less than 2.5 microns in diameter,000048b02dd3c6d5.ws-nxcore,waggle-aqt530-5511,-9999.9,000048b02dd3c6d5,registry.sagecontinuum.org/kaludib/waggle-aqt530:1.00,vaisala-aqt530,waggle-aqt530,microgram per cubic meter,W095,core,W095
2026-07-18 20:25:00.524547329+00:00,aqt.particle.pm2.5,4.2,5min,Particulate Matter less than 2.5 microns in diameter,000048b02dd3c6d5.ws-nxcore,waggle-aqt530-5511,-9999.9,000048b02dd3c6d5,registry.sagecontinuum.org/kaludib/waggle-aqt530:1.00,vaisala-aqt530,waggle-aqt530,microgram per cubic meter,W095,core,W095
2026-07-18 20:30:19.750471173+00:00,aqt.particle.pm2.5,1.9,5min,Particulate Matter less than 2.5 microns in diameter,000048b02dd3c6d5.ws-nxcore,waggle-aqt530-5511,-9999.9,000048b02dd3c6d5,registry.sagecontinuum.org/kaludib/waggle-aqt530:1.00,vaisala-aqt530,waggle-aqt530,microgram per cubic meter,W095,core,W095
2026-07-18 20:35:19.957921284+00:00,aqt.particle.pm2.5,2.0,5min,Particulate Matter less than 2.5 microns in diameter,000048b02dd3c6d5.ws-nxcore,waggle-aqt530-5511,-9999.9,000048b02dd3c6d5,registry.sagecontinuum.org/kaludib/waggle-aqt530:1.00,vaisala-aqt530,waggle-aqt530,microgram per cubic meter,W095,core,W095
2026-07-18 20:40:00.165765497+00:00,aqt.particle.pm2.5,0.9,5min,Particulate Matter less than 2.5 microns in diameter,000048b02dd3c6d5.ws-nxcore,waggle-aqt530-5511,-9999.9,000048b02dd3c6d5,registry.sagecontinuum.org/kaludib/waggle-aqt530:1.00,vaisala-aqt530,waggle-aqt530,microgram per cubic meter,W095,core,W095
2026-07-18 20:45:00.418384567+00:00,aqt.particle.pm2.5,7.6,5min,Particulate Matter less than 2.5 microns in diameter,000048b02dd3c6d5.ws-nxcore,waggle-aqt530-5511,-9999.9,000048b02dd3c6d5,registry.sagecontinuum.org/kaludib/waggle-aqt530:1.00,vaisala-aqt530,waggle-aqt530,microgram per cubic meter,W095,core,W095
2026-07-18 20:50:00.645679900+00:00,aqt.particle.pm2.5,6.7,5min,Particulate Matter less than 2.5 microns in diameter,000048b02dd3c6d5.ws-nxcore,waggle-aqt530-5511,-9999.9,000048b02dd3c6d5,registry.sagecontinuum.org/kaludib/waggle-aqt530:1.00,vaisala-aqt530,waggle-aqt530,microgram per cubic meter,W095,core,W095
2026-07-18 20:55:19.889239586+00:00,aqt.particle.pm2.5,1.0,5min,Particulate Matter less than 2.5 microns in diameter,000048b02dd3c6d5.ws-nxcore,waggle-aqt530-5511,-9999.9,000048b02dd3c6d5,registry.sagecontinuum.org/kaludib/waggle-aqt530:1.00,vaisala-aqt530,waggle-aqt530,microgram per cubic meter,W095,core,W095
2026-07-18 21:00:00.105132220+00:00,aqt.particle.pm2.5,3.0,5min,Particulate Matter less than 2.5 microns in diameter,000048b02dd3c6d5.ws-nxcore,waggle-aqt530-5511,-9999.9,000048b02dd3c6d5,registry.sagecontinuum.org/kaludib/waggle-aqt530:1.00,vaisala-aqt530,waggle-aqt530,microgram per cubic meter,W095,core,W095
2026-07-18 21:05:00.336345288+00:00,aqt.particle.pm2.5,4.2,5min,Particulate Matter less than 2.5 microns in diameter,000048b02dd3c6d5.ws-nxcore,waggle-aqt530-5511,-9999.9,000048b02dd3c6d5,registry.sagecontinuum.org/kaludib/waggle-aqt530:1.00,vaisala-aqt530,waggle-aqt530,microgram per cubic meter,W095,core,W095
2026-07-18 21:10:00.548821431+00:00,aqt.particle.pm2.5,0.8,5min,Particulate Matter less than 2.5 microns in diameter,000048b02dd3c6d5.ws-nxcore,waggle-aqt530-5511,-9999.9,000048b02dd3c6d5,registry.sagecontinuum.org/kaludib/waggle-aqt530:1.00,vaisala-aqt530,waggle-aqt530,microgram per cubic meter,W095,core,W095
2026-07-18 21:15:00.760751185+00:00,aqt.particle.pm2.5,0.9,5min,Particulate Matter less than 2.5 microns in diameter,000048b02dd3c6d5.ws-nxcore,waggle-aqt530-5511,-9999.9,000048b02dd3c6d5,registry.sagecontinuum.org/kaludib/waggle-aqt530:1.00,vaisala-aqt530,waggle-aqt530,microgram per cubic meter,W095,core,W095
2026-07-18 21:20:19.945459452+00:00,aqt.particle.pm2.5,0.9,5min,Particulate Matter less than 2.5 microns in diameter,000048b02dd3c6d5.ws-nxcore,waggle-aqt530-5511,-9999.9,000048b02dd3c6d5,registry.sagecontinuum.org/kaludib/waggle-aqt530:1.00,vaisala-aqt530,waggle-aqt530,microgram per cubic meter,W095,core,W095
2026-07-18 21:25:00.131016222+00:00,aqt.particle.pm2.5,3.4,5min,Particulate Matter less than 2.5 microns in diameter,000048b02dd3c6d5.ws-nxcore,waggle-aqt530-5511,-9999.9,000048b02dd3c6d5,registry.sagecontinuum.org/kaludib/waggle-aqt530:1.00,vaisala-aqt530,waggle-aqt530,microgram per cubic meter,W095,core,W095
2026-07-18 21:30:00.325561882+00:00,aqt.particle.pm2.5,1.9,5min,Particulate Matter less than 2.5 microns in diameter,000048b02dd3c6d5.ws-nxcore,waggle-aqt530-5511,-9999.9,000048b02dd3c6d5,registry.sagecontinuum.org/kaludib/waggle-aqt530:1.00,vaisala-aqt530,waggle-aqt530,microgram per cubic meter,W095,core,W095
2026-07-18 21:35:00.540944689+00:00,aqt.particle.pm2.5,2.1,5min,Particulate Matter less than 2.5 microns in diameter,000048b02dd3c6d5.ws-nxcore,waggle-aqt530-5511,-9999.9,000048b02dd3c6d5,registry.sagecontinuum.org/kaludib/waggle-aqt530:1.00,vaisala-aqt530,waggle-aqt530,microgram per cubic meter,W095,core,W095
2026-07-18 21:40:19.759214479+00:00,aqt.particle.pm2.5,0.4,5min,Particulate Matter less than 2.5 microns in diameter,000048b02dd3c6d5.ws-nxcore,waggle-aqt530-5511,-9999.9,000048b02dd3c6d5,registry.sagecontinuum.org/kaludib/waggle-aqt530:1.00,vaisala-aqt530,waggle-aqt530,microgram per cubic meter,W095,core,W095
2026-07-18 21:45:19.977587223+00:00,aqt.particle.pm2.5,4.3,5min,Particulate Matter less than 2.5 microns in diameter,000048b02dd3c6d5.ws-nxcore,waggle-aqt530-5511,-9999.9,000048b02dd3c6d5,registry.sagecontinuum.org/kaludib/waggle-aqt530:1.00,vaisala-aqt530,waggle-aqt530,microgram per cubic meter,W095,core,W095
2026-07-18 21:50:00.190190663+00:00,aqt.particle.pm2.5,2.8,5min,Particulate Matter less than 2.5 microns in diameter,000048b02dd3c6d5.ws-nxcore,waggle-aqt530-5511,-9999.9,000048b02dd3c6d5,registry.sagecontinuum.org/kaludib/waggle-aqt530:1.00,vaisala-aqt530,waggle-aqt530,microgram per cubic meter,W095,core,W095
2026-07-18 21:55:00.397441938+00:00,aqt.particle.pm2.5,1.7,5min,Particulate Matter less than 2.5 microns in diameter,000048b02dd3c6d5.ws-nxcore,waggle-aqt530-5511,-9999.9,000048b02dd3c6d5,registry.sagecontinuum.org/kaludib/waggle-aqt530:1.00,vaisala-aqt530,waggle-aqt530,microgram per cubic meter,W095,core,W095
2026-07-18 22:00:00.618509579+00:00,aqt.particle.pm2.5,2.2,5min,Particulate Matter less than 2.5 microns in diameter,000048b02dd3c6d5.ws-nxcore,waggle-aqt530-5511,-9999.9,000048b02dd3c6d5,registry.sagecontinuum.org/kaludib/waggle-aqt530:1.00,vaisala-aqt530,waggle-aqt530,microgram per cubic meter,W095,core,W095
2026-07-18 22:05:19.848066368+00:00,aqt.particle.pm2.5,4.2,5min,Particulate Matter less than 2.5 microns in diameter,000048b02dd3c6d5.ws-nxcore,waggle-aqt530-5511,-9999.9,000048b02dd3c6d5,registry.sagecontinuum.org/kaludib/waggle-aqt530:1.00,vaisala-aqt530,waggle-aqt530,microgram per cubic meter,W095,core,W095
2026-07-18 22:10:00.041507536+00:00,aqt.particle.pm2.5,0.8,5min,Particulate Matter less than 2.5 microns in diameter,000048b02dd3c6d5.ws-nxcore,waggle-aqt530-5511,-9999.9,000048b02dd3c6d5,registry.sagecontinuum.org/kaludib/waggle-aqt530:1.00,vaisala-aqt530,waggle-aqt530,microgram per cubic meter,W095,core,W095
2026-07-18 22:15:00.264092491+00:00,aqt.particle.pm2.5,0.2,5min,Particulate Matter less than 2.5 microns in diameter,000048b02dd3c6d5.ws-nxcore,waggle-aqt530-5511,-9999.9,000048b02dd3c6d5,registry.sagecontinuum.org/kaludib/waggle-aqt530:1.00,vaisala-aqt530,waggle-aqt530,microgram per cubic meter,W095,core,W095
2026-07-18 22:20:00.481111021+00:00,aqt.particle.pm2.5,0.2,5min,Particulate Matter less than 2.5 microns in diameter,000048b02dd3c6d5.ws-nxcore,waggle-aqt530-5511,-9999.9,000048b02dd3c6d5,registry.sagecontinuum.org/kaludib/waggle-aqt530:1.00,vaisala-aqt530,waggle-aqt530,microgram per cubic meter,W095,core,W095
2026-07-18 22:25:19.709088599+00:00,aqt.particle.pm2.5,0.3,5min,Particulate Matter less than 2.5 microns in diameter,000048b02dd3c6d5.ws-nxcore,waggle-aqt530-5511,-9999.9,000048b02dd3c6d5,registry.sagecontinuum.org/kaludib/waggle-aqt530:1.00,vaisala-aqt530,waggle-aqt530,microgram per cubic meter,W095,core,W095
2026-07-18 22:30:19.916541809+00:00,aqt.particle.pm2.5,0.3,5min,Particulate Matter less than 2.5 microns in diameter,000048b02dd3c6d5.ws-nxcore,waggle-aqt530-5511,-9999.9,000048b02dd3c6d5,registry.sagecontinuum.org/kaludib/waggle-aqt530:1.00,vaisala-aqt530,waggle-aqt530,microgram per cubic meter,W095,core,W095
2026-07-18 22:35:00.127063108+00:00,aqt.particle.pm2.5,0.2,5min,Particulate Matter less than 2.5 microns in diameter,000048b02dd3c6d5.ws-nxcore,waggle-aqt530-5511,-9999.9,000048b02dd3c6d5,registry.sagecontinuum.org/kaludib/waggle-aqt530:1.00,vaisala-aqt530,waggle-aqt530,microgram per cubic meter,W095,core,W095
2026-07-18 22:40:00.341404209+00:00,aqt.particle.pm2.5,0.2,5min,Particulate Matter less than 2.5 microns in diameter,000048b02dd3c6d5.ws-nxcore,waggle-aqt530-5511,-9999.9,000048b02dd3c6d5,registry.sagecontinuum.org/kaludib/waggle-aqt530:1.00,vaisala-aqt530,waggle-aqt530,microgram per cubic meter,W095,core,W095
2026-07-18 22:45:00.546617405+00:00,aqt.particle.pm2.5,0.2,5min,Particulate Matter less than 2.5 microns in diameter,000048b02dd3c6d5.ws-nxcore,waggle-aqt530-5511,-9999.9,000048b02dd3c6d5,registry.sagecontinuum.org/kaludib/waggle-aqt530:1.00,vaisala-aqt530,waggle-aqt530,microgram per cubic meter,W095,core,W095
2026-07-18 22:50:19.774345698+00:00,aqt.particle.pm2.5,0.3,5min,Particulate Matter less than 2.5 microns in diameter,000048b02dd3c6d5.ws-nxcore,waggle-aqt530-5511,-9999.9,000048b02dd3c6d5,registry.sagecontinuum.org/kaludib/waggle-aqt530:1.00,vaisala-aqt530,waggle-aqt530,microgram per cubic meter,W095,core,W095
2026-07-18 22:55:19.994272395+00:00,aqt.particle.pm2.5,0.2,5min,Particulate Matter less than 2.5 microns in diameter,000048b02dd3c6d5.ws-nxcore,waggle-aqt530-5511,-9999.9,000048b02dd3c6d5,registry.sagecontinuum.org/kaludib/waggle-aqt530:1.00,vaisala-aqt530,waggle-aqt530,microgram per cubic meter,W095,core,W095
2026-07-18 23:00:00.200482236+00:00,aqt.particle.pm2.5,0.2,5min,Particulate Matter less than 2.5 microns in diameter,000048b02dd3c6d5.ws-nxcore,waggle-aqt530-5511,-9999.9,000048b02dd3c6d5,registry.sagecontinuum.org/kaludib/waggle-aqt530:1.00,vaisala-aqt530,waggle-aqt530,microgram per cubic meter,W095,core,W095
2026-07-18 23:05:00.407178253+00:00,aqt.particle.pm2.5,0.2,5min,Particulate Matter less than 2.5 microns in diameter,000048b02dd3c6d5.ws-nxcore,waggle-aqt530-5511,-9999.9,000048b02dd3c6d5,registry.sagecontinuum.org/kaludib/waggle-aqt530:1.00,vaisala-aqt530,waggle-aqt530,microgram per cubic meter,W095,core,W095
2026-07-18 23:10:00.626371522+00:00,aqt.particle.pm2.5,0.3,5min,Particulate Matter less than 2.5 microns in diameter,000048b02dd3c6d5.ws-nxcore,waggle-aqt530-5511,-9999.9,000048b02dd3c6d5,registry.sagecontinuum.org/kaludib/waggle-aqt530:1.00,vaisala-aqt530,waggle-aqt530,microgram per cubic meter,W095,core,W095
2026-07-18 23:15:19.855247673+00:00,aqt.particle.pm2.5,2.9,5min,Particulate Matter less than 2.5 microns in diameter,000048b02dd3c6d5.ws-nxcore,waggle-aqt530-5511,-9999.9,000048b02dd3c6d5,registry.sagecontinuum.org/kaludib/waggle-aqt530:1.00,vaisala-aqt530,waggle-aqt530,microgram per cubic meter,W095,core,W095
2026-07-18 23:20:00.061943236+00:00,aqt.particle.pm2.5,6.2,5min,Particulate Matter less than 2.5 microns in diameter,000048b02dd3c6d5.ws-nxcore,waggle-aqt530-5511,-9999.9,000048b02dd3c6d5,registry.sagecontinuum.org/kaludib/waggle-aqt530:1.00,vaisala-aqt530,waggle-aqt530,microgram per cubic meter,W095,core,W095
2026-07-18 23:25:00.269277057+00:00,aqt.particle.pm2.5,5.7,5min,Particulate Matter less than 2.5 microns in diameter,000048b02dd3c6d5.ws-nxcore,waggle-aqt530-5511,-9999.9,000048b02dd3c6d5,registry.sagecontinuum.org/kaludib/waggle-aqt530:1.00,vaisala-aqt530,waggle-aqt530,microgram per cubic meter,W095,core,W095
2026-07-18 23:30:00.490439202+00:00,aqt.particle.pm2.5,7.7,5min,Particulate Matter less than 2.5 microns in diameter,000048b02dd3c6d5.ws-nxcore,waggle-aqt530-5511,-9999.9,000048b02dd3c6d5,registry.sagecontinuum.org/kaludib/waggle-aqt530:1.00,vaisala-aqt530,waggle-aqt530,microgram per cubic meter,W095,core,W095
2026-07-18 23:35:19.718134821+00:00,aqt.particle.pm2.5,7.1,5min,Particulate Matter less than 2.5 microns in diameter,000048b02dd3c6d5.ws-nxcore,waggle-aqt530-5511,-9999.9,000048b02dd3c6d5,registry.sagecontinuum.org/kaludib/waggle-aqt530:1.00,vaisala-aqt530,waggle-aqt530,microgram per cubic meter,W095,core,W095
2026-07-18 23:40:19.938832725+00:00,aqt.particle.pm2.5,7.5,5min,Particulate Matter less than 2.5 microns in diameter,000048b02dd3c6d5.ws-nxcore,waggle-aqt530-5511,-9999.9,000048b02dd3c6d5,registry.sagecontinuum.org/kaludib/waggle-aqt530:1.00,vaisala-aqt530,waggle-aqt530,microgram per cubic meter,W095,core,W095
2026-07-18 23:45:00.130209961+00:00,aqt.particle.pm2.5,7.0,5min,Particulate Matter less than 2.5 microns in diameter,000048b02dd3c6d5.ws-nxcore,waggle-aqt530-5511,-9999.9,000048b02dd3c6d5,registry.sagecontinuum.org/kaludib/waggle-aqt530:1.00,vaisala-aqt530,waggle-aqt530,microgram per cubic meter,W095,core,W095
2026-07-18 23:50:00.384767223+00:00,aqt.particle.pm2.5,1.2,5min,Particulate Matter less than 2.5 microns in diameter,000048b02dd3c6d5.ws-nxcore,waggle-aqt530-5511,-9999.9,000048b02dd3c6d5,registry.sagecontinuum.org/kaludib/waggle-aqt530:1.00,vaisala-aqt530,waggle-aqt530,microgram per cubic meter,W095,core,W095
2026-07-18 23:55:01.063950445+00:00,aqt.particle.pm2.5,4.8,5min,Particulate Matter less than 2.5 microns in diameter,000048b02dd3c6d5.ws-nxcore,waggle-aqt530-5511,-9999.9,000048b02dd3c6d5,registry.sagecontinuum.org/kaludib/waggle-aqt530:1.00,vaisala-aqt530,waggle-aqt530,microgram per cubic meter,W095,core,W095
2026-07-19 00:00:19.785199165+00:00,aqt.particle.pm2.5,0.6,5min,Particulate Matter less than 2.5 microns in diameter,000048b02dd3c6d5.ws-nxcore,waggle-aqt530-5511,-9999.9,000048b02dd3c6d5,registry.sagecontinuum.org/kaludib/waggle-aqt530:1.00,vaisala-aqt530,waggle-aqt530,microgram per cubic meter,W095,core,W095
2026-07-19 00:05:19.987871795+00:00,aqt.particle.pm2.5,0.5,5min,Particulate Matter less than 2.5 microns in diameter,000048b02dd3c6d5.ws-nxcore,waggle-aqt530-5511,-9999.9,000048b02dd3c6d5,registry.sagecontinuum.org/kaludib/waggle-aqt530:1.00,vaisala-aqt530,waggle-aqt530,microgram per cubic meter,W095,core,W095
2026-07-19 00:10:00.197630091+00:00,aqt.particle.pm2.5,0.5,5min,Particulate Matter less than 2.5 microns in diameter,000048b02dd3c6d5.ws-nxcore,waggle-aqt530-5511,-9999.9,000048b02dd3c6d5,registry.sagecontinuum.org/kaludib/waggle-aqt530:1.00,vaisala-aqt530,waggle-aqt530,microgram per cubic meter,W095,core,W095
2026-07-19 00:15:00.410212689+00:00,aqt.particle.pm2.5,7.5,5min,Particulate Matter less than 2.5 microns in diameter,000048b02dd3c6d5.ws-nxcore,waggle-aqt530-5511,-9999.9,000048b02dd3c6d5,registry.sagecontinuum.org/kaludib/waggle-aqt530:1.00,vaisala-aqt530,waggle-aqt530,microgram per cubic meter,W095,core,W095
2026-07-19 00:20:19.623356229+00:00,aqt.particle.pm2.5,3.8,5min,Particulate Matter less than 2.5 microns in diameter,000048b02dd3c6d5.ws-nxcore,waggle-aqt530-5511,-9999.9,000048b02dd3c6d5,registry.sagecontinuum.org/kaludib/waggle-aqt530:1.00,vaisala-aqt530,waggle-aqt530,microgram per cubic meter,W095,core,W095
2026-07-19 00:25:19.842635913+00:00,aqt.particle.pm2.5,4.4,5min,Particulate Matter less than 2.5 microns in diameter,000048b02dd3c6d5.ws-nxcore,waggle-aqt530-5511,-9999.9,000048b02dd3c6d5,registry.sagecontinuum.org/kaludib/waggle-aqt530:1.00,vaisala-aqt530,waggle-aqt530,microgram per cubic meter,W095,core,W095
2026-07-19 00:30:00.047039414+00:00,aqt.particle.pm2.5,4.5,5min,Particulate Matter less than 2.5 microns in diameter,000048b02dd3c6d5.ws-nxcore,waggle-aqt530-5511,-9999.9,000048b02dd3c6d5,registry.sagecontinuum.org/kaludib/waggle-aqt530:1.00,vaisala-aqt530,waggle-aqt530,microgram per cubic meter,W095,core,W095
2026-07-19 00:35:00.251154821+00:00,aqt.particle.pm2.5,3.9,5min,Particulate Matter less than 2.5 microns in diameter,000048b02dd3c6d5.ws-nxcore,waggle-aqt530-5511,-9999.9,000048b02dd3c6d5,registry.sagecontinuum.org/kaludib/waggle-aqt530:1.00,vaisala-aqt530,waggle-aqt530,microgram per cubic meter,W095,core,W095
2026-07-19 00:40:00.479635924+00:00,aqt.particle.pm2.5,4.3,5min,Particulate Matter less than 2.5 microns in diameter,000048b02dd3c6d5.ws-nxcore,waggle-aqt530-5511,-9999.9,000048b02dd3c6d5,registry.sagecontinuum.org/kaludib/waggle-aqt530:1.00,vaisala-aqt530,waggle-aqt530,microgram per cubic meter,W095,core,W095
2026-07-19 00:45:19.696345432+00:00,aqt.particle.pm2.5,3.2,5min,Particulate Matter less than 2.5 microns in diameter,000048b02dd3c6d5.ws-nxcore,waggle-aqt530-5511,-9999.9,000048b02dd3c6d5,registry.sagecontinuum.org/kaludib/waggle-aqt530:1.00,vaisala-aqt530,waggle-aqt530,microgram per cubic meter,W095,core,W095
2026-07-19 00:50:19.991247249+00:00,aqt.particle.pm2.5,3.2,5min,Particulate Matter less than 2.5 microns in diameter,000048b02dd3c6d5.ws-nxcore,waggle-aqt530-5511,-9999.9,000048b02dd3c6d5,registry.sagecontinuum.org/kaludib/waggle-aqt530:1.00,vaisala-aqt530,waggle-aqt530,microgram per cubic meter,W095,core,W095
2026-07-19 00:55:00.217163860+00:00,aqt.particle.pm2.5,4.0,5min,Particulate Matter less than 2.5 microns in diameter,000048b02dd3c6d5.ws-nxcore,waggle-aqt530-5511,-9999.9,000048b02dd3c6d5,registry.sagecontinuum.org/kaludib/waggle-aqt530:1.00,vaisala-aqt530,waggle-aqt530,microgram per cubic meter,W095,core,W095
2026-07-19 01:00:00.384473176+00:00,aqt.particle.pm2.5,3.9,5min,Particulate Matter less than 2.5 microns in diameter,000048b02dd3c6d5.ws-nxcore,waggle-aqt530-5511,-9999.9,000048b02dd3c6d5,registry.sagecontinuum.org/kaludib/waggle-aqt530:1.00,vaisala-aqt530,waggle-aqt530,microgram per cubic meter,W095,core,W095
2026-07-19 01:05:00.597086433+00:00,aqt.particle.pm2.5,6.3,5min,Particulate Matter less than 2.5 microns in diameter,000048b02dd3c6d5.ws-nxcore,waggle-aqt530-5511,-9999.9,000048b02dd3c6d5,registry.sagecontinuum.org/kaludib/waggle-aqt530:1.00,vaisala-aqt530,waggle-aqt530,microgram per cubic meter,W095,core,W095
2026-07-19 01:10:19.793432538+00:00,aqt.particle.pm2.5,6.4,5min,Particulate Matter less than 2.5 microns in diameter,000048b02dd3c6d5.ws-nxcore,waggle-aqt530-5511,-9999.9,000048b02dd3c6d5,registry.sagecontinuum.org/kaludib/waggle-aqt530:1.00,vaisala-aqt530,waggle-aqt530,microgram per cubic meter,W095,core,W095
2026-07-19 01:15:19.989991215+00:00,aqt.particle.pm2.5,5.7,5min,Particulate Matter less than 2.5 microns in diameter,000048b02dd3c6d5.ws-nxcore,waggle-aqt530-5511,-9999.9,000048b02dd3c6d5,registry.sagecontinuum.org/kaludib/waggle-aqt530:1.00,vaisala-aqt530,waggle-aqt530,microgram per cubic meter,W095,core,W095
2026-07-19 01:20:00.191387670+00:00,aqt.particle.pm2.5,7.8,5min,Particulate Matter less than 2.5 microns in diameter,000048b02dd3c6d5.ws-nxcore,waggle-aqt530-5511,-9999.9,000048b02dd3c6d5,registry.sagecontinuum.org/kaludib/waggle-aqt530:1.00,vaisala-aqt530,waggle-aqt530,microgram per cubic meter,W095,core,W095
2026-07-19 01:25:00.420971721+00:00,aqt.particle.pm2.5,7.1,5min,Particulate Matter less than 2.5 microns in diameter,000048b02dd3c6d5.ws-nxcore,waggle-aqt530-5511,-9999.9,000048b02dd3c6d5,registry.sagecontinuum.org/kaludib/waggle-aqt530:1.00,vaisala-aqt530,waggle-aqt530,microgram per cubic meter,W095,core,W095
2026-07-19 01:30:19.650725598+00:00,aqt.particle.pm2.5,5.1,5min,Particulate Matter less than 2.5 microns in diameter,000048b02dd3c6d5.ws-nxcore,waggle-aqt530-5511,-9999.9,000048b02dd3c6d5,registry.sagecontinuum.org/kaludib/waggle-aqt530:1.00,vaisala-aqt530,waggle-aqt530,microgram per cubic meter,W095,core,W095
2026-07-19 01:35:19.857306175+00:00,aqt.particle.pm2.5,8.1,5min,Particulate Matter less than 2.5 microns in diameter,000048b02dd3c6d5.ws-nxcore,waggle-aqt530-5511,-9999.9,000048b02dd3c6d5,registry.sagecontinuum.org/kaludib/waggle-aqt530:1.00,vaisala-aqt530,waggle-aqt530,microgram per cubic meter,W095,core,W095
2026-07-19 01:40:00.062154666+00:00,aqt.particle.pm2.5,5.6,5min,Particulate Matter less than 2.5 microns in diameter,000048b02dd3c6d5.ws-nxcore,waggle-aqt530-5511,-9999.9,000048b02dd3c6d5,registry.sagecontinuum.org/kaludib/waggle-aqt530:1.00,vaisala-aqt530,waggle-aqt530,microgram per cubic meter,W095,core,W095
2026-07-19 01:45:00.281953152+00:00,aqt.particle.pm2.5,5.2,5min,Particulate Matter less than 2.5 microns in diameter,000048b02dd3c6d5.ws-nxcore,waggle-aqt530-5511,-9999.9,000048b02dd3c6d5,registry.sagecontinuum.org/kaludib/waggle-aqt530:1.00,vaisala-aqt530,waggle-aqt530,microgram per cubic meter,W095,core,W095
2026-07-19 01:50:00.486503767+00:00,aqt.particle.pm2.5,4.8,5min,Particulate Matter less than 2.5 microns in diameter,000048b02dd3c6d5.ws-nxcore,waggle-aqt530-5511,-9999.9,000048b02dd3c6d5,registry.sagecontinuum.org/kaludib/waggle-aqt530:1.00,vaisala-aqt530,waggle-aqt530,microgram per cubic meter,W095,core,W095
2026-07-19 01:55:19.727492158+00:00,aqt.particle.pm2.5,6.0,5min,Particulate Matter less than 2.5 microns in diameter,000048b02dd3c6d5.ws-nxcore,waggle-aqt530-5511,-9999.9,000048b02dd3c6d5,registry.sagecontinuum.org/kaludib/waggle-aqt530:1.00,vaisala-aqt530,waggle-aqt530,microgram per cubic meter,W095,core,W095
2026-07-19 02:00:19.944553744+00:00,aqt.particle.pm2.5,5.6,5min,Particulate Matter less than 2.5 microns in diameter,000048b02dd3c6d5.ws-nxcore,waggle-aqt530-5511,-9999.9,000048b02dd3c6d5,registry.sagecontinuum.org/kaludib/waggle-aqt530:1.00,vaisala-aqt530,waggle-aqt530,microgram per cubic meter,W095,core,W095
2026-07-19 02:05:00.158863685+00:00,aqt.particle.pm2.5,0.4,5min,Particulate Matter less than 2.5 microns in diameter,000048b02dd3c6d5.ws-nxcore,waggle-aqt530-5511,-9999.9,000048b02dd3c6d5,registry.sagecontinuum.org/kaludib/waggle-aqt530:1.00,vaisala-aqt530,waggle-aqt530,microgram per cubic meter,W095,core,W095
2026-07-19 02:10:00.367394134+00:00,aqt.particle.pm2.5,0.4,5min,Particulate Matter less than 2.5 microns in diameter,000048b02dd3c6d5.ws-nxcore,waggle-aqt530-5511,-9999.9,000048b02dd3c6d5,registry.sagecontinuum.org/kaludib/waggle-aqt530:1.00,vaisala-aqt530,waggle-aqt530,microgram per cubic meter,W095,core,W095
2026-07-19 02:15:19.610667244+00:00,aqt.particle.pm2.5,2.2,5min,Particulate Matter less than 2.5 microns in diameter,000048b02dd3c6d5.ws-nxcore,waggle-aqt530-5511,-9999.9,000048b02dd3c6d5,registry.sagecontinuum.org/kaludib/waggle-aqt530:1.00,vaisala-aqt530,waggle-aqt530,microgram per cubic meter,W095,core,W095
2026-07-19 02:20:19.818786434+00:00,aqt.particle.pm2.5,9.6,5min,Particulate Matter less than 2.5 microns in diameter,000048b02dd3c6d5.ws-nxcore,waggle-aqt530-5511,-9999.9,000048b02dd3c6d5,registry.sagecontinuum.org/kaludib/waggle-aqt530:1.00,vaisala-aqt530,waggle-aqt530,microgram per cubic meter,W095,core,W095
2026-07-19 02:25:00.024208701+00:00,aqt.particle.pm2.5,1.3,5min,Particulate Matter less than 2.5 microns in diameter,000048b02dd3c6d5.ws-nxcore,waggle-aqt530-5511,-9999.9,000048b02dd3c6d5,registry.sagecontinuum.org/kaludib/waggle-aqt530:1.00,vaisala-aqt530,waggle-aqt530,microgram per cubic meter,W095,core,W095
2026-07-19 02:30:00.248635472+00:00,aqt.particle.pm2.5,1.1,5min,Particulate Matter less than 2.5 microns in diameter,000048b02dd3c6d5.ws-nxcore,waggle-aqt530-5511,-9999.9,000048b02dd3c6d5,registry.sagecontinuum.org/kaludib/waggle-aqt530:1.00,vaisala-aqt530,waggle-aqt530,microgram per cubic meter,W095,core,W095
2026-07-19 02:35:00.441867076+00:00,aqt.particle.pm2.5,1.8,5min,Particulate Matter less than 2.5 microns in diameter,000048b02dd3c6d5.ws-nxcore,waggle-aqt530-5511,-9999.9,000048b02dd3c6d5,registry.sagecontinuum.org/kaludib/waggle-aqt530:1.00,vaisala-aqt530,waggle-aqt530,microgram per cubic meter,W095,core,W095
2026-07-19 02:40:19.664751411+00:00,aqt.particle.pm2.5,2.7,5min,Particulate Matter less than 2.5 microns in diameter,000048b02dd3c6d5.ws-nxcore,waggle-aqt530-5511,-9999.9,000048b02dd3c6d5,registry.sagecontinuum.org/kaludib/waggle-aqt530:1.00,vaisala-aqt530,waggle-aqt530,microgram per cubic meter,W095,core,W095
2026-07-19 02:45:19.882704611+00:00,aqt.particle.pm2.5,2.5,5min,Particulate Matter less than 2.5 microns in diameter,000048b02dd3c6d5.ws-nxcore,waggle-aqt530-5511,-9999.9,000048b02dd3c6d5,registry.sagecontinuum.org/kaludib/waggle-aqt530:1.00,vaisala-aqt530,waggle-aqt530,microgram per cubic meter,W095,core,W095
2026-07-19 02:50:00.085946279+00:00,aqt.particle.pm2.5,3.3,5min,Particulate Matter less than 2.5 microns in diameter,000048b02dd3c6d5.ws-nxcore,waggle-aqt530-5511,-9999.9,000048b02dd3c6d5,registry.sagecontinuum.org/kaludib/waggle-aqt530:1.00,vaisala-aqt530,waggle-aqt530,microgram per cubic meter,W095,core,W095
2026-07-19 02:55:00.297712412+00:00,aqt.particle.pm2.5,1.4,5min,Particulate Matter less than 2.5 microns in diameter,000048b02dd3c6d5.ws-nxcore,waggle-aqt530-5511,-9999.9,000048b02dd3c6d5,registry.sagecontinuum.org/kaludib/waggle-aqt530:1.00,vaisala-aqt530,waggle-aqt530,microgram per cubic meter,W095,core,W095
2026-07-19 03:00:19.515969229+00:00,aqt.particle.pm2.5,0.1,5min,Particulate Matter less than 2.5 microns in diameter,000048b02dd3c6d5.ws-nxcore,waggle-aqt530-5511,-9999.9,000048b02dd3c6d5,registry.sagecontinuum.org/kaludib/waggle-aqt530:1.00,vaisala-aqt530,waggle-aqt530,microgram per cubic meter,W095,core,W095
2026-07-19 03:05:19.732898615+00:00,aqt.particle.pm2.5,0.1,5min,Particulate Matter less than 2.5 microns in diameter,000048b02dd3c6d5.ws-nxcore,waggle-aqt530-5511,-9999.9,000048b02dd3c6d5,registry.sagecontinuum.org/kaludib/waggle-aqt530:1.00,vaisala-aqt530,waggle-aqt530,microgram per cubic meter,W095,core,W095
2026-07-19 03:10:19.944465094+00:00,aqt.particle.pm2.5,0.2,5min,Particulate Matter less than 2.5 microns in diameter,000048b02dd3c6d5.ws-nxcore,waggle-aqt530-5511,-9999.9,000048b02dd3c6d5,registry.sagecontinuum.org/kaludib/waggle-aqt530:1.00,vaisala-aqt530,waggle-aqt530,microgram per cubic meter,W095,core,W095
2026-07-19 03:15:00.132691858+00:00,aqt.particle.pm2.5,1.4,5min,Particulate Matter less than 2.5 microns in diameter,000048b02dd3c6d5.ws-nxcore,waggle-aqt530-5511,-9999.9,000048b02dd3c6d5,registry.sagecontinuum.org/kaludib/waggle-aqt530:1.00,vaisala-aqt530,waggle-aqt530,microgram per cubic meter,W095,core,W095
2026-07-19 03:20:00.346050670+00:00,aqt.particle.pm2.5,1.1,5min,Particulate Matter less than 2.5 microns in diameter,000048b02dd3c6d5.ws-nxcore,waggle-aqt530-5511,-9999.9,000048b02dd3c6d5,registry.sagecontinuum.org/kaludib/waggle-aqt530:1.00,vaisala-aqt530,waggle-aqt530,microgram per cubic meter,W095,core,W095
2026-07-19 03:25:19.570699244+00:00,aqt.particle.pm2.5,1.2,5min,Particulate Matter less than 2.5 microns in diameter,000048b02dd3c6d5.ws-nxcore,waggle-aqt530-5511,-9999.9,000048b02dd3c6d5,registry.sagecontinuum.org/kaludib/waggle-aqt530:1.00,vaisala-aqt530,waggle-aqt530,microgram per cubic meter,W095,core,W095
2026-07-19 03:30:19.787332040+00:00,aqt.particle.pm2.5,0.1,5min,Particulate Matter less than 2.5 microns in diameter,000048b02dd3c6d5.ws-nxcore,waggle-aqt530-5511,-9999.9,000048b02dd3c6d5,registry.sagecontinuum.org/kaludib/waggle-aqt530:1.00,vaisala-aqt530,waggle-aqt530,microgram per cubic meter,W095,core,W095
2026-07-19 03:35:19.989835920+00:00,aqt.particle.pm2.5,1.8,5min,Particulate Matter less than 2.5 microns in diameter,000048b02dd3c6d5.ws-nxcore,waggle-aqt530-5511,-9999.9,000048b02dd3c6d5,registry.sagecontinuum.org/kaludib/waggle-aqt530:1.00,vaisala-aqt530,waggle-aqt530,microgram per cubic meter,W095,core,W095
2026-07-19 03:40:00.221225107+00:00,aqt.particle.pm2.5,2.8,5min,Particulate Matter less than 2.5 microns in diameter,000048b02dd3c6d5.ws-nxcore,waggle-aqt530-5511,-9999.9,000048b02dd3c6d5,registry.sagecontinuum.org/kaludib/waggle-aqt530:1.00,vaisala-aqt530,waggle-aqt530,microgram per cubic meter,W095,core,W095
2026-07-19 03:45:00.462628549+00:00,aqt.particle.pm2.5,0.3,5min,Particulate Matter less than 2.5 microns in diameter,000048b02dd3c6d5.ws-nxcore,waggle-aqt530-5511,-9999.9,000048b02dd3c6d5,registry.sagecontinuum.org/kaludib/waggle-aqt530:1.00,vaisala-aqt530,waggle-aqt530,microgram per cubic meter,W095,core,W095
2026-07-19 03:50:19.707571649+00:00,aqt.particle.pm2.5,0.2,5min,Particulate Matter less than 2.5 microns in diameter,000048b02dd3c6d5.ws-nxcore,waggle-aqt530-5511,-9999.9,000048b02dd3c6d5,registry.sagecontinuum.org/kaludib/waggle-aqt530:1.00,vaisala-aqt530,waggle-aqt530,microgram per cubic meter,W095,core,W095
2026-07-19 03:55:19.923998351+00:00,aqt.particle.pm2.5,0.0,5min,Particulate Matter less than 2.5 microns in diameter,000048b02dd3c6d5.ws-nxcore,waggle-aqt530-5511,-9999.9,000048b02dd3c6d5,registry.sagecontinuum.org/kaludib/waggle-aqt530:1.00,vaisala-aqt530,waggle-aqt530,microgram per cubic meter,W095,core,W095
2026-07-19 04:00:00.136156536+00:00,aqt.particle.pm2.5,0.1,5min,Particulate Matter less than 2.5 microns in diameter,000048b02dd3c6d5.ws-nxcore,waggle-aqt530-5511,-9999.9,000048b02dd3c6d5,registry.sagecontinuum.org/kaludib/waggle-aqt530:1.00,vaisala-aqt530,waggle-aqt530,microgram per cubic meter,W095,core,W095
2026-07-19 04:05:00.367956173+00:00,aqt.particle.pm2.5,0.0,5min,Particulate Matter less than 2.5 microns in diameter,000048b02dd3c6d5.ws-nxcore,waggle-aqt530-5511,-9999.9,000048b02dd3c6d5,registry.sagecontinuum.org/kaludib/waggle-aqt530:1.00,vaisala-aqt530,waggle-aqt530,microgram per cubic meter,W095,core,W095
2026-07-19 04:10:19.593663559+00:00,aqt.particle.pm2.5,0.1,5min,Particulate Matter less than 2.5 microns in diameter,000048b02dd3c6d5.ws-nxcore,waggle-aqt530-5511,-9999.9,000048b02dd3c6d5,registry.sagecontinuum.org/kaludib/waggle-aqt530:1.00,vaisala-aqt530,waggle-aqt530,microgram per cubic meter,W095,core,W095
2026-07-19 04:15:19.803587574+00:00,aqt.particle.pm2.5,0.0,5min,Particulate Matter less than 2.5 microns in diameter,000048b02dd3c6d5.ws-nxcore,waggle-aqt530-5511,-9999.9,000048b02dd3c6d5,registry.sagecontinuum.org/kaludib/waggle-aqt530:1.00,vaisala-aqt530,waggle-aqt530,microgram per cubic meter,W095,core,W095
2026-07-19 04:20:00.011959837+00:00,aqt.particle.pm2.5,0.0,5min,Particulate Matter less than 2.5 microns in diameter,000048b02dd3c6d5.ws-nxcore,waggle-aqt530-5511,-9999.9,000048b02dd3c6d5,registry.sagecontinuum.org/kaludib/waggle-aqt530:1.00,vaisala-aqt530,waggle-aqt530,microgram per cubic meter,W095,core,W095
2026-07-19 04:25:00.235918978+00:00,aqt.particle.pm2.5,0.1,5min,Particulate Matter less than 2.5 microns in diameter,000048b02dd3c6d5.ws-nxcore,waggle-aqt530-5511,-9999.9,000048b02dd3c6d5,registry.sagecontinuum.org/kaludib/waggle-aqt530:1.00,vaisala-aqt530,waggle-aqt530,microgram per cubic meter,W095,core,W095
2026-07-19 04:30:00.418869933+00:00,aqt.particle.pm2.5,0.3,5min,Particulate Matter less than 2.5 microns in diameter,000048b02dd3c6d5.ws-nxcore,waggle-aqt530-5511,-9999.9,000048b02dd3c6d5,registry.sagecontinuum.org/kaludib/waggle-aqt530:1.00,vaisala-aqt530,waggle-aqt530,microgram per cubic meter,W095,core,W095
2026-07-19 04:35:19.592660616+00:00,aqt.particle.pm2.5,0.0,5min,Particulate Matter less than 2.5 microns in diameter,000048b02dd3c6d5.ws-nxcore,waggle-aqt530-5511,-9999.9,000048b02dd3c6d5,registry.sagecontinuum.org/kaludib/waggle-aqt530:1.00,vaisala-aqt530,waggle-aqt530,microgram per cubic meter,W095,core,W095
2026-07-19 04:40:19.770756836+00:00,aqt.particle.pm2.5,0.0,5min,Particulate Matter less than 2.5 microns in diameter,000048b02dd3c6d5.ws-nxcore,waggle-aqt530-5511,-9999.9,000048b02dd3c6d5,registry.sagecontinuum.org/kaludib/waggle-aqt530:1.00,vaisala-aqt530,waggle-aqt530,microgram per cubic meter,W095,core,W095
2026-07-19 04:45:19.976328266+00:00,aqt.particle.pm2.5,0.4,5min,Particulate Matter less than 2.5 microns in diameter,000048b02dd3c6d5.ws-nxcore,waggle-aqt530-5511,-9999.9,000048b02dd3c6d5,registry.sagecontinuum.org/kaludib/waggle-aqt530:1.00,vaisala-aqt530,waggle-aqt530,microgram per cubic meter,W095,core,W095
2026-07-19 04:50:00.191459782+00:00,aqt.particle.pm2.5,0.5,5min,Particulate Matter less than 2.5 microns in diameter,000048b02dd3c6d5.ws-nxcore,waggle-aqt530-5511,-9999.9,000048b02dd3c6d5,registry.sagecontinuum.org/kaludib/waggle-aqt530:1.00,vaisala-aqt530,waggle-aqt530,microgram per cubic meter,W095,core,W095
2026-07-19 04:55:19.438462851+00:00,aqt.particle.pm2.5,0.7,5min,Particulate Matter less than 2.5 microns in diameter,000048b02dd3c6d5.ws-nxcore,waggle-aqt530-5511,-9999.9,000048b02dd3c6d5,registry.sagecontinuum.org/kaludib/waggle-aqt530:1.00,vaisala-aqt530,waggle-aqt530,microgram per cubic meter,W095,core,W095
2026-07-19 05:00:19.643449729+00:00,aqt.particle.pm2.5,0.2,5min,Particulate Matter less than 2.5 microns in diameter,000048b02dd3c6d5.ws-nxcore,waggle-aqt530-5511,-9999.9,000048b02dd3c6d5,registry.sagecontinuum.org/kaludib/waggle-aqt530:1.00,vaisala-aqt530,waggle-aqt530,microgram per cubic meter,W095,core,W095
2026-07-19 05:05:19.859744384+00:00,aqt.particle.pm2.5,0.1,5min,Particulate Matter less than 2.5 microns in diameter,000048b02dd3c6d5.ws-nxcore,waggle-aqt530-5511,-9999.9,000048b02dd3c6d5,registry.sagecontinuum.org/kaludib/waggle-aqt530:1.00,vaisala-aqt530,waggle-aqt530,microgram per cubic meter,W095,core,W095
2026-07-19 05:10:00.044940440+00:00,aqt.particle.pm2.5,0.1,5min,Particulate Matter less than 2.5 microns in diameter,000048b02dd3c6d5.ws-nxcore,waggle-aqt530-5511,-9999.9,000048b02dd3c6d5,registry.sagecontinuum.org/kaludib/waggle-aqt530:1.00,vaisala-aqt530,waggle-aqt530,microgram per cubic meter,W095,core,W095
2026-07-19 05:15:00.260209292+00:00,aqt.particle.pm2.5,0.1,5min,Particulate Matter less than 2.5 microns in diameter,000048b02dd3c6d5.ws-nxcore,waggle-aqt530-5511,-9999.9,000048b02dd3c6d5,registry.sagecontinuum.org/kaludib/waggle-aqt530:1.00,vaisala-aqt530,waggle-aqt530,microgram per cubic meter,W095,core,W095
2026-07-19 05:20:19.480276574+00:00,aqt.particle.pm2.5,0.1,5min,Particulate Matter less than 2.5 microns in diameter,000048b02dd3c6d5.ws-nxcore,waggle-aqt530-5511,-9999.9,000048b02dd3c6d5,registry.sagecontinuum.org/kaludib/waggle-aqt530:1.00,vaisala-aqt530,waggle-aqt530,microgram per cubic meter,W095,core,W095
2026-07-19 05:25:19.694878888+00:00,aqt.particle.pm2.5,0.2,5min,Particulate Matter less than 2.5 microns in diameter,000048b02dd3c6d5.ws-nxcore,waggle-aqt530-5511,-9999.9,000048b02dd3c6d5,registry.sagecontinuum.org/kaludib/waggle-aqt530:1.00,vaisala-aqt530,waggle-aqt530,microgram per cubic meter,W095,core,W095
2026-07-19 05:30:19.909406253+00:00,aqt.particle.pm2.5,0.2,5min,Particulate Matter less than 2.5 microns in diameter,000048b02dd3c6d5.ws-nxcore,waggle-aqt530-5511,-9999.9,000048b02dd3c6d5,registry.sagecontinuum.org/kaludib/waggle-aqt530:1.00,vaisala-aqt530,waggle-aqt530,microgram per cubic meter,W095,core,W095
2026-07-19 05:35:00.094800329+00:00,aqt.particle.pm2.5,0.9,5min,Particulate Matter less than 2.5 microns in diameter,000048b02dd3c6d5.ws-nxcore,waggle-aqt530-5511,-9999.9,000048b02dd3c6d5,registry.sagecontinuum.org/kaludib/waggle-aqt530:1.00,vaisala-aqt530,waggle-aqt530,microgram per cubic meter,W095,core,W095
2026-07-19 05:40:00.325350197+00:00,aqt.particle.pm2.5,1.5,5min,Particulate Matter less than 2.5 microns in diameter,000048b02dd3c6d5.ws-nxcore,waggle-aqt530-5511,-9999.9,000048b02dd3c6d5,registry.sagecontinuum.org/kaludib/waggle-aqt530:1.00,vaisala-aqt530,waggle-aqt530,microgram per cubic meter,W095,core,W095
2026-07-19 05:45:19.566277690+00:00,aqt.particle.pm2.5,4.3,5min,Particulate Matter less than 2.5 microns in diameter,000048b02dd3c6d5.ws-nxcore,waggle-aqt530-5511,-9999.9,000048b02dd3c6d5,registry.sagecontinuum.org/kaludib/waggle-aqt530:1.00,vaisala-aqt530,waggle-aqt530,microgram per cubic meter,W095,core,W095
2026-07-19 05:50:19.791632176+00:00,aqt.particle.pm2.5,4.8,5min,Particulate Matter less than 2.5 microns in diameter,000048b02dd3c6d5.ws-nxcore,waggle-aqt530-5511,-9999.9,000048b02dd3c6d5,registry.sagecontinuum.org/kaludib/waggle-aqt530:1.00,vaisala-aqt530,waggle-aqt530,microgram per cubic meter,W095,core,W095
2026-07-19 05:55:19.999798749+00:00,aqt.particle.pm2.5,4.7,5min,Particulate Matter less than 2.5 microns in diameter,000048b02dd3c6d5.ws-nxcore,waggle-aqt530-5511,-9999.9,000048b02dd3c6d5,registry.sagecontinuum.org/kaludib/waggle-aqt530:1.00,vaisala-aqt530,waggle-aqt530,microgram per cubic meter,W095,core,W095
2026-07-19 06:00:00.215791008+00:00,aqt.particle.pm2.5,5.3,5min,Particulate Matter less than 2.5 microns in diameter,000048b02dd3c6d5.ws-nxcore,waggle-aqt530-5511,-9999.9,000048b02dd3c6d5,registry.sagecontinuum.org/kaludib/waggle-aqt530:1.00,vaisala-aqt530,waggle-aqt530,microgram per cubic meter,W095,core,W095
2026-07-19 06:05:19.432678806+00:00,aqt.particle.pm2.5,4.2,5min,Particulate Matter less than 2.5 microns in diameter,000048b02dd3c6d5.ws-nxcore,waggle-aqt530-5511,-9999.9,000048b02dd3c6d5,registry.sagecontinuum.org/kaludib/waggle-aqt530:1.00,vaisala-aqt530,waggle-aqt530,microgram per cubic meter,W095,core,W095
2026-07-19 06:10:19.650601489+00:00,aqt.particle.pm2.5,2.1,5min,Particulate Matter less than 2.5 microns in diameter,000048b02dd3c6d5.ws-nxcore,waggle-aqt530-5511,-9999.9,000048b02dd3c6d5,registry.sagecontinuum.org/kaludib/waggle-aqt530:1.00,vaisala-aqt530,waggle-aqt530,microgram per cubic meter,W095,core,W095
2026-07-19 06:15:19.864019512+00:00,aqt.particle.pm2.5,0.3,5min,Particulate Matter less than 2.5 microns in diameter,000048b02dd3c6d5.ws-nxcore,waggle-aqt530-5511,-9999.9,000048b02dd3c6d5,registry.sagecontinuum.org/kaludib/waggle-aqt530:1.00,vaisala-aqt530,waggle-aqt530,microgram per cubic meter,W095,core,W095
2026-07-19 06:20:00.069343803+00:00,aqt.particle.pm2.5,0.2,5min,Particulate Matter less than 2.5 microns in diameter,000048b02dd3c6d5.ws-nxcore,waggle-aqt530-5511,-9999.9,000048b02dd3c6d5,registry.sagecontinuum.org/kaludib/waggle-aqt530:1.00,vaisala-aqt530,waggle-aqt530,microgram per cubic meter,W095,core,W095
2026-07-19 06:25:00.290866048+00:00,aqt.particle.pm2.5,0.0,5min,Particulate Matter less than 2.5 microns in diameter,000048b02dd3c6d5.ws-nxcore,waggle-aqt530-5511,-9999.9,000048b02dd3c6d5,registry.sagecontinuum.org/kaludib/waggle-aqt530:1.00,vaisala-aqt530,waggle-aqt530,microgram per cubic meter,W095,core,W095
2026-07-19 06:30:19.518558561+00:00,aqt.particle.pm2.5,0.4,5min,Particulate Matter less than 2.5 microns in diameter,000048b02dd3c6d5.ws-nxcore,waggle-aqt530-5511,-9999.9,000048b02dd3c6d5,registry.sagecontinuum.org/kaludib/waggle-aqt530:1.00,vaisala-aqt530,waggle-aqt530,microgram per cubic meter,W095,core,W095
2026-07-19 06:35:19.724091488+00:00,aqt.particle.pm2.5,0.0,5min,Particulate Matter less than 2.5 microns in diameter,000048b02dd3c6d5.ws-nxcore,waggle-aqt530-5511,-9999.9,000048b02dd3c6d5,registry.sagecontinuum.org/kaludib/waggle-aqt530:1.00,vaisala-aqt530,waggle-aqt530,microgram per cubic meter,W095,core,W095
2026-07-19 06:40:19.944430379+00:00,aqt.particle.pm2.5,0.0,5min,Particulate Matter less than 2.5 microns in diameter,000048b02dd3c6d5.ws-nxcore,waggle-aqt530-5511,-9999.9,000048b02dd3c6d5,registry.sagecontinuum.org/kaludib/waggle-aqt530:1.00,vaisala-aqt530,waggle-aqt530,microgram per cubic meter,W095,core,W095
2026-07-19 06:45:00.156016933+00:00,aqt.particle.pm2.5,0.0,5min,Particulate Matter less than 2.5 microns in diameter,000048b02dd3c6d5.ws-nxcore,waggle-aqt530-5511,-9999.9,000048b02dd3c6d5,registry.sagecontinuum.org/kaludib/waggle-aqt530:1.00,vaisala-aqt530,waggle-aqt530,microgram per cubic meter,W095,core,W095
2026-07-19 06:50:19.375840449+00:00,aqt.particle.pm2.5,0.0,5min,Particulate Matter less than 2.5 microns in diameter,000048b02dd3c6d5.ws-nxcore,waggle-aqt530-5511,-9999.9,000048b02dd3c6d5,registry.sagecontinuum.org/kaludib/waggle-aqt530:1.00,vaisala-aqt530,waggle-aqt530,microgram per cubic meter,W095,core,W095
2026-07-19 06:55:19.582151772+00:00,aqt.particle.pm2.5,0.0,5min,Particulate Matter less than 2.5 microns in diameter,000048b02dd3c6d5.ws-nxcore,waggle-aqt530-5511,-9999.9,000048b02dd3c6d5,registry.sagecontinuum.org/kaludib/waggle-aqt530:1.00,vaisala-aqt530,waggle-aqt530,microgram per cubic meter,W095,core,W095
2026-07-19 07:00:19.801059234+00:00,aqt.particle.pm2.5,0.0,5min,Particulate Matter less than 2.5 microns in diameter,000048b02dd3c6d5.ws-nxcore,waggle-aqt530-5511,-9999.9,000048b02dd3c6d5,registry.sagecontinuum.org/kaludib/waggle-aqt530:1.00,vaisala-aqt530,waggle-aqt530,microgram per cubic meter,W095,core,W095
2026-07-19 07:05:00.005555623+00:00,aqt.particle.pm2.5,0.0,5min,Particulate Matter less than 2.5 microns in diameter,000048b02dd3c6d5.ws-nxcore,waggle-aqt530-5511,-9999.9,000048b02dd3c6d5,registry.sagecontinuum.org/kaludib/waggle-aqt530:1.00,vaisala-aqt530,waggle-aqt530,microgram per cubic meter,W095,core,W095
2026-07-19 07:10:00.213375629+00:00,aqt.particle.pm2.5,0.0,5min,Particulate Matter less than 2.5 microns in diameter,000048b02dd3c6d5.ws-nxcore,waggle-aqt530-5511,-9999.9,000048b02dd3c6d5,registry.sagecontinuum.org/kaludib/waggle-aqt530:1.00,vaisala-aqt530,waggle-aqt530,microgram per cubic meter,W095,core,W095
2026-07-19 07:15:19.452359473+00:00,aqt.particle.pm2.5,0.0,5min,Particulate Matter less than 2.5 microns in diameter,000048b02dd3c6d5.ws-nxcore,waggle-aqt530-5511,-9999.9,000048b02dd3c6d5,registry.sagecontinuum.org/kaludib/waggle-aqt530:1.00,vaisala-aqt530,waggle-aqt530,microgram per cubic meter,W095,core,W095
2026-07-19 07:20:19.656321962+00:00,aqt.particle.pm2.5,0.0,5min,Particulate Matter less than 2.5 microns in diameter,000048b02dd3c6d5.ws-nxcore,waggle-aqt530-5511,-9999.9,000048b02dd3c6d5,registry.sagecontinuum.org/kaludib/waggle-aqt530:1.00,vaisala-aqt530,waggle-aqt530,microgram per cubic meter,W095,core,W095
2026-07-19 07:25:19.869428161+00:00,aqt.particle.pm2.5,0.0,5min,Particulate Matter less than 2.5 microns in diameter,000048b02dd3c6d5.ws-nxcore,waggle-aqt530-5511,-9999.9,000048b02dd3c6d5,registry.sagecontinuum.org/kaludib/waggle-aqt530:1.00,vaisala-aqt530,waggle-aqt530,microgram per cubic meter,W095,core,W095
2026-07-19 07:30:00.069794669+00:00,aqt.particle.pm2.5,0.0,5min,Particulate Matter less than 2.5 microns in diameter,000048b02dd3c6d5.ws-nxcore,waggle-aqt530-5511,-9999.9,000048b02dd3c6d5,registry.sagecontinuum.org/kaludib/waggle-aqt530:1.00,vaisala-aqt530,waggle-aqt530,microgram per cubic meter,W095,core,W095
2026-07-19 07:35:19.293998656+00:00,aqt.particle.pm2.5,0.0,5min,Particulate Matter less than 2.5 microns in diameter,000048b02dd3c6d5.ws-nxcore,waggle-aqt530-5511,-9999.9,000048b02dd3c6d5,registry.sagecontinuum.org/kaludib/waggle-aqt530:1.00,vaisala-aqt530,waggle-aqt530,microgram per cubic meter,W095,core,W095
2026-07-19 07:40:19.496447623+00:00,aqt.particle.pm2.5,0.0,5min,Particulate Matter less than 2.5 microns in diameter,000048b02dd3c6d5.ws-nxcore,waggle-aqt530-5511,-9999.9,000048b02dd3c6d5,registry.sagecontinuum.org/kaludib/waggle-aqt530:1.00,vaisala-aqt530,waggle-aqt530,microgram per cubic meter,W095,core,W095
2026-07-19 07:45:19.714083965+00:00,aqt.particle.pm2.5,0.0,5min,Particulate Matter less than 2.5 microns in diameter,000048b02dd3c6d5.ws-nxcore,waggle-aqt530-5511,-9999.9,000048b02dd3c6d5,registry.sagecontinuum.org/kaludib/waggle-aqt530:1.00,vaisala-aqt530,waggle-aqt530,microgram per cubic meter,W095,core,W095
2026-07-19 07:50:19.932477017+00:00,aqt.particle.pm2.5,0.0,5min,Particulate Matter less than 2.5 microns in diameter,000048b02dd3c6d5.ws-nxcore,waggle-aqt530-5511,-9999.9,000048b02dd3c6d5,registry.sagecontinuum.org/kaludib/waggle-aqt530:1.00,vaisala-aqt530,waggle-aqt530,microgram per cubic meter,W095,core,W095
2026-07-19 07:55:00.144371410+00:00,aqt.particle.pm2.5,0.0,5min,Particulate Matter less than 2.5 microns in diameter,000048b02dd3c6d5.ws-nxcore,waggle-aqt530-5511,-9999.9,000048b02dd3c6d5,registry.sagecontinuum.org/kaludib/waggle-aqt530:1.00,vaisala-aqt530,waggle-aqt530,microgram per cubic meter,W095,core,W095
2026-07-19 08:00:19.358586746+00:00,aqt.particle.pm2.5,0.0,5min,Particulate Matter less than 2.5 microns in diameter,000048b02dd3c6d5.ws-nxcore,waggle-aqt530-5511,-9999.9,000048b02dd3c6d5,registry.sagecontinuum.org/kaludib/waggle-aqt530:1.00,vaisala-aqt530,waggle-aqt530,microgram per cubic meter,W095,core,W095
2026-07-19 08:05:19.579991726+00:00,aqt.particle.pm2.5,0.0,5min,Particulate Matter less than 2.5 microns in diameter,000048b02dd3c6d5.ws-nxcore,waggle-aqt530-5511,-9999.9,000048b02dd3c6d5,registry.sagecontinuum.org/kaludib/waggle-aqt530:1.00,vaisala-aqt530,waggle-aqt530,microgram per cubic meter,W095,core,W095
2026-07-19 08:10:19.802621987+00:00,aqt.particle.pm2.5,0.0,5min,Particulate Matter less than 2.5 microns in diameter,000048b02dd3c6d5.ws-nxcore,waggle-aqt530-5511,-9999.9,000048b02dd3c6d5,registry.sagecontinuum.org/kaludib/waggle-aqt530:1.00,vaisala-aqt530,waggle-aqt530,microgram per cubic meter,W095,core,W095
2026-07-19 08:15:20.013058259+00:00,aqt.particle.pm2.5,0.0,5min,Particulate Matter less than 2.5 microns in diameter,000048b02dd3c6d5.ws-nxcore,waggle-aqt530-5511,-9999.9,000048b02dd3c6d5,registry.sagecontinuum.org/kaludib/waggle-aqt530:1.00,vaisala-aqt530,waggle-aqt530,microgram per cubic meter,W095,core,W095
2026-07-19 08:20:00.218993653+00:00,aqt.particle.pm2.5,0.0,5min,Particulate Matter less than 2.5 microns in diameter,000048b02dd3c6d5.ws-nxcore,waggle-aqt530-5511,-9999.9,000048b02dd3c6d5,registry.sagecontinuum.org/kaludib/waggle-aqt530:1.00,vaisala-aqt530,waggle-aqt530,microgram per cubic meter,W095,core,W095
2026-07-19 08:25:19.438803858+00:00,aqt.particle.pm2.5,0.0,5min,Particulate Matter less than 2.5 microns in diameter,000048b02dd3c6d5.ws-nxcore,waggle-aqt530-5511,-9999.9,000048b02dd3c6d5,registry.sagecontinuum.org/kaludib/waggle-aqt530:1.00,vaisala-aqt530,waggle-aqt530,microgram per cubic meter,W095,core,W095
2026-07-19 08:30:19.656927799+00:00,aqt.particle.pm2.5,0.0,5min,Particulate Matter less than 2.5 microns in diameter,000048b02dd3c6d5.ws-nxcore,waggle-aqt530-5511,-9999.9,000048b02dd3c6d5,registry.sagecontinuum.org/kaludib/waggle-aqt530:1.00,vaisala-aqt530,waggle-aqt530,microgram per cubic meter,W095,core,W095
2026-07-19 08:35:19.860168233+00:00,aqt.particle.pm2.5,0.5,5min,Particulate Matter less than 2.5 microns in diameter,000048b02dd3c6d5.ws-nxcore,waggle-aqt530-5511,-9999.9,000048b02dd3c6d5,registry.sagecontinuum.org/kaludib/waggle-aqt530:1.00,vaisala-aqt530,waggle-aqt530,microgram per cubic meter,W095,core,W095
2026-07-19 08:40:00.063984871+00:00,aqt.particle.pm2.5,0.5,5min,Particulate Matter less than 2.5 microns in diameter,000048b02dd3c6d5.ws-nxcore,waggle-aqt530-5511,-9999.9,000048b02dd3c6d5,registry.sagecontinuum.org/kaludib/waggle-aqt530:1.00,vaisala-aqt530,waggle-aqt530,microgram per cubic meter,W095,core,W095
2026-07-19 08:45:19.289790428+00:00,aqt.particle.pm2.5,0.0,5min,Particulate Matter less than 2.5 microns in diameter,000048b02dd3c6d5.ws-nxcore,waggle-aqt530-5511,-9999.9,000048b02dd3c6d5,registry.sagecontinuum.org/kaludib/waggle-aqt530:1.00,vaisala-aqt530,waggle-aqt530,microgram per cubic meter,W095,core,W095
2026-07-19 08:50:19.508941509+00:00,aqt.particle.pm2.5,0.0,5min,Particulate Matter less than 2.5 microns in diameter,000048b02dd3c6d5.ws-nxcore,waggle-aqt530-5511,-9999.9,000048b02dd3c6d5,registry.sagecontinuum.org/kaludib/waggle-aqt530:1.00,vaisala-aqt530,waggle-aqt530,microgram per cubic meter,W095,core,W095
2026-07-19 08:55:19.713219378+00:00,aqt.particle.pm2.5,0.2,5min,Particulate Matter less than 2.5 microns in diameter,000048b02dd3c6d5.ws-nxcore,waggle-aqt530-5511,-9999.9,000048b02dd3c6d5,registry.sagecontinuum.org/kaludib/waggle-aqt530:1.00,vaisala-aqt530,waggle-aqt530,microgram per cubic meter,W095,core,W095
2026-07-19 09:00:19.932130363+00:00,aqt.particle.pm2.5,0.2,5min,Particulate Matter less than 2.5 microns in diameter,000048b02dd3c6d5.ws-nxcore,waggle-aqt530-5511,-9999.9,000048b02dd3c6d5,registry.sagecontinuum.org/kaludib/waggle-aqt530:1.00,vaisala-aqt530,waggle-aqt530,microgram per cubic meter,W095,core,W095
2026-07-19 09:05:00.137833050+00:00,aqt.particle.pm2.5,0.1,5min,Particulate Matter less than 2.5 microns in diameter,000048b02dd3c6d5.ws-nxcore,waggle-aqt530-5511,-9999.9,000048b02dd3c6d5,registry.sagecontinuum.org/kaludib/waggle-aqt530:1.00,vaisala-aqt530,waggle-aqt530,microgram per cubic meter,W095,core,W095
2026-07-19 09:10:19.362826513+00:00,aqt.particle.pm2.5,0.3,5min,Particulate Matter less than 2.5 microns in diameter,000048b02dd3c6d5.ws-nxcore,waggle-aqt530-5511,-9999.9,000048b02dd3c6d5,registry.sagecontinuum.org/kaludib/waggle-aqt530:1.00,vaisala-aqt530,waggle-aqt530,microgram per cubic meter,W095,core,W095
2026-07-19 09:15:19.567575956+00:00,aqt.particle.pm2.5,0.6,5min,Particulate Matter less than 2.5 microns in diameter,000048b02dd3c6d5.ws-nxcore,waggle-aqt530-5511,-9999.9,000048b02dd3c6d5,registry.sagecontinuum.org/kaludib/waggle-aqt530:1.00,vaisala-aqt530,waggle-aqt530,microgram per cubic meter,W095,core,W095
2026-07-19 09:20:19.786150328+00:00,aqt.particle.pm2.5,0.0,5min,Particulate Matter less than 2.5 microns in diameter,000048b02dd3c6d5.ws-nxcore,waggle-aqt530-5511,-9999.9,000048b02dd3c6d5,registry.sagecontinuum.org/kaludib/waggle-aqt530:1.00,vaisala-aqt530,waggle-aqt530,microgram per cubic meter,W095,core,W095
2026-07-19 09:25:20.005637025+00:00,aqt.particle.pm2.5,0.0,5min,Particulate Matter less than 2.5 microns in diameter,000048b02dd3c6d5.ws-nxcore,waggle-aqt530-5511,-9999.9,000048b02dd3c6d5,registry.sagecontinuum.org/kaludib/waggle-aqt530:1.00,vaisala-aqt530,waggle-aqt530,microgram per cubic meter,W095,core,W095
2026-07-19 09:30:19.224149011+00:00,aqt.particle.pm2.5,0.0,5min,Particulate Matter less than 2.5 microns in diameter,000048b02dd3c6d5.ws-nxcore,waggle-aqt530-5511,-9999.9,000048b02dd3c6d5,registry.sagecontinuum.org/kaludib/waggle-aqt530:1.00,vaisala-aqt530,waggle-aqt530,microgram per cubic meter,W095,core,W095
2026-07-19 09:35:19.448543118+00:00,aqt.particle.pm2.5,0.0,5min,Particulate Matter less than 2.5 microns in diameter,000048b02dd3c6d5.ws-nxcore,waggle-aqt530-5511,-9999.9,000048b02dd3c6d5,registry.sagecontinuum.org/kaludib/waggle-aqt530:1.00,vaisala-aqt530,waggle-aqt530,microgram per cubic meter,W095,core,W095
2026-07-19 09:40:19.655835146+00:00,aqt.particle.pm2.5,0.0,5min,Particulate Matter less than 2.5 microns in diameter,000048b02dd3c6d5.ws-nxcore,waggle-aqt530-5511,-9999.9,000048b02dd3c6d5,registry.sagecontinuum.org/kaludib/waggle-aqt530:1.00,vaisala-aqt530,waggle-aqt530,microgram per cubic meter,W095,core,W095
2026-07-19 09:45:19.887287814+00:00,aqt.particle.pm2.5,0.0,5min,Particulate Matter less than 2.5 microns in diameter,000048b02dd3c6d5.ws-nxcore,waggle-aqt530-5511,-9999.9,000048b02dd3c6d5,registry.sagecontinuum.org/kaludib/waggle-aqt530:1.00,vaisala-aqt530,waggle-aqt530,microgram per cubic meter,W095,core,W095
2026-07-19 09:50:00.161229185+00:00,aqt.particle.pm2.5,0.0,5min,Particulate Matter less than 2.5 microns in diameter,000048b02dd3c6d5.ws-nxcore,waggle-aqt530-5511,-9999.9,000048b02dd3c6d5,registry.sagecontinuum.org/kaludib/waggle-aqt530:1.00,vaisala-aqt530,waggle-aqt530,microgram per cubic meter,W095,core,W095
2026-07-19 09:55:19.396100015+00:00,aqt.particle.pm2.5,0.0,5min,Particulate Matter less than 2.5 microns in diameter,000048b02dd3c6d5.ws-nxcore,waggle-aqt530-5511,-9999.9,000048b02dd3c6d5,registry.sagecontinuum.org/kaludib/waggle-aqt530:1.00,vaisala-aqt530,waggle-aqt530,microgram per cubic meter,W095,core,W095
2026-07-19 10:00:19.617904548+00:00,aqt.particle.pm2.5,0.0,5min,Particulate Matter less than 2.5 microns in diameter,000048b02dd3c6d5.ws-nxcore,waggle-aqt530-5511,-9999.9,000048b02dd3c6d5,registry.sagecontinuum.org/kaludib/waggle-aqt530:1.00,vaisala-aqt530,waggle-aqt530,microgram per cubic meter,W095,core,W095
2026-07-19 10:05:19.767048499+00:00,aqt.particle.pm2.5,0.0,5min,Particulate Matter less than 2.5 microns in diameter,000048b02dd3c6d5.ws-nxcore,waggle-aqt530-5511,-9999.9,000048b02dd3c6d5,registry.sagecontinuum.org/kaludib/waggle-aqt530:1.00,vaisala-aqt530,waggle-aqt530,microgram per cubic meter,W095,core,W095
2026-07-19 10:10:19.942062975+00:00,aqt.particle.pm2.5,0.0,5min,Particulate Matter less than 2.5 microns in diameter,000048b02dd3c6d5.ws-nxcore,waggle-aqt530-5511,-9999.9,000048b02dd3c6d5,registry.sagecontinuum.org/kaludib/waggle-aqt530:1.00,vaisala-aqt530,waggle-aqt530,microgram per cubic meter,W095,core,W095
2026-07-19 10:15:00.115228990+00:00,aqt.particle.pm2.5,0.0,5min,Particulate Matter less than 2.5 microns in diameter,000048b02dd3c6d5.ws-nxcore,waggle-aqt530-5511,-9999.9,000048b02dd3c6d5,registry.sagecontinuum.org/kaludib/waggle-aqt530:1.00,vaisala-aqt530,waggle-aqt530,microgram per cubic meter,W095,core,W095
2026-07-19 10:20:19.340378369+00:00,aqt.particle.pm2.5,0.9,5min,Particulate Matter less than 2.5 microns in diameter,000048b02dd3c6d5.ws-nxcore,waggle-aqt530-5511,-9999.9,000048b02dd3c6d5,registry.sagecontinuum.org/kaludib/waggle-aqt530:1.00,vaisala-aqt530,waggle-aqt530,microgram per cubic meter,W095,core,W095
2026-07-19 10:25:19.573858528+00:00,aqt.particle.pm2.5,0.7,5min,Particulate Matter less than 2.5 microns in diameter,000048b02dd3c6d5.ws-nxcore,waggle-aqt530-5511,-9999.9,000048b02dd3c6d5,registry.sagecontinuum.org/kaludib/waggle-aqt530:1.00,vaisala-aqt530,waggle-aqt530,microgram per cubic meter,W095,core,W095
2026-07-19 10:30:19.799233399+00:00,aqt.particle.pm2.5,0.6,5min,Particulate Matter less than 2.5 microns in diameter,000048b02dd3c6d5.ws-nxcore,waggle-aqt530-5511,-9999.9,000048b02dd3c6d5,registry.sagecontinuum.org/kaludib/waggle-aqt530:1.00,vaisala-aqt530,waggle-aqt530,microgram per cubic meter,W095,core,W095
2026-07-19 10:35:20.007041562+00:00,aqt.particle.pm2.5,0.5,5min,Particulate Matter less than 2.5 microns in diameter,000048b02dd3c6d5.ws-nxcore,waggle-aqt530-5511,-9999.9,000048b02dd3c6d5,registry.sagecontinuum.org/kaludib/waggle-aqt530:1.00,vaisala-aqt530,waggle-aqt530,microgram per cubic meter,W095,core,W095
2026-07-19 10:40:19.232937766+00:00,aqt.particle.pm2.5,0.5,5min,Particulate Matter less than 2.5 microns in diameter,000048b02dd3c6d5.ws-nxcore,waggle-aqt530-5511,-9999.9,000048b02dd3c6d5,registry.sagecontinuum.org/kaludib/waggle-aqt530:1.00,vaisala-aqt530,waggle-aqt530,microgram per cubic meter,W095,core,W095
2026-07-19 10:45:19.436350083+00:00,aqt.particle.pm2.5,0.6,5min,Particulate Matter less than 2.5 microns in diameter,000048b02dd3c6d5.ws-nxcore,waggle-aqt530-5511,-9999.9,000048b02dd3c6d5,registry.sagecontinuum.org/kaludib/waggle-aqt530:1.00,vaisala-aqt530,waggle-aqt530,microgram per cubic meter,W095,core,W095
2026-07-19 10:50:19.653425597+00:00,aqt.particle.pm2.5,0.4,5min,Particulate Matter less than 2.5 microns in diameter,000048b02dd3c6d5.ws-nxcore,waggle-aqt530-5511,-9999.9,000048b02dd3c6d5,registry.sagecontinuum.org/kaludib/waggle-aqt530:1.00,vaisala-aqt530,waggle-aqt530,microgram per cubic meter,W095,core,W095
2026-07-19 10:55:19.872187588+00:00,aqt.particle.pm2.5,0.4,5min,Particulate Matter less than 2.5 microns in diameter,000048b02dd3c6d5.ws-nxcore,waggle-aqt530-5511,-9999.9,000048b02dd3c6d5,registry.sagecontinuum.org/kaludib/waggle-aqt530:1.00,vaisala-aqt530,waggle-aqt530,microgram per cubic meter,W095,core,W095
2026-07-19 11:00:00.098083059+00:00,aqt.particle.pm2.5,0.4,5min,Particulate Matter less than 2.5 microns in diameter,000048b02dd3c6d5.ws-nxcore,waggle-aqt530-5511,-9999.9,000048b02dd3c6d5,registry.sagecontinuum.org/kaludib/waggle-aqt530:1.00,vaisala-aqt530,waggle-aqt530,microgram per cubic meter,W095,core,W095
2026-07-19 11:05:19.338887369+00:00,aqt.particle.pm2.5,0.5,5min,Particulate Matter less than 2.5 microns in diameter,000048b02dd3c6d5.ws-nxcore,waggle-aqt530-5511,-9999.9,000048b02dd3c6d5,registry.sagecontinuum.org/kaludib/waggle-aqt530:1.00,vaisala-aqt530,waggle-aqt530,microgram per cubic meter,W095,core,W095
2026-07-19 11:10:19.565740521+00:00,aqt.particle.pm2.5,0.8,5min,Particulate Matter less than 2.5 microns in diameter,000048b02dd3c6d5.ws-nxcore,waggle-aqt530-5511,-9999.9,000048b02dd3c6d5,registry.sagecontinuum.org/kaludib/waggle-aqt530:1.00,vaisala-aqt530,waggle-aqt530,microgram per cubic meter,W095,core,W095
2026-07-19 11:15:19.776444356+00:00,aqt.particle.pm2.5,2.4,5min,Particulate Matter less than 2.5 microns in diameter,000048b02dd3c6d5.ws-nxcore,waggle-aqt530-5511,-9999.9,000048b02dd3c6d5,registry.sagecontinuum.org/kaludib/waggle-aqt530:1.00,vaisala-aqt530,waggle-aqt530,microgram per cubic meter,W095,core,W095
2026-07-19 11:20:19.998667700+00:00,aqt.particle.pm2.5,4.1,5min,Particulate Matter less than 2.5 microns in diameter,000048b02dd3c6d5.ws-nxcore,waggle-aqt530-5511,-9999.9,000048b02dd3c6d5,registry.sagecontinuum.org/kaludib/waggle-aqt530:1.00,vaisala-aqt530,waggle-aqt530,microgram per cubic meter,W095,core,W095
2026-07-19 11:25:19.213351398+00:00,aqt.particle.pm2.5,2.2,5min,Particulate Matter less than 2.5 microns in diameter,000048b02dd3c6d5.ws-nxcore,waggle-aqt530-5511,-9999.9,000048b02dd3c6d5,registry.sagecontinuum.org/kaludib/waggle-aqt530:1.00,vaisala-aqt530,waggle-aqt530,microgram per cubic meter,W095,core,W095
2026-07-19 11:30:19.441926203+00:00,aqt.particle.pm2.5,0.8,5min,Particulate Matter less than 2.5 microns in diameter,000048b02dd3c6d5.ws-nxcore,waggle-aqt530-5511,-9999.9,000048b02dd3c6d5,registry.sagecontinuum.org/kaludib/waggle-aqt530:1.00,vaisala-aqt530,waggle-aqt530,microgram per cubic meter,W095,core,W095
2026-07-19 11:35:19.668796813+00:00,aqt.particle.pm2.5,0.6,5min,Particulate Matter less than 2.5 microns in diameter,000048b02dd3c6d5.ws-nxcore,waggle-aqt530-5511,-9999.9,000048b02dd3c6d5,registry.sagecontinuum.org/kaludib/waggle-aqt530:1.00,vaisala-aqt530,waggle-aqt530,microgram per cubic meter,W095,core,W095
2026-07-19 11:40:19.879666741+00:00,aqt.particle.pm2.5,0.6,5min,Particulate Matter less than 2.5 microns in diameter,000048b02dd3c6d5.ws-nxcore,waggle-aqt530-5511,-9999.9,000048b02dd3c6d5,registry.sagecontinuum.org/kaludib/waggle-aqt530:1.00,vaisala-aqt530,waggle-aqt530,microgram per cubic meter,W095,core,W095
2026-07-19 11:45:00.090071150+00:00,aqt.particle.pm2.5,0.4,5min,Particulate Matter less than 2.5 microns in diameter,000048b02dd3c6d5.ws-nxcore,waggle-aqt530-5511,-9999.9,000048b02dd3c6d5,registry.sagecontinuum.org/kaludib/waggle-aqt530:1.00,vaisala-aqt530,waggle-aqt530,microgram per cubic meter,W095,core,W095
2026-07-19 11:50:19.321785120+00:00,aqt.particle.pm2.5,0.5,5min,Particulate Matter less than 2.5 microns in diameter,000048b02dd3c6d5.ws-nxcore,waggle-aqt530-5511,-9999.9,000048b02dd3c6d5,registry.sagecontinuum.org/kaludib/waggle-aqt530:1.00,vaisala-aqt530,waggle-aqt530,microgram per cubic meter,W095,core,W095
2026-07-19 11:55:19.543469706+00:00,aqt.particle.pm2.5,0.6,5min,Particulate Matter less than 2.5 microns in diameter,000048b02dd3c6d5.ws-nxcore,waggle-aqt530-5511,-9999.9,000048b02dd3c6d5,registry.sagecontinuum.org/kaludib/waggle-aqt530:1.00,vaisala-aqt530,waggle-aqt530,microgram per cubic meter,W095,core,W095
2026-07-19 12:00:19.751967188+00:00,aqt.particle.pm2.5,0.2,5min,Particulate Matter less than 2.5 microns in diameter,000048b02dd3c6d5.ws-nxcore,waggle-aqt530-5511,-9999.9,000048b02dd3c6d5,registry.sagecontinuum.org/kaludib/waggle-aqt530:1.00,vaisala-aqt530,waggle-aqt530,microgram per cubic meter,W095,core,W095
2026-07-19 12:05:19.983732131+00:00,aqt.particle.pm2.5,0.0,5min,Particulate Matter less than 2.5 microns in diameter,000048b02dd3c6d5.ws-nxcore,waggle-aqt530-5511,-9999.9,000048b02dd3c6d5,registry.sagecontinuum.org/kaludib/waggle-aqt530:1.00,vaisala-aqt530,waggle-aqt530,microgram per cubic meter,W095,core,W095
2026-07-19 12:10:19.175135877+00:00,aqt.particle.pm2.5,0.8,5min,Particulate Matter less than 2.5 microns in diameter,000048b02dd3c6d5.ws-nxcore,waggle-aqt530-5511,-9999.9,000048b02dd3c6d5,registry.sagecontinuum.org/kaludib/waggle-aqt530:1.00,vaisala-aqt530,waggle-aqt530,microgram per cubic meter,W095,core,W095
2026-07-19 12:15:19.392686347+00:00,aqt.particle.pm2.5,4.0,5min,Particulate Matter less than 2.5 microns in diameter,000048b02dd3c6d5.ws-nxcore,waggle-aqt530-5511,-9999.9,000048b02dd3c6d5,registry.sagecontinuum.org/kaludib/waggle-aqt530:1.00,vaisala-aqt530,waggle-aqt530,microgram per cubic meter,W095,core,W095
2026-07-19 12:20:19.598210429+00:00,aqt.particle.pm2.5,3.6,5min,Particulate Matter less than 2.5 microns in diameter,000048b02dd3c6d5.ws-nxcore,waggle-aqt530-5511,-9999.9,000048b02dd3c6d5,registry.sagecontinuum.org/kaludib/waggle-aqt530:1.00,vaisala-aqt530,waggle-aqt530,microgram per cubic meter,W095,core,W095
2026-07-19 12:25:19.818343674+00:00,aqt.particle.pm2.5,3.2,5min,Particulate Matter less than 2.5 microns in diameter,000048b02dd3c6d5.ws-nxcore,waggle-aqt530-5511,-9999.9,000048b02dd3c6d5,registry.sagecontinuum.org/kaludib/waggle-aqt530:1.00,vaisala-aqt530,waggle-aqt530,microgram per cubic meter,W095,core,W095
2026-07-19 12:30:00.024395036+00:00,aqt.particle.pm2.5,3.9,5min,Particulate Matter less than 2.5 microns in diameter,000048b02dd3c6d5.ws-nxcore,waggle-aqt530-5511,-9999.9,000048b02dd3c6d5,registry.sagecontinuum.org/kaludib/waggle-aqt530:1.00,vaisala-aqt530,waggle-aqt530,microgram per cubic meter,W095,core,W095
2026-07-19 12:35:19.252488362+00:00,aqt.particle.pm2.5,3.3,5min,Particulate Matter less than 2.5 microns in diameter,000048b02dd3c6d5.ws-nxcore,waggle-aqt530-5511,-9999.9,000048b02dd3c6d5,registry.sagecontinuum.org/kaludib/waggle-aqt530:1.00,vaisala-aqt530,waggle-aqt530,microgram per cubic meter,W095,core,W095
2026-07-19 12:40:19.450116952+00:00,aqt.particle.pm2.5,0.4,5min,Particulate Matter less than 2.5 microns in diameter,000048b02dd3c6d5.ws-nxcore,waggle-aqt530-5511,-9999.9,000048b02dd3c6d5,registry.sagecontinuum.org/kaludib/waggle-aqt530:1.00,vaisala-aqt530,waggle-aqt530,microgram per cubic meter,W095,core,W095
2026-07-19 12:45:19.665161075+00:00,aqt.particle.pm2.5,0.0,5min,Particulate Matter less than 2.5 microns in diameter,000048b02dd3c6d5.ws-nxcore,waggle-aqt530-5511,-9999.9,000048b02dd3c6d5,registry.sagecontinuum.org/kaludib/waggle-aqt530:1.00,vaisala-aqt530,waggle-aqt530,microgram per cubic meter,W095,core,W095
2026-07-19 12:50:19.881937051+00:00,aqt.particle.pm2.5,0.0,5min,Particulate Matter less than 2.5 microns in diameter,000048b02dd3c6d5.ws-nxcore,waggle-aqt530-5511,-9999.9,000048b02dd3c6d5,registry.sagecontinuum.org/kaludib/waggle-aqt530:1.00,vaisala-aqt530,waggle-aqt530,microgram per cubic meter,W095,core,W095
2026-07-19 12:55:00.071496252+00:00,aqt.particle.pm2.5,0.0,5min,Particulate Matter less than 2.5 microns in diameter,000048b02dd3c6d5.ws-nxcore,waggle-aqt530-5511,-9999.9,000048b02dd3c6d5,registry.sagecontinuum.org/kaludib/waggle-aqt530:1.00,vaisala-aqt530,waggle-aqt530,microgram per cubic meter,W095,core,W095
2026-07-19 13:00:19.306727319+00:00,aqt.particle.pm2.5,3.1,5min,Particulate Matter less than 2.5 microns in diameter,000048b02dd3c6d5.ws-nxcore,waggle-aqt530-5511,-9999.9,000048b02dd3c6d5,registry.sagecontinuum.org/kaludib/waggle-aqt530:1.00,vaisala-aqt530,waggle-aqt530,microgram per cubic meter,W095,core,W095
2026-07-19 13:05:19.516349668+00:00,aqt.particle.pm2.5,2.6,5min,Particulate Matter less than 2.5 microns in diameter,000048b02dd3c6d5.ws-nxcore,waggle-aqt530-5511,-9999.9,000048b02dd3c6d5,registry.sagecontinuum.org/kaludib/waggle-aqt530:1.00,vaisala-aqt530,waggle-aqt530,microgram per cubic meter,W095,core,W095
2026-07-19 13:10:19.733700036+00:00,aqt.particle.pm2.5,1.2,5min,Particulate Matter less than 2.5 microns in diameter,000048b02dd3c6d5.ws-nxcore,waggle-aqt530-5511,-9999.9,000048b02dd3c6d5,registry.sagecontinuum.org/kaludib/waggle-aqt530:1.00,vaisala-aqt530,waggle-aqt530,microgram per cubic meter,W095,core,W095
2026-07-19 13:15:19.927789791+00:00,aqt.particle.pm2.5,1.6,5min,Particulate Matter less than 2.5 microns in diameter,000048b02dd3c6d5.ws-nxcore,waggle-aqt530-5511,-9999.9,000048b02dd3c6d5,registry.sagecontinuum.org/kaludib/waggle-aqt530:1.00,vaisala-aqt530,waggle-aqt530,microgram per cubic meter,W095,core,W095
2026-07-19 13:20:19.133125248+00:00,aqt.particle.pm2.5,1.0,5min,Particulate Matter less than 2.5 microns in diameter,000048b02dd3c6d5.ws-nxcore,waggle-aqt530-5511,-9999.9,000048b02dd3c6d5,registry.sagecontinuum.org/kaludib/waggle-aqt530:1.00,vaisala-aqt530,waggle-aqt530,microgram per cubic meter,W095,core,W095
2026-07-19 13:25:19.348110139+00:00,aqt.particle.pm2.5,1.3,5min,Particulate Matter less than 2.5 microns in diameter,000048b02dd3c6d5.ws-nxcore,waggle-aqt530-5511,-9999.9,000048b02dd3c6d5,registry.sagecontinuum.org/kaludib/waggle-aqt530:1.00,vaisala-aqt530,waggle-aqt530,microgram per cubic meter,W095,core,W095
2026-07-19 13:30:19.564156215+00:00,aqt.particle.pm2.5,6.2,5min,Particulate Matter less than 2.5 microns in diameter,000048b02dd3c6d5.ws-nxcore,waggle-aqt530-5511,-9999.9,000048b02dd3c6d5,registry.sagecontinuum.org/kaludib/waggle-aqt530:1.00,vaisala-aqt530,waggle-aqt530,microgram per cubic meter,W095,core,W095
2026-07-19 13:35:19.766864545+00:00,aqt.particle.pm2.5,1.8,5min,Particulate Matter less than 2.5 microns in diameter,000048b02dd3c6d5.ws-nxcore,waggle-aqt530-5511,-9999.9,000048b02dd3c6d5,registry.sagecontinuum.org/kaludib/waggle-aqt530:1.00,vaisala-aqt530,waggle-aqt530,microgram per cubic meter,W095,core,W095
2026-07-19 13:40:19.984380715+00:00,aqt.particle.pm2.5,0.3,5min,Particulate Matter less than 2.5 microns in diameter,000048b02dd3c6d5.ws-nxcore,waggle-aqt530-5511,-9999.9,000048b02dd3c6d5,registry.sagecontinuum.org/kaludib/waggle-aqt530:1.00,vaisala-aqt530,waggle-aqt530,microgram per cubic meter,W095,core,W095
2026-07-19 13:45:19.197263698+00:00,aqt.particle.pm2.5,5.0,5min,Particulate Matter less than 2.5 microns in diameter,000048b02dd3c6d5.ws-nxcore,waggle-aqt530-5511,-9999.9,000048b02dd3c6d5,registry.sagecontinuum.org/kaludib/waggle-aqt530:1.00,vaisala-aqt530,waggle-aqt530,microgram per cubic meter,W095,core,W095
2026-07-19 13:50:19.424370899+00:00,aqt.particle.pm2.5,4.5,5min,Particulate Matter less than 2.5 microns in diameter,000048b02dd3c6d5.ws-nxcore,waggle-aqt530-5511,-9999.9,000048b02dd3c6d5,registry.sagecontinuum.org/kaludib/waggle-aqt530:1.00,vaisala-aqt530,waggle-aqt530,microgram per cubic meter,W095,core,W095
2026-07-19 13:55:19.633594909+00:00,aqt.particle.pm2.5,3.4,5min,Particulate Matter less than 2.5 microns in diameter,000048b02dd3c6d5.ws-nxcore,waggle-aqt530-5511,-9999.9,000048b02dd3c6d5,registry.sagecontinuum.org/kaludib/waggle-aqt530:1.00,vaisala-aqt530,waggle-aqt530,microgram per cubic meter,W095,core,W095
2026-07-19 14:00:19.855974325+00:00,aqt.particle.pm2.5,3.9,5min,Particulate Matter less than 2.5 microns in diameter,000048b02dd3c6d5.ws-nxcore,waggle-aqt530-5511,-9999.9,000048b02dd3c6d5,registry.sagecontinuum.org/kaludib/waggle-aqt530:1.00,vaisala-aqt530,waggle-aqt530,microgram per cubic meter,W095,core,W095
2026-07-19 14:05:19.069574935+00:00,aqt.particle.pm2.5,6.7,5min,Particulate Matter less than 2.5 microns in diameter,000048b02dd3c6d5.ws-nxcore,waggle-aqt530-5511,-9999.9,000048b02dd3c6d5,registry.sagecontinuum.org/kaludib/waggle-aqt530:1.00,vaisala-aqt530,waggle-aqt530,microgram per cubic meter,W095,core,W095
2026-07-19 14:10:19.290555550+00:00,aqt.particle.pm2.5,6.0,5min,Particulate Matter less than 2.5 microns in diameter,000048b02dd3c6d5.ws-nxcore,waggle-aqt530-5511,-9999.9,000048b02dd3c6d5,registry.sagecontinuum.org/kaludib/waggle-aqt530:1.00,vaisala-aqt530,waggle-aqt530,microgram per cubic meter,W095,core,W095
2026-07-19 14:15:19.496321750+00:00,aqt.particle.pm2.5,9.0,5min,Particulate Matter less than 2.5 microns in diameter,000048b02dd3c6d5.ws-nxcore,waggle-aqt530-5511,-9999.9,000048b02dd3c6d5,registry.sagecontinuum.org/kaludib/waggle-aqt530:1.00,vaisala-aqt530,waggle-aqt530,microgram per cubic meter,W095,core,W095
2026-07-19 14:20:19.717016750+00:00,aqt.particle.pm2.5,9.5,5min,Particulate Matter less than 2.5 microns in diameter,000048b02dd3c6d5.ws-nxcore,waggle-aqt530-5511,-9999.9,000048b02dd3c6d5,registry.sagecontinuum.org/kaludib/waggle-aqt530:1.00,vaisala-aqt530,waggle-aqt530,microgram per cubic meter,W095,core,W095
2026-07-19 14:25:19.937144493+00:00,aqt.particle.pm2.5,1.0,5min,Particulate Matter less than 2.5 microns in diameter,000048b02dd3c6d5.ws-nxcore,waggle-aqt530-5511,-9999.9,000048b02dd3c6d5,registry.sagecontinuum.org/kaludib/waggle-aqt530:1.00,vaisala-aqt530,waggle-aqt530,microgram per cubic meter,W095,core,W095
2026-07-19 14:30:19.150189704+00:00,aqt.particle.pm2.5,0.5,5min,Particulate Matter less than 2.5 microns in diameter,000048b02dd3c6d5.ws-nxcore,waggle-aqt530-5511,-9999.9,000048b02dd3c6d5,registry.sagecontinuum.org/kaludib/waggle-aqt530:1.00,vaisala-aqt530,waggle-aqt530,microgram per cubic meter,W095,core,W095
2026-07-19 14:35:19.356047325+00:00,aqt.particle.pm2.5,0.3,5min,Particulate Matter less than 2.5 microns in diameter,000048b02dd3c6d5.ws-nxcore,waggle-aqt530-5511,-9999.9,000048b02dd3c6d5,registry.sagecontinuum.org/kaludib/waggle-aqt530:1.00,vaisala-aqt530,waggle-aqt530,microgram per cubic meter,W095,core,W095
2026-07-19 14:40:19.576687457+00:00,aqt.particle.pm2.5,0.3,5min,Particulate Matter less than 2.5 microns in diameter,000048b02dd3c6d5.ws-nxcore,waggle-aqt530-5511,-9999.9,000048b02dd3c6d5,registry.sagecontinuum.org/kaludib/waggle-aqt530:1.00,vaisala-aqt530,waggle-aqt530,microgram per cubic meter,W095,core,W095
2026-07-19 14:45:19.783594197+00:00,aqt.particle.pm2.5,0.4,5min,Particulate Matter less than 2.5 microns in diameter,000048b02dd3c6d5.ws-nxcore,waggle-aqt530-5511,-9999.9,000048b02dd3c6d5,registry.sagecontinuum.org/kaludib/waggle-aqt530:1.00,vaisala-aqt530,waggle-aqt530,microgram per cubic meter,W095,core,W095
2026-07-19 14:50:19.009904979+00:00,aqt.particle.pm2.5,0.5,5min,Particulate Matter less than 2.5 microns in diameter,000048b02dd3c6d5.ws-nxcore,waggle-aqt530-5511,-9999.9,000048b02dd3c6d5,registry.sagecontinuum.org/kaludib/waggle-aqt530:1.00,vaisala-aqt530,waggle-aqt530,microgram per cubic meter,W095,core,W095
2026-07-19 14:55:19.196731743+00:00,aqt.particle.pm2.5,0.3,5min,Particulate Matter less than 2.5 microns in diameter,000048b02dd3c6d5.ws-nxcore,waggle-aqt530-5511,-9999.9,000048b02dd3c6d5,registry.sagecontinuum.org/kaludib/waggle-aqt530:1.00,vaisala-aqt530,waggle-aqt530,microgram per cubic meter,W095,core,W095
2026-07-19 15:00:19.391745393+00:00,aqt.particle.pm2.5,0.5,5min,Particulate Matter less than 2.5 microns in diameter,000048b02dd3c6d5.ws-nxcore,waggle-aqt530-5511,-9999.9,000048b02dd3c6d5,registry.sagecontinuum.org/kaludib/waggle-aqt530:1.00,vaisala-aqt530,waggle-aqt530,microgram per cubic meter,W095,core,W095
2026-07-19 15:05:19.581949613+00:00,aqt.particle.pm2.5,1.4,5min,Particulate Matter less than 2.5 microns in diameter,000048b02dd3c6d5.ws-nxcore,waggle-aqt530-5511,-9999.9,000048b02dd3c6d5,registry.sagecontinuum.org/kaludib/waggle-aqt530:1.00,vaisala-aqt530,waggle-aqt530,microgram per cubic meter,W095,core,W095
2026-07-19 15:10:19.792112904+00:00,aqt.particle.pm2.5,6.7,5min,Particulate Matter less than 2.5 microns in diameter,000048b02dd3c6d5.ws-nxcore,waggle-aqt530-5511,-9999.9,000048b02dd3c6d5,registry.sagecontinuum.org/kaludib/waggle-aqt530:1.00,vaisala-aqt530,waggle-aqt530,microgram per cubic meter,W095,core,W095
2026-07-19 15:15:18.997319135+00:00,aqt.particle.pm2.5,18.4,5min,Particulate Matter less than 2.5 microns in diameter,000048b02dd3c6d5.ws-nxcore,waggle-aqt530-5511,-9999.9,000048b02dd3c6d5,registry.sagecontinuum.org/kaludib/waggle-aqt530:1.00,vaisala-aqt530,waggle-aqt530,microgram per cubic meter,W095,core,W095
2026-07-19 15:20:19.211870312+00:00,aqt.particle.pm2.5,14.6,5min,Particulate Matter less than 2.5 microns in diameter,000048b02dd3c6d5.ws-nxcore,waggle-aqt530-5511,-9999.9,000048b02dd3c6d5,registry.sagecontinuum.org/kaludib/waggle-aqt530:1.00,vaisala-aqt530,waggle-aqt530,microgram per cubic meter,W095,core,W095
2026-07-19 15:25:19.412518406+00:00,aqt.particle.pm2.5,10.3,5min,Particulate Matter less than 2.5 microns in diameter,000048b02dd3c6d5.ws-nxcore,waggle-aqt530-5511,-9999.9,000048b02dd3c6d5,registry.sagecontinuum.org/kaludib/waggle-aqt530:1.00,vaisala-aqt530,waggle-aqt530,microgram per cubic meter,W095,core,W095
2026-07-19 15:30:19.642815579+00:00,aqt.particle.pm2.5,1.3,5min,Particulate Matter less than 2.5 microns in diameter,000048b02dd3c6d5.ws-nxcore,waggle-aqt530-5511,-9999.9,000048b02dd3c6d5,registry.sagecontinuum.org/kaludib/waggle-aqt530:1.00,vaisala-aqt530,waggle-aqt530,microgram per cubic meter,W095,core,W095
2026-07-19 15:35:19.868943248+00:00,aqt.particle.pm2.5,1.3,5min,Particulate Matter less than 2.5 microns in diameter,000048b02dd3c6d5.ws-nxcore,waggle-aqt530-5511,-9999.9,000048b02dd3c6d5,registry.sagecontinuum.org/kaludib/waggle-aqt530:1.00,vaisala-aqt530,waggle-aqt530,microgram per cubic meter,W095,core,W095
2026-07-19 15:40:19.085621475+00:00,aqt.particle.pm2.5,0.9,5min,Particulate Matter less than 2.5 microns in diameter,000048b02dd3c6d5.ws-nxcore,waggle-aqt530-5511,-9999.9,000048b02dd3c6d5,registry.sagecontinuum.org/kaludib/waggle-aqt530:1.00,vaisala-aqt530,waggle-aqt530,microgram per cubic meter,W095,core,W095
2026-07-19 15:45:19.293372753+00:00,aqt.particle.pm2.5,0.6,5min,Particulate Matter less than 2.5 microns in diameter,000048b02dd3c6d5.ws-nxcore,waggle-aqt530-5511,-9999.9,000048b02dd3c6d5,registry.sagecontinuum.org/kaludib/waggle-aqt530:1.00,vaisala-aqt530,waggle-aqt530,microgram per cubic meter,W095,core,W095
2026-07-19 15:50:19.513231557+00:00,aqt.particle.pm2.5,1.0,5min,Particulate Matter less than 2.5 microns in diameter,000048b02dd3c6d5.ws-nxcore,waggle-aqt530-5511,-9999.9,000048b02dd3c6d5,registry.sagecontinuum.org/kaludib/waggle-aqt530:1.00,vaisala-aqt530,waggle-aqt530,microgram per cubic meter,W095,core,W095
2026-07-19 15:55:19.732469109+00:00,aqt.particle.pm2.5,2.4,5min,Particulate Matter less than 2.5 microns in diameter,000048b02dd3c6d5.ws-nxcore,waggle-aqt530-5511,-9999.9,000048b02dd3c6d5,registry.sagecontinuum.org/kaludib/waggle-aqt530:1.00,vaisala-aqt530,waggle-aqt530,microgram per cubic meter,W095,core,W095
2026-07-19 16:00:18.944256856+00:00,aqt.particle.pm2.5,2.0,5min,Particulate Matter less than 2.5 microns in diameter,000048b02dd3c6d5.ws-nxcore,waggle-aqt530-5511,-9999.9,000048b02dd3c6d5,registry.sagecontinuum.org/kaludib/waggle-aqt530:1.00,vaisala-aqt530,waggle-aqt530,microgram per cubic meter,W095,core,W095
2026-07-19 16:05:19.159358403+00:00,aqt.particle.pm2.5,1.9,5min,Particulate Matter less than 2.5 microns in diameter,000048b02dd3c6d5.ws-nxcore,waggle-aqt530-5511,-9999.9,000048b02dd3c6d5,registry.sagecontinuum.org/kaludib/waggle-aqt530:1.00,vaisala-aqt530,waggle-aqt530,microgram per cubic meter,W095,core,W095
2026-07-19 16:10:19.386619232+00:00,aqt.particle.pm2.5,1.3,5min,Particulate Matter less than 2.5 microns in diameter,000048b02dd3c6d5.ws-nxcore,waggle-aqt530-5511,-9999.9,000048b02dd3c6d5,registry.sagecontinuum.org/kaludib/waggle-aqt530:1.00,vaisala-aqt530,waggle-aqt530,microgram per cubic meter,W095,core,W095
2026-07-19 16:15:19.595879720+00:00,aqt.particle.pm2.5,1.4,5min,Particulate Matter less than 2.5 microns in diameter,000048b02dd3c6d5.ws-nxcore,waggle-aqt530-5511,-9999.9,000048b02dd3c6d5,registry.sagecontinuum.org/kaludib/waggle-aqt530:1.00,vaisala-aqt530,waggle-aqt530,microgram per cubic meter,W095,core,W095
2026-07-19 16:20:19.818002375+00:00,aqt.particle.pm2.5,1.3,5min,Particulate Matter less than 2.5 microns in diameter,000048b02dd3c6d5.ws-nxcore,waggle-aqt530-5511,-9999.9,000048b02dd3c6d5,registry.sagecontinuum.org/kaludib/waggle-aqt530:1.00,vaisala-aqt530,waggle-aqt530,microgram per cubic meter,W095,core,W095
2026-07-19 16:25:19.032651971+00:00,aqt.particle.pm2.5,1.2,5min,Particulate Matter less than 2.5 microns in diameter,000048b02dd3c6d5.ws-nxcore,waggle-aqt530-5511,-9999.9,000048b02dd3c6d5,registry.sagecontinuum.org/kaludib/waggle-aqt530:1.00,vaisala-aqt530,waggle-aqt530,microgram per cubic meter,W095,core,W095
2026-07-19 16:30:19.253975452+00:00,aqt.particle.pm2.5,0.5,5min,Particulate Matter less than 2.5 microns in diameter,000048b02dd3c6d5.ws-nxcore,waggle-aqt530-5511,-9999.9,000048b02dd3c6d5,registry.sagecontinuum.org/kaludib/waggle-aqt530:1.00,vaisala-aqt530,waggle-aqt530,microgram per cubic meter,W095,core,W095
2026-07-19 16:35:19.459884905+00:00,aqt.particle.pm2.5,0.5,5min,Particulate Matter less than 2.5 microns in diameter,000048b02dd3c6d5.ws-nxcore,waggle-aqt530-5511,-9999.9,000048b02dd3c6d5,registry.sagecontinuum.org/kaludib/waggle-aqt530:1.00,vaisala-aqt530,waggle-aqt530,microgram per cubic meter,W095,core,W095
2026-07-19 16:40:19.675990169+00:00,aqt.particle.pm2.5,0.5,5min,Particulate Matter less than 2.5 microns in diameter,000048b02dd3c6d5.ws-nxcore,waggle-aqt530-5511,-9999.9,000048b02dd3c6d5,registry.sagecontinuum.org/kaludib/waggle-aqt530:1.00,vaisala-aqt530,waggle-aqt530,microgram per cubic meter,W095,core,W095
2026-07-19 16:45:18.884008706+00:00,aqt.particle.pm2.5,2.4,5min,Particulate Matter less than 2.5 microns in diameter,000048b02dd3c6d5.ws-nxcore,waggle-aqt530-5511,-9999.9,000048b02dd3c6d5,registry.sagecontinuum.org/kaludib/waggle-aqt530:1.00,vaisala-aqt530,waggle-aqt530,microgram per cubic meter,W095,core,W095
2026-07-19 16:50:19.102688103+00:00,aqt.particle.pm2.5,3.3,5min,Particulate Matter less than 2.5 microns in diameter,000048b02dd3c6d5.ws-nxcore,waggle-aqt530-5511,-9999.9,000048b02dd3c6d5,registry.sagecontinuum.org/kaludib/waggle-aqt530:1.00,vaisala-aqt530,waggle-aqt530,microgram per cubic meter,W095,core,W095
2026-07-19 16:55:19.307452907+00:00,aqt.particle.pm2.5,5.3,5min,Particulate Matter less than 2.5 microns in diameter,000048b02dd3c6d5.ws-nxcore,waggle-aqt530-5511,-9999.9,000048b02dd3c6d5,registry.sagecontinuum.org/kaludib/waggle-aqt530:1.00,vaisala-aqt530,waggle-aqt530,microgram per cubic meter,W095,core,W095
2026-07-19 17:00:19.525617416+00:00,aqt.particle.pm2.5,3.6,5min,Particulate Matter less than 2.5 microns in diameter,000048b02dd3c6d5.ws-nxcore,waggle-aqt530-5511,-9999.9,000048b02dd3c6d5,registry.sagecontinuum.org/kaludib/waggle-aqt530:1.00,vaisala-aqt530,waggle-aqt530,microgram per cubic meter,W095,core,W095
2026-07-19 17:05:19.745056513+00:00,aqt.particle.pm2.5,1.7,5min,Particulate Matter less than 2.5 microns in diameter,000048b02dd3c6d5.ws-nxcore,waggle-aqt530-5511,-9999.9,000048b02dd3c6d5,registry.sagecontinuum.org/kaludib/waggle-aqt530:1.00,vaisala-aqt530,waggle-aqt530,microgram per cubic meter,W095,core,W095
2026-07-19 17:10:18.958571115+00:00,aqt.particle.pm2.5,1.5,5min,Particulate Matter less than 2.5 microns in diameter,000048b02dd3c6d5.ws-nxcore,waggle-aqt530-5511,-9999.9,000048b02dd3c6d5,registry.sagecontinuum.org/kaludib/waggle-aqt530:1.00,vaisala-aqt530,waggle-aqt530,microgram per cubic meter,W095,core,W095
2026-07-19 17:15:19.165544428+00:00,aqt.particle.pm2.5,0.8,5min,Particulate Matter less than 2.5 microns in diameter,000048b02dd3c6d5.ws-nxcore,waggle-aqt530-5511,-9999.9,000048b02dd3c6d5,registry.sagecontinuum.org/kaludib/waggle-aqt530:1.00,vaisala-aqt530,waggle-aqt530,microgram per cubic meter,W095,core,W095
2026-07-19 17:20:19.383685079+00:00,aqt.particle.pm2.5,0.6,5min,Particulate Matter less than 2.5 microns in diameter,000048b02dd3c6d5.ws-nxcore,waggle-aqt530-5511,-9999.9,000048b02dd3c6d5,registry.sagecontinuum.org/kaludib/waggle-aqt530:1.00,vaisala-aqt530,waggle-aqt530,microgram per cubic meter,W095,core,W095
2026-07-19 17:25:19.603632001+00:00,aqt.particle.pm2.5,1.0,5min,Particulate Matter less than 2.5 microns in diameter,000048b02dd3c6d5.ws-nxcore,waggle-aqt530-5511,-9999.9,000048b02dd3c6d5,registry.sagecontinuum.org/kaludib/waggle-aqt530:1.00,vaisala-aqt530,waggle-aqt530,microgram per cubic meter,W095,core,W095
2026-07-19 17:30:19.808991450+00:00,aqt.particle.pm2.5,0.9,5min,Particulate Matter less than 2.5 microns in diameter,000048b02dd3c6d5.ws-nxcore,waggle-aqt530-5511,-9999.9,000048b02dd3c6d5,registry.sagecontinuum.org/kaludib/waggle-aqt530:1.00,vaisala-aqt530,waggle-aqt530,microgram per cubic meter,W095,core,W095
2026-07-19 17:35:19.021791050+00:00,aqt.particle.pm2.5,3.1,5min,Particulate Matter less than 2.5 microns in diameter,000048b02dd3c6d5.ws-nxcore,waggle-aqt530-5511,-9999.9,000048b02dd3c6d5,registry.sagecontinuum.org/kaludib/waggle-aqt530:1.00,vaisala-aqt530,waggle-aqt530,microgram per cubic meter,W095,core,W095
2026-07-19 17:40:19.241729299+00:00,aqt.particle.pm2.5,1.5,5min,Particulate Matter less than 2.5 microns in diameter,000048b02dd3c6d5.ws-nxcore,waggle-aqt530-5511,-9999.9,000048b02dd3c6d5,registry.sagecontinuum.org/kaludib/waggle-aqt530:1.00,vaisala-aqt530,waggle-aqt530,microgram per cubic meter,W095,core,W095
2026-07-19 17:45:19.449736679+00:00,aqt.particle.pm2.5,3.9,5min,Particulate Matter less than 2.5 microns in diameter,000048b02dd3c6d5.ws-nxcore,waggle-aqt530-5511,-9999.9,000048b02dd3c6d5,registry.sagecontinuum.org/kaludib/waggle-aqt530:1.00,vaisala-aqt530,waggle-aqt530,microgram per cubic meter,W095,core,W095
2026-07-19 17:50:19.673696046+00:00,aqt.particle.pm2.5,5.0,5min,Particulate Matter less than 2.5 microns in diameter,000048b02dd3c6d5.ws-nxcore,waggle-aqt530-5511,-9999.9,000048b02dd3c6d5,registry.sagecontinuum.org/kaludib/waggle-aqt530:1.00,vaisala-aqt530,waggle-aqt530,microgram per cubic meter,W095,core,W095
2026-07-19 17:55:18.886783854+00:00,aqt.particle.pm2.5,4.3,5min,Particulate Matter less than 2.5 microns in diameter,000048b02dd3c6d5.ws-nxcore,waggle-aqt530-5511,-9999.9,000048b02dd3c6d5,registry.sagecontinuum.org/kaludib/waggle-aqt530:1.00,vaisala-aqt530,waggle-aqt530,microgram per cubic meter,W095,core,W095
2026-07-19 18:00:19.108389730+00:00,aqt.particle.pm2.5,5.3,5min,Particulate Matter less than 2.5 microns in diameter,000048b02dd3c6d5.ws-nxcore,waggle-aqt530-5511,-9999.9,000048b02dd3c6d5,registry.sagecontinuum.org/kaludib/waggle-aqt530:1.00,vaisala-aqt530,waggle-aqt530,microgram per cubic meter,W095,core,W095
2026-07-19 18:05:19.315252998+00:00,aqt.particle.pm2.5,8.3,5min,Particulate Matter less than 2.5 microns in diameter,000048b02dd3c6d5.ws-nxcore,waggle-aqt530-5511,-9999.9,000048b02dd3c6d5,registry.sagecontinuum.org/kaludib/waggle-aqt530:1.00,vaisala-aqt530,waggle-aqt530,microgram per cubic meter,W095,core,W095
2026-07-19 18:10:19.535202398+00:00,aqt.particle.pm2.5,6.0,5min,Particulate Matter less than 2.5 microns in diameter,000048b02dd3c6d5.ws-nxcore,waggle-aqt530-5511,-9999.9,000048b02dd3c6d5,registry.sagecontinuum.org/kaludib/waggle-aqt530:1.00,vaisala-aqt530,waggle-aqt530,microgram per cubic meter,W095,core,W095
2026-07-19 18:15:19.755731475+00:00,aqt.particle.pm2.5,10.0,5min,Particulate Matter less than 2.5 microns in diameter,000048b02dd3c6d5.ws-nxcore,waggle-aqt530-5511,-9999.9,000048b02dd3c6d5,registry.sagecontinuum.org/kaludib/waggle-aqt530:1.00,vaisala-aqt530,waggle-aqt530,microgram per cubic meter,W095,core,W095
2026-07-19 18:20:18.968016655+00:00,aqt.particle.pm2.5,10.2,5min,Particulate Matter less than 2.5 microns in diameter,000048b02dd3c6d5.ws-nxcore,waggle-aqt530-5511,-9999.9,000048b02dd3c6d5,registry.sagecontinuum.org/kaludib/waggle-aqt530:1.00,vaisala-aqt530,waggle-aqt530,microgram per cubic meter,W095,core,W095
2026-07-19 18:25:19.171954349+00:00,aqt.particle.pm2.5,5.3,5min,Particulate Matter less than 2.5 microns in diameter,000048b02dd3c6d5.ws-nxcore,waggle-aqt530-5511,-9999.9,000048b02dd3c6d5,registry.sagecontinuum.org/kaludib/waggle-aqt530:1.00,vaisala-aqt530,waggle-aqt530,microgram per cubic meter,W095,core,W095
2026-07-19 18:30:19.391939772+00:00,aqt.particle.pm2.5,11.8,5min,Particulate Matter less than 2.5 microns in diameter,000048b02dd3c6d5.ws-nxcore,waggle-aqt530-5511,-9999.9,000048b02dd3c6d5,registry.sagecontinuum.org/kaludib/waggle-aqt530:1.00,vaisala-aqt530,waggle-aqt530,microgram per cubic meter,W095,core,W095
2026-07-19 18:35:19.611773308+00:00,aqt.particle.pm2.5,2.5,5min,Particulate Matter less than 2.5 microns in diameter,000048b02dd3c6d5.ws-nxcore,waggle-aqt530-5511,-9999.9,000048b02dd3c6d5,registry.sagecontinuum.org/kaludib/waggle-aqt530:1.00,vaisala-aqt530,waggle-aqt530,microgram per cubic meter,W095,core,W095
2026-07-19 18:40:18.824033141+00:00,aqt.particle.pm2.5,6.4,5min,Particulate Matter less than 2.5 microns in diameter,000048b02dd3c6d5.ws-nxcore,waggle-aqt530-5511,-9999.9,000048b02dd3c6d5,registry.sagecontinuum.org/kaludib/waggle-aqt530:1.00,vaisala-aqt530,waggle-aqt530,microgram per cubic meter,W095,core,W095
2026-07-19 18:45:19.030602328+00:00,aqt.particle.pm2.5,2.0,5min,Particulate Matter less than 2.5 microns in diameter,000048b02dd3c6d5.ws-nxcore,waggle-aqt530-5511,-9999.9,000048b02dd3c6d5,registry.sagecontinuum.org/kaludib/waggle-aqt530:1.00,vaisala-aqt530,waggle-aqt530,microgram per cubic meter,W095,core,W095
2026-07-19 18:50:19.249563799+00:00,aqt.particle.pm2.5,2.4,5min,Particulate Matter less than 2.5 microns in diameter,000048b02dd3c6d5.ws-nxcore,waggle-aqt530-5511,-9999.9,000048b02dd3c6d5,registry.sagecontinuum.org/kaludib/waggle-aqt530:1.00,vaisala-aqt530,waggle-aqt530,microgram per cubic meter,W095,core,W095
2026-07-19 18:55:19.471926986+00:00,aqt.particle.pm2.5,2.4,5min,Particulate Matter less than 2.5 microns in diameter,000048b02dd3c6d5.ws-nxcore,waggle-aqt530-5511,-9999.9,000048b02dd3c6d5,registry.sagecontinuum.org/kaludib/waggle-aqt530:1.00,vaisala-aqt530,waggle-aqt530,microgram per cubic meter,W095,core,W095
2026-07-19 19:00:19.678178888+00:00,aqt.particle.pm2.5,6.3,5min,Particulate Matter less than 2.5 microns in diameter,000048b02dd3c6d5.ws-nxcore,waggle-aqt530-5511,-9999.9,000048b02dd3c6d5,registry.sagecontinuum.org/kaludib/waggle-aqt530:1.00,vaisala-aqt530,waggle-aqt530,microgram per cubic meter,W095,core,W095
2026-07-19 19:05:18.891902623+00:00,aqt.particle.pm2.5,5.3,5min,Particulate Matter less than 2.5 microns in diameter,000048b02dd3c6d5.ws-nxcore,waggle-aqt530-5511,-9999.9,000048b02dd3c6d5,registry.sagecontinuum.org/kaludib/waggle-aqt530:1.00,vaisala-aqt530,waggle-aqt530,microgram per cubic meter,W095,core,W095
2026-07-19 19:10:19.112870757+00:00,aqt.particle.pm2.5,5.8,5min,Particulate Matter less than 2.5 microns in diameter,000048b02dd3c6d5.ws-nxcore,waggle-aqt530-5511,-9999.9,000048b02dd3c6d5,registry.sagecontinuum.org/kaludib/waggle-aqt530:1.00,vaisala-aqt530,waggle-aqt530,microgram per cubic meter,W095,core,W095
2026-07-19 19:15:19.333416274+00:00,aqt.particle.pm2.5,3.4,5min,Particulate Matter less than 2.5 microns in diameter,000048b02dd3c6d5.ws-nxcore,waggle-aqt530-5511,-9999.9,000048b02dd3c6d5,registry.sagecontinuum.org/kaludib/waggle-aqt530:1.00,vaisala-aqt530,waggle-aqt530,microgram per cubic meter,W095,core,W095
2026-07-19 19:20:19.540420387+00:00,aqt.particle.pm2.5,1.2,5min,Particulate Matter less than 2.5 microns in diameter,000048b02dd3c6d5.ws-nxcore,waggle-aqt530-5511,-9999.9,000048b02dd3c6d5,registry.sagecontinuum.org/kaludib/waggle-aqt530:1.00,vaisala-aqt530,waggle-aqt530,microgram per cubic meter,W095,core,W095
2026-07-19 19:25:18.752559351+00:00,aqt.particle.pm2.5,1.2,5min,Particulate Matter less than 2.5 microns in diameter,000048b02dd3c6d5.ws-nxcore,waggle-aqt530-5511,-9999.9,000048b02dd3c6d5,registry.sagecontinuum.org/kaludib/waggle-aqt530:1.00,vaisala-aqt530,waggle-aqt530,microgram per cubic meter,W095,core,W095
2026-07-19 19:30:19.004072568+00:00,aqt.particle.pm2.5,0.7,5min,Particulate Matter less than 2.5 microns in diameter,000048b02dd3c6d5.ws-nxcore,waggle-aqt530-5511,-9999.9,000048b02dd3c6d5,registry.sagecontinuum.org/kaludib/waggle-aqt530:1.00,vaisala-aqt530,waggle-aqt530,microgram per cubic meter,W095,core,W095
2026-07-19 19:35:19.244930674+00:00,aqt.particle.pm2.5,1.1,5min,Particulate Matter less than 2.5 microns in diameter,000048b02dd3c6d5.ws-nxcore,waggle-aqt530-5511,-9999.9,000048b02dd3c6d5,registry.sagecontinuum.org/kaludib/waggle-aqt530:1.00,vaisala-aqt530,waggle-aqt530,microgram per cubic meter,W095,core,W095
2026-07-19 19:40:19.465239860+00:00,aqt.particle.pm2.5,0.4,5min,Particulate Matter less than 2.5 microns in diameter,000048b02dd3c6d5.ws-nxcore,waggle-aqt530-5511,-9999.9,000048b02dd3c6d5,registry.sagecontinuum.org/kaludib/waggle-aqt530:1.00,vaisala-aqt530,waggle-aqt530,microgram per cubic meter,W095,core,W095
2026-07-19 19:45:19.694504013+00:00,aqt.particle.pm2.5,0.6,5min,Particulate Matter less than 2.5 microns in diameter,000048b02dd3c6d5.ws-nxcore,waggle-aqt530-5511,-9999.9,000048b02dd3c6d5,registry.sagecontinuum.org/kaludib/waggle-aqt530:1.00,vaisala-aqt530,waggle-aqt530,microgram per cubic meter,W095,core,W095
2026-07-19 19:50:18.915675797+00:00,aqt.particle.pm2.5,0.6,5min,Particulate Matter less than 2.5 microns in diameter,000048b02dd3c6d5.ws-nxcore,waggle-aqt530-5511,-9999.9,000048b02dd3c6d5,registry.sagecontinuum.org/kaludib/waggle-aqt530:1.00,vaisala-aqt530,waggle-aqt530,microgram per cubic meter,W095,core,W095
2026-07-19 19:55:19.141692643+00:00,aqt.particle.pm2.5,0.7,5min,Particulate Matter less than 2.5 microns in diameter,000048b02dd3c6d5.ws-nxcore,waggle-aqt530-5511,-9999.9,000048b02dd3c6d5,registry.sagecontinuum.org/kaludib/waggle-aqt530:1.00,vaisala-aqt530,waggle-aqt530,microgram per cubic meter,W095,core,W095
2026-07-19 20:00:19.347716049+00:00,aqt.particle.pm2.5,1.5,5min,Particulate Matter less than 2.5 microns in diameter,000048b02dd3c6d5.ws-nxcore,waggle-aqt530-5511,-9999.9,000048b02dd3c6d5,registry.sagecontinuum.org/kaludib/waggle-aqt530:1.00,vaisala-aqt530,waggle-aqt530,microgram per cubic meter,W095,core,W095
2026-07-19 20:05:19.526347672+00:00,aqt.particle.pm2.5,1.1,5min,Particulate Matter less than 2.5 microns in diameter,000048b02dd3c6d5.ws-nxcore,waggle-aqt530-5511,-9999.9,000048b02dd3c6d5,registry.sagecontinuum.org/kaludib/waggle-aqt530:1.00,vaisala-aqt530,waggle-aqt530,microgram per cubic meter,W095,core,W095
2026-07-19 20:10:19.707956624+00:00,aqt.particle.pm2.5,1.6,5min,Particulate Matter less than 2.5 microns in diameter,000048b02dd3c6d5.ws-nxcore,waggle-aqt530-5511,-9999.9,000048b02dd3c6d5,registry.sagecontinuum.org/kaludib/waggle-aqt530:1.00,vaisala-aqt530,waggle-aqt530,microgram per cubic meter,W095,core,W095
2026-07-19 20:15:18.921735967+00:00,aqt.particle.pm2.5,10.2,5min,Particulate Matter less than 2.5 microns in diameter,000048b02dd3c6d5.ws-nxcore,waggle-aqt530-5511,-9999.9,000048b02dd3c6d5,registry.sagecontinuum.org/kaludib/waggle-aqt530:1.00,vaisala-aqt530,waggle-aqt530,microgram per cubic meter,W095,core,W095
2026-07-19 20:20:19.118462532+00:00,aqt.particle.pm2.5,9.1,5min,Particulate Matter less than 2.5 microns in diameter,000048b02dd3c6d5.ws-nxcore,waggle-aqt530-5511,-9999.9,000048b02dd3c6d5,registry.sagecontinuum.org/kaludib/waggle-aqt530:1.00,vaisala-aqt530,waggle-aqt530,microgram per cubic meter,W095,core,W095
2026-07-19 20:25:19.333124675+00:00,aqt.particle.pm2.5,11.7,5min,Particulate Matter less than 2.5 microns in diameter,000048b02dd3c6d5.ws-nxcore,waggle-aqt530-5511,-9999.9,000048b02dd3c6d5,registry.sagecontinuum.org/kaludib/waggle-aqt530:1.00,vaisala-aqt530,waggle-aqt530,microgram per cubic meter,W095,core,W095
2026-07-19 20:30:19.548899015+00:00,aqt.particle.pm2.5,8.0,5min,Particulate Matter less than 2.5 microns in diameter,000048b02dd3c6d5.ws-nxcore,waggle-aqt530-5511,-9999.9,000048b02dd3c6d5,registry.sagecontinuum.org/kaludib/waggle-aqt530:1.00,vaisala-aqt530,waggle-aqt530,microgram per cubic meter,W095,core,W095
2026-07-19 20:35:18.764465934+00:00,aqt.particle.pm2.5,2.9,5min,Particulate Matter less than 2.5 microns in diameter,000048b02dd3c6d5.ws-nxcore,waggle-aqt530-5511,-9999.9,000048b02dd3c6d5,registry.sagecontinuum.org/kaludib/waggle-aqt530:1.00,vaisala-aqt530,waggle-aqt530,microgram per cubic meter,W095,core,W095
2026-07-19 20:40:18.973169518+00:00,aqt.particle.pm2.5,6.4,5min,Particulate Matter less than 2.5 microns in diameter,000048b02dd3c6d5.ws-nxcore,waggle-aqt530-5511,-9999.9,000048b02dd3c6d5,registry.sagecontinuum.org/kaludib/waggle-aqt530:1.00,vaisala-aqt530,waggle-aqt530,microgram per cubic meter,W095,core,W095
2026-07-19 20:45:19.196408306+00:00,aqt.particle.pm2.5,6.4,5min,Particulate Matter less than 2.5 microns in diameter,000048b02dd3c6d5.ws-nxcore,waggle-aqt530-5511,-9999.9,000048b02dd3c6d5,registry.sagecontinuum.org/kaludib/waggle-aqt530:1.00,vaisala-aqt530,waggle-aqt530,microgram per cubic meter,W095,core,W095
2026-07-19 20:50:19.403524440+00:00,aqt.particle.pm2.5,2.2,5min,Particulate Matter less than 2.5 microns in diameter,000048b02dd3c6d5.ws-nxcore,waggle-aqt530-5511,-9999.9,000048b02dd3c6d5,registry.sagecontinuum.org/kaludib/waggle-aqt530:1.00,vaisala-aqt530,waggle-aqt530,microgram per cubic meter,W095,core,W095
2026-07-19 20:55:19.624399499+00:00,aqt.particle.pm2.5,0.6,5min,Particulate Matter less than 2.5 microns in diameter,000048b02dd3c6d5.ws-nxcore,waggle-aqt530-5511,-9999.9,000048b02dd3c6d5,registry.sagecontinuum.org/kaludib/waggle-aqt530:1.00,vaisala-aqt530,waggle-aqt530,microgram per cubic meter,W095,core,W095
2026-07-19 21:00:18.837476142+00:00,aqt.particle.pm2.5,0.7,5min,Particulate Matter less than 2.5 microns in diameter,000048b02dd3c6d5.ws-nxcore,waggle-aqt530-5511,-9999.9,000048b02dd3c6d5,registry.sagecontinuum.org/kaludib/waggle-aqt530:1.00,vaisala-aqt530,waggle-aqt530,microgram per cubic meter,W095,core,W095
2026-07-19 21:05:19.056839075+00:00,aqt.particle.pm2.5,0.5,5min,Particulate Matter less than 2.5 microns in diameter,000048b02dd3c6d5.ws-nxcore,waggle-aqt530-5511,-9999.9,000048b02dd3c6d5,registry.sagecontinuum.org/kaludib/waggle-aqt530:1.00,vaisala-aqt530,waggle-aqt530,microgram per cubic meter,W095,core,W095
2026-07-19 21:10:19.262525234+00:00,aqt.particle.pm2.5,1.0,5min,Particulate Matter less than 2.5 microns in diameter,000048b02dd3c6d5.ws-nxcore,waggle-aqt530-5511,-9999.9,000048b02dd3c6d5,registry.sagecontinuum.org/kaludib/waggle-aqt530:1.00,vaisala-aqt530,waggle-aqt530,microgram per cubic meter,W095,core,W095
2026-07-19 21:15:19.482563801+00:00,aqt.particle.pm2.5,0.5,5min,Particulate Matter less than 2.5 microns in diameter,000048b02dd3c6d5.ws-nxcore,waggle-aqt530-5511,-9999.9,000048b02dd3c6d5,registry.sagecontinuum.org/kaludib/waggle-aqt530:1.00,vaisala-aqt530,waggle-aqt530,microgram per cubic meter,W095,core,W095
2026-07-19 21:20:18.695196657+00:00,aqt.particle.pm2.5,0.4,5min,Particulate Matter less than 2.5 microns in diameter,000048b02dd3c6d5.ws-nxcore,waggle-aqt530-5511,-9999.9,000048b02dd3c6d5,registry.sagecontinuum.org/kaludib/waggle-aqt530:1.00,vaisala-aqt530,waggle-aqt530,microgram per cubic meter,W095,core,W095
2026-07-19 21:25:18.916137182+00:00,aqt.particle.pm2.5,0.3,5min,Particulate Matter less than 2.5 microns in diameter,000048b02dd3c6d5.ws-nxcore,waggle-aqt530-5511,-9999.9,000048b02dd3c6d5,registry.sagecontinuum.org/kaludib/waggle-aqt530:1.00,vaisala-aqt530,waggle-aqt530,microgram per cubic meter,W095,core,W095
2026-07-19 21:30:19.151601432+00:00,aqt.particle.pm2.5,0.2,5min,Particulate Matter less than 2.5 microns in diameter,000048b02dd3c6d5.ws-nxcore,waggle-aqt530-5511,-9999.9,000048b02dd3c6d5,registry.sagecontinuum.org/kaludib/waggle-aqt530:1.00,vaisala-aqt530,waggle-aqt530,microgram per cubic meter,W095,core,W095
2026-07-19 21:35:19.367803756+00:00,aqt.particle.pm2.5,0.4,5min,Particulate Matter less than 2.5 microns in diameter,000048b02dd3c6d5.ws-nxcore,waggle-aqt530-5511,-9999.9,000048b02dd3c6d5,registry.sagecontinuum.org/kaludib/waggle-aqt530:1.00,vaisala-aqt530,waggle-aqt530,microgram per cubic meter,W095,core,W095
2026-07-19 21:40:19.594275152+00:00,aqt.particle.pm2.5,0.7,5min,Particulate Matter less than 2.5 microns in diameter,000048b02dd3c6d5.ws-nxcore,waggle-aqt530-5511,-9999.9,000048b02dd3c6d5,registry.sagecontinuum.org/kaludib/waggle-aqt530:1.00,vaisala-aqt530,waggle-aqt530,microgram per cubic meter,W095,core,W095
2026-07-19 21:45:18.811935162+00:00,aqt.particle.pm2.5,8.7,5min,Particulate Matter less than 2.5 microns in diameter,000048b02dd3c6d5.ws-nxcore,waggle-aqt530-5511,-9999.9,000048b02dd3c6d5,registry.sagecontinuum.org/kaludib/waggle-aqt530:1.00,vaisala-aqt530,waggle-aqt530,microgram per cubic meter,W095,core,W095
2026-07-19 21:50:19.036333725+00:00,aqt.particle.pm2.5,10.2,5min,Particulate Matter less than 2.5 microns in diameter,000048b02dd3c6d5.ws-nxcore,waggle-aqt530-5511,-9999.9,000048b02dd3c6d5,registry.sagecontinuum.org/kaludib/waggle-aqt530:1.00,vaisala-aqt530,waggle-aqt530,microgram per cubic meter,W095,core,W095
2026-07-19 21:55:19.256758347+00:00,aqt.particle.pm2.5,15.3,5min,Particulate Matter less than 2.5 microns in diameter,000048b02dd3c6d5.ws-nxcore,waggle-aqt530-5511,-9999.9,000048b02dd3c6d5,registry.sagecontinuum.org/kaludib/waggle-aqt530:1.00,vaisala-aqt530,waggle-aqt530,microgram per cubic meter,W095,core,W095
2026-07-19 22:00:19.468545987+00:00,aqt.particle.pm2.5,10.6,5min,Particulate Matter less than 2.5 microns in diameter,000048b02dd3c6d5.ws-nxcore,waggle-aqt530-5511,-9999.9,000048b02dd3c6d5,registry.sagecontinuum.org/kaludib/waggle-aqt530:1.00,vaisala-aqt530,waggle-aqt530,microgram per cubic meter,W095,core,W095
2026-07-19 22:05:19.676911417+00:00,aqt.particle.pm2.5,8.1,5min,Particulate Matter less than 2.5 microns in diameter,000048b02dd3c6d5.ws-nxcore,waggle-aqt530-5511,-9999.9,000048b02dd3c6d5,registry.sagecontinuum.org/kaludib/waggle-aqt530:1.00,vaisala-aqt530,waggle-aqt530,microgram per cubic meter,W095,core,W095
2026-07-19 22:10:18.907433964+00:00,aqt.particle.pm2.5,17.5,5min,Particulate Matter less than 2.5 microns in diameter,000048b02dd3c6d5.ws-nxcore,waggle-aqt530-5511,-9999.9,000048b02dd3c6d5,registry.sagecontinuum.org/kaludib/waggle-aqt530:1.00,vaisala-aqt530,waggle-aqt530,microgram per cubic meter,W095,core,W095
2026-07-19 22:15:19.116185096+00:00,aqt.particle.pm2.5,19.2,5min,Particulate Matter less than 2.5 microns in diameter,000048b02dd3c6d5.ws-nxcore,waggle-aqt530-5511,-9999.9,000048b02dd3c6d5,registry.sagecontinuum.org/kaludib/waggle-aqt530:1.00,vaisala-aqt530,waggle-aqt530,microgram per cubic meter,W095,core,W095
2026-07-19 22:20:19.338259465+00:00,aqt.particle.pm2.5,11.3,5min,Particulate Matter less than 2.5 microns in diameter,000048b02dd3c6d5.ws-nxcore,waggle-aqt530-5511,-9999.9,000048b02dd3c6d5,registry.sagecontinuum.org/kaludib/waggle-aqt530:1.00,vaisala-aqt530,waggle-aqt530,microgram per cubic meter,W095,core,W095
2026-07-19 22:25:19.547544193+00:00,aqt.particle.pm2.5,8.1,5min,Particulate Matter less than 2.5 microns in diameter,000048b02dd3c6d5.ws-nxcore,waggle-aqt530-5511,-9999.9,000048b02dd3c6d5,registry.sagecontinuum.org/kaludib/waggle-aqt530:1.00,vaisala-aqt530,waggle-aqt530,microgram per cubic meter,W095,core,W095
2026-07-19 22:30:18.762531443+00:00,aqt.particle.pm2.5,4.6,5min,Particulate Matter less than 2.5 microns in diameter,000048b02dd3c6d5.ws-nxcore,waggle-aqt530-5511,-9999.9,000048b02dd3c6d5,registry.sagecontinuum.org/kaludib/waggle-aqt530:1.00,vaisala-aqt530,waggle-aqt530,microgram per cubic meter,W095,core,W095
2026-07-19 22:35:18.971975356+00:00,aqt.particle.pm2.5,3.4,5min,Particulate Matter less than 2.5 microns in diameter,000048b02dd3c6d5.ws-nxcore,waggle-aqt530-5511,-9999.9,000048b02dd3c6d5,registry.sagecontinuum.org/kaludib/waggle-aqt530:1.00,vaisala-aqt530,waggle-aqt530,microgram per cubic meter,W095,core,W095
2026-07-19 22:40:19.170569487+00:00,aqt.particle.pm2.5,1.2,5min,Particulate Matter less than 2.5 microns in diameter,000048b02dd3c6d5.ws-nxcore,waggle-aqt530-5511,-9999.9,000048b02dd3c6d5,registry.sagecontinuum.org/kaludib/waggle-aqt530:1.00,vaisala-aqt530,waggle-aqt530,microgram per cubic meter,W095,core,W095
2026-07-19 22:45:19.363794593+00:00,aqt.particle.pm2.5,1.7,5min,Particulate Matter less than 2.5 microns in diameter,000048b02dd3c6d5.ws-nxcore,waggle-aqt530-5511,-9999.9,000048b02dd3c6d5,registry.sagecontinuum.org/kaludib/waggle-aqt530:1.00,vaisala-aqt530,waggle-aqt530,microgram per cubic meter,W095,core,W095
2026-07-19 22:50:19.575955583+00:00,aqt.particle.pm2.5,1.5,5min,Particulate Matter less than 2.5 microns in diameter,000048b02dd3c6d5.ws-nxcore,waggle-aqt530-5511,-9999.9,000048b02dd3c6d5,registry.sagecontinuum.org/kaludib/waggle-aqt530:1.00,vaisala-aqt530,waggle-aqt530,microgram per cubic meter,W095,core,W095
2026-07-19 22:55:18.784844322+00:00,aqt.particle.pm2.5,0.9,5min,Particulate Matter less than 2.5 microns in diameter,000048b02dd3c6d5.ws-nxcore,waggle-aqt530-5511,-9999.9,000048b02dd3c6d5,registry.sagecontinuum.org/kaludib/waggle-aqt530:1.00,vaisala-aqt530,waggle-aqt530,microgram per cubic meter,W095,core,W095
2026-07-19 23:00:19.000932748+00:00,aqt.particle.pm2.5,1.0,5min,Particulate Matter less than 2.5 microns in diameter,000048b02dd3c6d5.ws-nxcore,waggle-aqt530-5511,-9999.9,000048b02dd3c6d5,registry.sagecontinuum.org/kaludib/waggle-aqt530:1.00,vaisala-aqt530,waggle-aqt530,microgram per cubic meter,W095,core,W095
2026-07-19 23:05:19.204675972+00:00,aqt.particle.pm2.5,0.8,5min,Particulate Matter less than 2.5 microns in diameter,000048b02dd3c6d5.ws-nxcore,waggle-aqt530-5511,-9999.9,000048b02dd3c6d5,registry.sagecontinuum.org/kaludib/waggle-aqt530:1.00,vaisala-aqt530,waggle-aqt530,microgram per cubic meter,W095,core,W095
2026-07-19 23:10:19.432394448+00:00,aqt.particle.pm2.5,0.7,5min,Particulate Matter less than 2.5 microns in diameter,000048b02dd3c6d5.ws-nxcore,waggle-aqt530-5511,-9999.9,000048b02dd3c6d5,registry.sagecontinuum.org/kaludib/waggle-aqt530:1.00,vaisala-aqt530,waggle-aqt530,microgram per cubic meter,W095,core,W095
2026-07-19 23:15:18.656153798+00:00,aqt.particle.pm2.5,0.7,5min,Particulate Matter less than 2.5 microns in diameter,000048b02dd3c6d5.ws-nxcore,waggle-aqt530-5511,-9999.9,000048b02dd3c6d5,registry.sagecontinuum.org/kaludib/waggle-aqt530:1.00,vaisala-aqt530,waggle-aqt530,microgram per cubic meter,W095,core,W095
2026-07-19 23:20:18.868544873+00:00,aqt.particle.pm2.5,0.7,5min,Particulate Matter less than 2.5 microns in diameter,000048b02dd3c6d5.ws-nxcore,waggle-aqt530-5511,-9999.9,000048b02dd3c6d5,registry.sagecontinuum.org/kaludib/waggle-aqt530:1.00,vaisala-aqt530,waggle-aqt530,microgram per cubic meter,W095,core,W095
2026-07-19 23:25:19.094026968+00:00,aqt.particle.pm2.5,0.8,5min,Particulate Matter less than 2.5 microns in diameter,000048b02dd3c6d5.ws-nxcore,waggle-aqt530-5511,-9999.9,000048b02dd3c6d5,registry.sagecontinuum.org/kaludib/waggle-aqt530:1.00,vaisala-aqt530,waggle-aqt530,microgram per cubic meter,W095,core,W095
2026-07-19 23:30:19.316609290+00:00,aqt.particle.pm2.5,0.7,5min,Particulate Matter less than 2.5 microns in diameter,000048b02dd3c6d5.ws-nxcore,waggle-aqt530-5511,-9999.9,000048b02dd3c6d5,registry.sagecontinuum.org/kaludib/waggle-aqt530:1.00,vaisala-aqt530,waggle-aqt530,microgram per cubic meter,W095,core,W095
2026-07-19 23:35:19.524831076+00:00,aqt.particle.pm2.5,0.8,5min,Particulate Matter less than 2.5 microns in diameter,000048b02dd3c6d5.ws-nxcore,waggle-aqt530-5511,-9999.9,000048b02dd3c6d5,registry.sagecontinuum.org/kaludib/waggle-aqt530:1.00,vaisala-aqt530,waggle-aqt530,microgram per cubic meter,W095,core,W095
2026-07-19 23:40:18.739624640+00:00,aqt.particle.pm2.5,0.7,5min,Particulate Matter less than 2.5 microns in diameter,000048b02dd3c6d5.ws-nxcore,waggle-aqt530-5511,-9999.9,000048b02dd3c6d5,registry.sagecontinuum.org/kaludib/waggle-aqt530:1.00,vaisala-aqt530,waggle-aqt530,microgram per cubic meter,W095,core,W095
2026-07-19 23:45:18.954828092+00:00,aqt.particle.pm2.5,1.1,5min,Particulate Matter less than 2.5 microns in diameter,000048b02dd3c6d5.ws-nxcore,waggle-aqt530-5511,-9999.9,000048b02dd3c6d5,registry.sagecontinuum.org/kaludib/waggle-aqt530:1.00,vaisala-aqt530,waggle-aqt530,microgram per cubic meter,W095,core,W095
2026-07-19 23:50:19.171053958+00:00,aqt.particle.pm2.5,0.9,5min,Particulate Matter less than 2.5 microns in diameter,000048b02dd3c6d5.ws-nxcore,waggle-aqt530-5511,-9999.9,000048b02dd3c6d5,registry.sagecontinuum.org/kaludib/waggle-aqt530:1.00,vaisala-aqt530,waggle-aqt530,microgram per cubic meter,W095,core,W095
2026-07-19 23:55:19.375290740+00:00,aqt.particle.pm2.5,1.1,5min,Particulate Matter less than 2.5 microns in diameter,000048b02dd3c6d5.ws-nxcore,waggle-aqt530-5511,-9999.9,000048b02dd3c6d5,registry.sagecontinuum.org/kaludib/waggle-aqt530:1.00,vaisala-aqt530,waggle-aqt530,microgram per cubic meter,W095,core,W095
2026-07-20 00:00:19.595007476+00:00,aqt.particle.pm2.5,1.1,5min,Particulate Matter less than 2.5 microns in diameter,000048b02dd3c6d5.ws-nxcore,waggle-aqt530-5511,-9999.9,000048b02dd3c6d5,registry.sagecontinuum.org/kaludib/waggle-aqt530:1.00,vaisala-aqt530,waggle-aqt530,microgram per cubic meter,W095,core,W095
2026-07-20 00:05:18.806472888+00:00,aqt.particle.pm2.5,6.6,5min,Particulate Matter less than 2.5 microns in diameter,000048b02dd3c6d5.ws-nxcore,waggle-aqt530-5511,-9999.9,000048b02dd3c6d5,registry.sagecontinuum.org/kaludib/waggle-aqt530:1.00,vaisala-aqt530,waggle-aqt530,microgram per cubic meter,W095,core,W095
2026-07-20 00:10:19.026470916+00:00,aqt.particle.pm2.5,3.3,5min,Particulate Matter less than 2.5 microns in diameter,000048b02dd3c6d5.ws-nxcore,waggle-aqt530-5511,-9999.9,000048b02dd3c6d5,registry.sagecontinuum.org/kaludib/waggle-aqt530:1.00,vaisala-aqt530,waggle-aqt530,microgram per cubic meter,W095,core,W095
2026-07-20 00:15:19.232719094+00:00,aqt.particle.pm2.5,1.4,5min,Particulate Matter less than 2.5 microns in diameter,000048b02dd3c6d5.ws-nxcore,waggle-aqt530-5511,-9999.9,000048b02dd3c6d5,registry.sagecontinuum.org/kaludib/waggle-aqt530:1.00,vaisala-aqt530,waggle-aqt530,microgram per cubic meter,W095,core,W095
2026-07-20 00:20:19.487715175+00:00,aqt.particle.pm2.5,1.6,5min,Particulate Matter less than 2.5 microns in diameter,000048b02dd3c6d5.ws-nxcore,waggle-aqt530-5511,-9999.9,000048b02dd3c6d5,registry.sagecontinuum.org/kaludib/waggle-aqt530:1.00,vaisala-aqt530,waggle-aqt530,microgram per cubic meter,W095,core,W095
2026-07-20 00:25:18.725674181+00:00,aqt.particle.pm2.5,1.9,5min,Particulate Matter less than 2.5 microns in diameter,000048b02dd3c6d5.ws-nxcore,waggle-aqt530-5511,-9999.9,000048b02dd3c6d5,registry.sagecontinuum.org/kaludib/waggle-aqt530:1.00,vaisala-aqt530,waggle-aqt530,microgram per cubic meter,W095,core,W095
2026-07-20 00:30:18.961764343+00:00,aqt.particle.pm2.5,2.0,5min,Particulate Matter less than 2.5 microns in diameter,000048b02dd3c6d5.ws-nxcore,waggle-aqt530-5511,-9999.9,000048b02dd3c6d5,registry.sagecontinuum.org/kaludib/waggle-aqt530:1.00,vaisala-aqt530,waggle-aqt530,microgram per cubic meter,W095,core,W095
2026-07-20 00:35:19.180028435+00:00,aqt.particle.pm2.5,1.5,5min,Particulate Matter less than 2.5 microns in diameter,000048b02dd3c6d5.ws-nxcore,waggle-aqt530-5511,-9999.9,000048b02dd3c6d5,registry.sagecontinuum.org/kaludib/waggle-aqt530:1.00,vaisala-aqt530,waggle-aqt530,microgram per cubic meter,W095,core,W095
2026-07-20 00:40:19.408741367+00:00,aqt.particle.pm2.5,1.4,5min,Particulate Matter less than 2.5 microns in diameter,000048b02dd3c6d5.ws-nxcore,waggle-aqt530-5511,-9999.9,000048b02dd3c6d5,registry.sagecontinuum.org/kaludib/waggle-aqt530:1.00,vaisala-aqt530,waggle-aqt530,microgram per cubic meter,W095,core,W095
2026-07-20 00:45:19.635387519+00:00,aqt.particle.pm2.5,1.1,5min,Particulate Matter less than 2.5 microns in diameter,000048b02dd3c6d5.ws-nxcore,waggle-aqt530-5511,-9999.9,000048b02dd3c6d5,registry.sagecontinuum.org/kaludib/waggle-aqt530:1.00,vaisala-aqt530,waggle-aqt530,microgram per cubic meter,W095,core,W095
2026-07-20 00:50:18.848733178+00:00,aqt.particle.pm2.5,1.3,5min,Particulate Matter less than 2.5 microns in diameter,000048b02dd3c6d5.ws-nxcore,waggle-aqt530-5511,-9999.9,000048b02dd3c6d5,registry.sagecontinuum.org/kaludib/waggle-aqt530:1.00,vaisala-aqt530,waggle-aqt530,microgram per cubic meter,W095,core,W095
2026-07-20 00:55:18.992830205+00:00,aqt.particle.pm2.5,1.4,5min,Particulate Matter less than 2.5 microns in diameter,000048b02dd3c6d5.ws-nxcore,waggle-aqt530-5511,-9999.9,000048b02dd3c6d5,registry.sagecontinuum.org/kaludib/waggle-aqt530:1.00,vaisala-aqt530,waggle-aqt530,microgram per cubic meter,W095,core,W095
2026-07-20 01:00:19.174335932+00:00,aqt.particle.pm2.5,1.2,5min,Particulate Matter less than 2.5 microns in diameter,000048b02dd3c6d5.ws-nxcore,waggle-aqt530-5511,-9999.9,000048b02dd3c6d5,registry.sagecontinuum.org/kaludib/waggle-aqt530:1.00,vaisala-aqt530,waggle-aqt530,microgram per cubic meter,W095,core,W095
2026-07-20 01:05:19.369689654+00:00,aqt.particle.pm2.5,1.4,5min,Particulate Matter less than 2.5 microns in diameter,000048b02dd3c6d5.ws-nxcore,waggle-aqt530-5511,-9999.9,000048b02dd3c6d5,registry.sagecontinuum.org/kaludib/waggle-aqt530:1.00,vaisala-aqt530,waggle-aqt530,microgram per cubic meter,W095,core,W095
2026-07-20 01:10:18.564954005+00:00,aqt.particle.pm2.5,1.2,5min,Particulate Matter less than 2.5 microns in diameter,000048b02dd3c6d5.ws-nxcore,waggle-aqt530-5511,-9999.9,000048b02dd3c6d5,registry.sagecontinuum.org/kaludib/waggle-aqt530:1.00,vaisala-aqt530,waggle-aqt530,microgram per cubic meter,W095,core,W095
2026-07-20 01:15:18.757594859+00:00,aqt.particle.pm2.5,1.3,5min,Particulate Matter less than 2.5 microns in diameter,000048b02dd3c6d5.ws-nxcore,waggle-aqt530-5511,-9999.9,000048b02dd3c6d5,registry.sagecontinuum.org/kaludib/waggle-aqt530:1.00,vaisala-aqt530,waggle-aqt530,microgram per cubic meter,W095,core,W095
2026-07-20 01:20:18.964688881+00:00,aqt.particle.pm2.5,1.3,5min,Particulate Matter less than 2.5 microns in diameter,000048b02dd3c6d5.ws-nxcore,waggle-aqt530-5511,-9999.9,000048b02dd3c6d5,registry.sagecontinuum.org/kaludib/waggle-aqt530:1.00,vaisala-aqt530,waggle-aqt530,microgram per cubic meter,W095,core,W095
2026-07-20 01:25:19.184202618+00:00,aqt.particle.pm2.5,4.5,5min,Particulate Matter less than 2.5 microns in diameter,000048b02dd3c6d5.ws-nxcore,waggle-aqt530-5511,-9999.9,000048b02dd3c6d5,registry.sagecontinuum.org/kaludib/waggle-aqt530:1.00,vaisala-aqt530,waggle-aqt530,microgram per cubic meter,W095,core,W095
2026-07-20 01:30:19.402853146+00:00,aqt.particle.pm2.5,1.0,5min,Particulate Matter less than 2.5 microns in diameter,000048b02dd3c6d5.ws-nxcore,waggle-aqt530-5511,-9999.9,000048b02dd3c6d5,registry.sagecontinuum.org/kaludib/waggle-aqt530:1.00,vaisala-aqt530,waggle-aqt530,microgram per cubic meter,W095,core,W095
2026-07-20 01:35:18.620888214+00:00,aqt.particle.pm2.5,3.1,5min,Particulate Matter less than 2.5 microns in diameter,000048b02dd3c6d5.ws-nxcore,waggle-aqt530-5511,-9999.9,000048b02dd3c6d5,registry.sagecontinuum.org/kaludib/waggle-aqt530:1.00,vaisala-aqt530,waggle-aqt530,microgram per cubic meter,W095,core,W095
2026-07-20 01:40:18.841867214+00:00,aqt.particle.pm2.5,3.2,5min,Particulate Matter less than 2.5 microns in diameter,000048b02dd3c6d5.ws-nxcore,waggle-aqt530-5511,-9999.9,000048b02dd3c6d5,registry.sagecontinuum.org/kaludib/waggle-aqt530:1.00,vaisala-aqt530,waggle-aqt530,microgram per cubic meter,W095,core,W095
2026-07-20 01:45:19.059905941+00:00,aqt.particle.pm2.5,4.8,5min,Particulate Matter less than 2.5 microns in diameter,000048b02dd3c6d5.ws-nxcore,waggle-aqt530-5511,-9999.9,000048b02dd3c6d5,registry.sagecontinuum.org/kaludib/waggle-aqt530:1.00,vaisala-aqt530,waggle-aqt530,microgram per cubic meter,W095,core,W095
2026-07-20 01:50:19.277904023+00:00,aqt.particle.pm2.5,0.7,5min,Particulate Matter less than 2.5 microns in diameter,000048b02dd3c6d5.ws-nxcore,waggle-aqt530-5511,-9999.9,000048b02dd3c6d5,registry.sagecontinuum.org/kaludib/waggle-aqt530:1.00,vaisala-aqt530,waggle-aqt530,microgram per cubic meter,W095,core,W095
2026-07-20 01:55:18.485334580+00:00,aqt.particle.pm2.5,0.7,5min,Particulate Matter less than 2.5 microns in diameter,000048b02dd3c6d5.ws-nxcore,waggle-aqt530-5511,-9999.9,000048b02dd3c6d5,registry.sagecontinuum.org/kaludib/waggle-aqt530:1.00,vaisala-aqt530,waggle-aqt530,microgram per cubic meter,W095,core,W095
2026-07-20 02:00:18.699605659+00:00,aqt.particle.pm2.5,1.0,5min,Particulate Matter less than 2.5 microns in diameter,000048b02dd3c6d5.ws-nxcore,waggle-aqt530-5511,-9999.9,000048b02dd3c6d5,registry.sagecontinuum.org/kaludib/waggle-aqt530:1.00,vaisala-aqt530,waggle-aqt530,microgram per cubic meter,W095,core,W095
2026-07-20 02:05:18.931981970+00:00,aqt.particle.pm2.5,5.2,5min,Particulate Matter less than 2.5 microns in diameter,000048b02dd3c6d5.ws-nxcore,waggle-aqt530-5511,-9999.9,000048b02dd3c6d5,registry.sagecontinuum.org/kaludib/waggle-aqt530:1.00,vaisala-aqt530,waggle-aqt530,microgram per cubic meter,W095,core,W095
2026-07-20 02:10:19.158498768+00:00,aqt.particle.pm2.5,1.4,5min,Particulate Matter less than 2.5 microns in diameter,000048b02dd3c6d5.ws-nxcore,waggle-aqt530-5511,-9999.9,000048b02dd3c6d5,registry.sagecontinuum.org/kaludib/waggle-aqt530:1.00,vaisala-aqt530,waggle-aqt530,microgram per cubic meter,W095,core,W095
2026-07-20 02:15:19.367767916+00:00,aqt.particle.pm2.5,0.5,5min,Particulate Matter less than 2.5 microns in diameter,000048b02dd3c6d5.ws-nxcore,waggle-aqt530-5511,-9999.9,000048b02dd3c6d5,registry.sagecontinuum.org/kaludib/waggle-aqt530:1.00,vaisala-aqt530,waggle-aqt530,microgram per cubic meter,W095,core,W095
2026-07-20 02:20:18.582623379+00:00,aqt.particle.pm2.5,1.1,5min,Particulate Matter less than 2.5 microns in diameter,000048b02dd3c6d5.ws-nxcore,waggle-aqt530-5511,-9999.9,000048b02dd3c6d5,registry.sagecontinuum.org/kaludib/waggle-aqt530:1.00,vaisala-aqt530,waggle-aqt530,microgram per cubic meter,W095,core,W095
2026-07-20 02:25:18.800534527+00:00,aqt.particle.pm2.5,2.0,5min,Particulate Matter less than 2.5 microns in diameter,000048b02dd3c6d5.ws-nxcore,waggle-aqt530-5511,-9999.9,000048b02dd3c6d5,registry.sagecontinuum.org/kaludib/waggle-aqt530:1.00,vaisala-aqt530,waggle-aqt530,microgram per cubic meter,W095,core,W095
2026-07-20 02:30:19.019076640+00:00,aqt.particle.pm2.5,2.1,5min,Particulate Matter less than 2.5 microns in diameter,000048b02dd3c6d5.ws-nxcore,waggle-aqt530-5511,-9999.9,000048b02dd3c6d5,registry.sagecontinuum.org/kaludib/waggle-aqt530:1.00,vaisala-aqt530,waggle-aqt530,microgram per cubic meter,W095,core,W095
2026-07-20 02:35:19.223777065+00:00,aqt.particle.pm2.5,3.5,5min,Particulate Matter less than 2.5 microns in diameter,000048b02dd3c6d5.ws-nxcore,waggle-aqt530-5511,-9999.9,000048b02dd3c6d5,registry.sagecontinuum.org/kaludib/waggle-aqt530:1.00,vaisala-aqt530,waggle-aqt530,microgram per cubic meter,W095,core,W095
2026-07-20 02:40:19.442985737+00:00,aqt.particle.pm2.5,1.8,5min,Particulate Matter less than 2.5 microns in diameter,000048b02dd3c6d5.ws-nxcore,waggle-aqt530-5511,-9999.9,000048b02dd3c6d5,registry.sagecontinuum.org/kaludib/waggle-aqt530:1.00,vaisala-aqt530,waggle-aqt530,microgram per cubic meter,W095,core,W095
2026-07-20 02:45:18.654732498+00:00,aqt.particle.pm2.5,1.6,5min,Particulate Matter less than 2.5 microns in diameter,000048b02dd3c6d5.ws-nxcore,waggle-aqt530-5511,-9999.9,000048b02dd3c6d5,registry.sagecontinuum.org/kaludib/waggle-aqt530:1.00,vaisala-aqt530,waggle-aqt530,microgram per cubic meter,W095,core,W095
2026-07-20 02:50:18.872965307+00:00,aqt.particle.pm2.5,3.9,5min,Particulate Matter less than 2.5 microns in diameter,000048b02dd3c6d5.ws-nxcore,waggle-aqt530-5511,-9999.9,000048b02dd3c6d5,registry.sagecontinuum.org/kaludib/waggle-aqt530:1.00,vaisala-aqt530,waggle-aqt530,microgram per cubic meter,W095,core,W095
2026-07-20 02:55:19.076931171+00:00,aqt.particle.pm2.5,4.4,5min,Particulate Matter less than 2.5 microns in diameter,000048b02dd3c6d5.ws-nxcore,waggle-aqt530-5511,-9999.9,000048b02dd3c6d5,registry.sagecontinuum.org/kaludib/waggle-aqt530:1.00,vaisala-aqt530,waggle-aqt530,microgram per cubic meter,W095,core,W095
2026-07-20 03:00:19.295578110+00:00,aqt.particle.pm2.5,0.4,5min,Particulate Matter less than 2.5 microns in diameter,000048b02dd3c6d5.ws-nxcore,waggle-aqt530-5511,-9999.9,000048b02dd3c6d5,registry.sagecontinuum.org/kaludib/waggle-aqt530:1.00,vaisala-aqt530,waggle-aqt530,microgram per cubic meter,W095,core,W095
2026-07-20 03:05:18.506628518+00:00,aqt.particle.pm2.5,0.2,5min,Particulate Matter less than 2.5 microns in diameter,000048b02dd3c6d5.ws-nxcore,waggle-aqt530-5511,-9999.9,000048b02dd3c6d5,registry.sagecontinuum.org/kaludib/waggle-aqt530:1.00,vaisala-aqt530,waggle-aqt530,microgram per cubic meter,W095,core,W095
2026-07-20 03:10:18.728227897+00:00,aqt.particle.pm2.5,0.3,5min,Particulate Matter less than 2.5 microns in diameter,000048b02dd3c6d5.ws-nxcore,waggle-aqt530-5511,-9999.9,000048b02dd3c6d5,registry.sagecontinuum.org/kaludib/waggle-aqt530:1.00,vaisala-aqt530,waggle-aqt530,microgram per cubic meter,W095,core,W095
2026-07-20 03:15:18.951597055+00:00,aqt.particle.pm2.5,6.4,5min,Particulate Matter less than 2.5 microns in diameter,000048b02dd3c6d5.ws-nxcore,waggle-aqt530-5511,-9999.9,000048b02dd3c6d5,registry.sagecontinuum.org/kaludib/waggle-aqt530:1.00,vaisala-aqt530,waggle-aqt530,microgram per cubic meter,W095,core,W095
2026-07-20 03:20:19.155969205+00:00,aqt.particle.pm2.5,5.2,5min,Particulate Matter less than 2.5 microns in diameter,000048b02dd3c6d5.ws-nxcore,waggle-aqt530-5511,-9999.9,000048b02dd3c6d5,registry.sagecontinuum.org/kaludib/waggle-aqt530:1.00,vaisala-aqt530,waggle-aqt530,microgram per cubic meter,W095,core,W095
2026-07-20 03:25:19.376021681+00:00,aqt.particle.pm2.5,2.8,5min,Particulate Matter less than 2.5 microns in diameter,000048b02dd3c6d5.ws-nxcore,waggle-aqt530-5511,-9999.9,000048b02dd3c6d5,registry.sagecontinuum.org/kaludib/waggle-aqt530:1.00,vaisala-aqt530,waggle-aqt530,microgram per cubic meter,W095,core,W095
2026-07-20 03:30:18.637031243+00:00,aqt.particle.pm2.5,4.4,5min,Particulate Matter less than 2.5 microns in diameter,000048b02dd3c6d5.ws-nxcore,waggle-aqt530-5511,-9999.9,000048b02dd3c6d5,registry.sagecontinuum.org/kaludib/waggle-aqt530:1.00,vaisala-aqt530,waggle-aqt530,microgram per cubic meter,W095,core,W095
2026-07-20 03:35:18.815525188+00:00,aqt.particle.pm2.5,1.1,5min,Particulate Matter less than 2.5 microns in diameter,000048b02dd3c6d5.ws-nxcore,waggle-aqt530-5511,-9999.9,000048b02dd3c6d5,registry.sagecontinuum.org/kaludib/waggle-aqt530:1.00,vaisala-aqt530,waggle-aqt530,microgram per cubic meter,W095,core,W095
2026-07-20 03:40:19.013358965+00:00,aqt.particle.pm2.5,0.7,5min,Particulate Matter less than 2.5 microns in diameter,000048b02dd3c6d5.ws-nxcore,waggle-aqt530-5511,-9999.9,000048b02dd3c6d5,registry.sagecontinuum.org/kaludib/waggle-aqt530:1.00,vaisala-aqt530,waggle-aqt530,microgram per cubic meter,W095,core,W095
2026-07-20 03:45:19.231439020+00:00,aqt.particle.pm2.5,1.7,5min,Particulate Matter less than 2.5 microns in diameter,000048b02dd3c6d5.ws-nxcore,waggle-aqt530-5511,-9999.9,000048b02dd3c6d5,registry.sagecontinuum.org/kaludib/waggle-aqt530:1.00,vaisala-aqt530,waggle-aqt530,microgram per cubic meter,W095,core,W095
2026-07-20 03:50:18.443613363+00:00,aqt.particle.pm2.5,6.3,5min,Particulate Matter less than 2.5 microns in diameter,000048b02dd3c6d5.ws-nxcore,waggle-aqt530-5511,-9999.9,000048b02dd3c6d5,registry.sagecontinuum.org/kaludib/waggle-aqt530:1.00,vaisala-aqt530,waggle-aqt530,microgram per cubic meter,W095,core,W095
2026-07-20 03:55:18.662838591+00:00,aqt.particle.pm2.5,2.2,5min,Particulate Matter less than 2.5 microns in diameter,000048b02dd3c6d5.ws-nxcore,waggle-aqt530-5511,-9999.9,000048b02dd3c6d5,registry.sagecontinuum.org/kaludib/waggle-aqt530:1.00,vaisala-aqt530,waggle-aqt530,microgram per cubic meter,W095,core,W095
2026-07-20 04:00:18.894360173+00:00,aqt.particle.pm2.5,1.8,5min,Particulate Matter less than 2.5 microns in diameter,000048b02dd3c6d5.ws-nxcore,waggle-aqt530-5511,-9999.9,000048b02dd3c6d5,registry.sagecontinuum.org/kaludib/waggle-aqt530:1.00,vaisala-aqt530,waggle-aqt530,microgram per cubic meter,W095,core,W095
2026-07-20 04:05:19.146770924+00:00,aqt.particle.pm2.5,0.8,5min,Particulate Matter less than 2.5 microns in diameter,000048b02dd3c6d5.ws-nxcore,waggle-aqt530-5511,-9999.9,000048b02dd3c6d5,registry.sagecontinuum.org/kaludib/waggle-aqt530:1.00,vaisala-aqt530,waggle-aqt530,microgram per cubic meter,W095,core,W095
2026-07-20 04:10:19.383567978+00:00,aqt.particle.pm2.5,1.7,5min,Particulate Matter less than 2.5 microns in diameter,000048b02dd3c6d5.ws-nxcore,waggle-aqt530-5511,-9999.9,000048b02dd3c6d5,registry.sagecontinuum.org/kaludib/waggle-aqt530:1.00,vaisala-aqt530,waggle-aqt530,microgram per cubic meter,W095,core,W095
2026-07-20 04:15:18.607322800+00:00,aqt.particle.pm2.5,1.6,5min,Particulate Matter less than 2.5 microns in diameter,000048b02dd3c6d5.ws-nxcore,waggle-aqt530-5511,-9999.9,000048b02dd3c6d5,registry.sagecontinuum.org/kaludib/waggle-aqt530:1.00,vaisala-aqt530,waggle-aqt530,microgram per cubic meter,W095,core,W095
2026-07-20 04:20:18.838164519+00:00,aqt.particle.pm2.5,1.6,5min,Particulate Matter less than 2.5 microns in diameter,000048b02dd3c6d5.ws-nxcore,waggle-aqt530-5511,-9999.9,000048b02dd3c6d5,registry.sagecontinuum.org/kaludib/waggle-aqt530:1.00,vaisala-aqt530,waggle-aqt530,microgram per cubic meter,W095,core,W095
2026-07-20 04:25:19.042616604+00:00,aqt.particle.pm2.5,1.7,5min,Particulate Matter less than 2.5 microns in diameter,000048b02dd3c6d5.ws-nxcore,waggle-aqt530-5511,-9999.9,000048b02dd3c6d5,registry.sagecontinuum.org/kaludib/waggle-aqt530:1.00,vaisala-aqt530,waggle-aqt530,microgram per cubic meter,W095,core,W095
2026-07-20 04:30:19.254702738+00:00,aqt.particle.pm2.5,2.7,5min,Particulate Matter less than 2.5 microns in diameter,000048b02dd3c6d5.ws-nxcore,waggle-aqt530-5511,-9999.9,000048b02dd3c6d5,registry.sagecontinuum.org/kaludib/waggle-aqt530:1.00,vaisala-aqt530,waggle-aqt530,microgram per cubic meter,W095,core,W095
2026-07-20 04:35:19.475374679+00:00,aqt.particle.pm2.5,2.9,5min,Particulate Matter less than 2.5 microns in diameter,000048b02dd3c6d5.ws-nxcore,waggle-aqt530-5511,-9999.9,000048b02dd3c6d5,registry.sagecontinuum.org/kaludib/waggle-aqt530:1.00,vaisala-aqt530,waggle-aqt530,microgram per cubic meter,W095,core,W095
2026-07-20 04:40:18.692298914+00:00,aqt.particle.pm2.5,0.2,5min,Particulate Matter less than 2.5 microns in diameter,000048b02dd3c6d5.ws-nxcore,waggle-aqt530-5511,-9999.9,000048b02dd3c6d5,registry.sagecontinuum.org/kaludib/waggle-aqt530:1.00,vaisala-aqt530,waggle-aqt530,microgram per cubic meter,W095,core,W095
2026-07-20 04:45:18.840223286+00:00,aqt.particle.pm2.5,0.2,5min,Particulate Matter less than 2.5 microns in diameter,000048b02dd3c6d5.ws-nxcore,waggle-aqt530-5511,-9999.9,000048b02dd3c6d5,registry.sagecontinuum.org/kaludib/waggle-aqt530:1.00,vaisala-aqt530,waggle-aqt530,microgram per cubic meter,W095,core,W095
2026-07-20 04:50:19.033000665+00:00,aqt.particle.pm2.5,0.1,5min,Particulate Matter less than 2.5 microns in diameter,000048b02dd3c6d5.ws-nxcore,waggle-aqt530-5511,-9999.9,000048b02dd3c6d5,registry.sagecontinuum.org/kaludib/waggle-aqt530:1.00,vaisala-aqt530,waggle-aqt530,microgram per cubic meter,W095,core,W095
2026-07-20 04:55:19.238889617+00:00,aqt.particle.pm2.5,0.1,5min,Particulate Matter less than 2.5 microns in diameter,000048b02dd3c6d5.ws-nxcore,waggle-aqt530-5511,-9999.9,000048b02dd3c6d5,registry.sagecontinuum.org/kaludib/waggle-aqt530:1.00,vaisala-aqt530,waggle-aqt530,microgram per cubic meter,W095,core,W095
2026-07-20 05:00:18.442834010+00:00,aqt.particle.pm2.5,0.1,5min,Particulate Matter less than 2.5 microns in diameter,000048b02dd3c6d5.ws-nxcore,waggle-aqt530-5511,-9999.9,000048b02dd3c6d5,registry.sagecontinuum.org/kaludib/waggle-aqt530:1.00,vaisala-aqt530,waggle-aqt530,microgram per cubic meter,W095,core,W095
2026-07-20 05:05:18.641854355+00:00,aqt.particle.pm2.5,0.1,5min,Particulate Matter less than 2.5 microns in diameter,000048b02dd3c6d5.ws-nxcore,waggle-aqt530-5511,-9999.9,000048b02dd3c6d5,registry.sagecontinuum.org/kaludib/waggle-aqt530:1.00,vaisala-aqt530,waggle-aqt530,microgram per cubic meter,W095,core,W095
2026-07-20 05:10:18.950029608+00:00,aqt.particle.pm2.5,0.1,5min,Particulate Matter less than 2.5 microns in diameter,000048b02dd3c6d5.ws-nxcore,waggle-aqt530-5511,-9999.9,000048b02dd3c6d5,registry.sagecontinuum.org/kaludib/waggle-aqt530:1.00,vaisala-aqt530,waggle-aqt530,microgram per cubic meter,W095,core,W095
2026-07-20 05:15:19.192319873+00:00,aqt.particle.pm2.5,1.3,5min,Particulate Matter less than 2.5 microns in diameter,000048b02dd3c6d5.ws-nxcore,waggle-aqt530-5511,-9999.9,000048b02dd3c6d5,registry.sagecontinuum.org/kaludib/waggle-aqt530:1.00,vaisala-aqt530,waggle-aqt530,microgram per cubic meter,W095,core,W095
2026-07-20 05:20:19.321125402+00:00,aqt.particle.pm2.5,0.9,5min,Particulate Matter less than 2.5 microns in diameter,000048b02dd3c6d5.ws-nxcore,waggle-aqt530-5511,-9999.9,000048b02dd3c6d5,registry.sagecontinuum.org/kaludib/waggle-aqt530:1.00,vaisala-aqt530,waggle-aqt530,microgram per cubic meter,W095,core,W095
2026-07-20 05:25:18.514428965+00:00,aqt.particle.pm2.5,3.2,5min,Particulate Matter less than 2.5 microns in diameter,000048b02dd3c6d5.ws-nxcore,waggle-aqt530-5511,-9999.9,000048b02dd3c6d5,registry.sagecontinuum.org/kaludib/waggle-aqt530:1.00,vaisala-aqt530,waggle-aqt530,microgram per cubic meter,W095,core,W095
2026-07-20 05:30:18.726332749+00:00,aqt.particle.pm2.5,5.0,5min,Particulate Matter less than 2.5 microns in diameter,000048b02dd3c6d5.ws-nxcore,waggle-aqt530-5511,-9999.9,000048b02dd3c6d5,registry.sagecontinuum.org/kaludib/waggle-aqt530:1.00,vaisala-aqt530,waggle-aqt530,microgram per cubic meter,W095,core,W095
2026-07-20 05:35:18.943050109+00:00,aqt.particle.pm2.5,3.4,5min,Particulate Matter less than 2.5 microns in diameter,000048b02dd3c6d5.ws-nxcore,waggle-aqt530-5511,-9999.9,000048b02dd3c6d5,registry.sagecontinuum.org/kaludib/waggle-aqt530:1.00,vaisala-aqt530,waggle-aqt530,microgram per cubic meter,W095,core,W095
2026-07-20 05:40:19.156581+00:00,aqt.particle.pm2.5,3.4,5min,Particulate Matter less than 2.5 microns in diameter,000048b02dd3c6d5.ws-nxcore,waggle-aqt530-5511,-9999.9,000048b02dd3c6d5,registry.sagecontinuum.org/kaludib/waggle-aqt530:1.00,vaisala-aqt530,waggle-aqt530,microgram per cubic meter,W095,core,W095
2026-07-20 05:45:18.414546377+00:00,aqt.particle.pm2.5,5.1,5min,Particulate Matter less than 2.5 microns in diameter,000048b02dd3c6d5.ws-nxcore,waggle-aqt530-5511,-9999.9,000048b02dd3c6d5,registry.sagecontinuum.org/kaludib/waggle-aqt530:1.00,vaisala-aqt530,waggle-aqt530,microgram per cubic meter,W095,core,W095
2026-07-20 05:50:18.638382189+00:00,aqt.particle.pm2.5,5.1,5min,Particulate Matter less than 2.5 microns in diameter,000048b02dd3c6d5.ws-nxcore,waggle-aqt530-5511,-9999.9,000048b02dd3c6d5,registry.sagecontinuum.org/kaludib/waggle-aqt530:1.00,vaisala-aqt530,waggle-aqt530,microgram per cubic meter,W095,core,W095
2026-07-20 05:55:18.864774823+00:00,aqt.particle.pm2.5,3.2,5min,Particulate Matter less than 2.5 microns in diameter,000048b02dd3c6d5.ws-nxcore,waggle-aqt530-5511,-9999.9,000048b02dd3c6d5,registry.sagecontinuum.org/kaludib/waggle-aqt530:1.00,vaisala-aqt530,waggle-aqt530,microgram per cubic meter,W095,core,W095
2026-07-20 06:00:19.091991561+00:00,aqt.particle.pm2.5,2.0,5min,Particulate Matter less than 2.5 microns in diameter,000048b02dd3c6d5.ws-nxcore,waggle-aqt530-5511,-9999.9,000048b02dd3c6d5,registry.sagecontinuum.org/kaludib/waggle-aqt530:1.00,vaisala-aqt530,waggle-aqt530,microgram per cubic meter,W095,core,W095
2026-07-20 06:05:19.305223927+00:00,aqt.particle.pm2.5,0.3,5min,Particulate Matter less than 2.5 microns in diameter,000048b02dd3c6d5.ws-nxcore,waggle-aqt530-5511,-9999.9,000048b02dd3c6d5,registry.sagecontinuum.org/kaludib/waggle-aqt530:1.00,vaisala-aqt530,waggle-aqt530,microgram per cubic meter,W095,core,W095
2026-07-20 06:10:18.538638222+00:00,aqt.particle.pm2.5,0.3,5min,Particulate Matter less than 2.5 microns in diameter,000048b02dd3c6d5.ws-nxcore,waggle-aqt530-5511,-9999.9,000048b02dd3c6d5,registry.sagecontinuum.org/kaludib/waggle-aqt530:1.00,vaisala-aqt530,waggle-aqt530,microgram per cubic meter,W095,core,W095
2026-07-20 06:15:18.749320067+00:00,aqt.particle.pm2.5,0.0,5min,Particulate Matter less than 2.5 microns in diameter,000048b02dd3c6d5.ws-nxcore,waggle-aqt530-5511,-9999.9,000048b02dd3c6d5,registry.sagecontinuum.org/kaludib/waggle-aqt530:1.00,vaisala-aqt530,waggle-aqt530,microgram per cubic meter,W095,core,W095
2026-07-20 06:20:18.972011193+00:00,aqt.particle.pm2.5,0.3,5min,Particulate Matter less than 2.5 microns in diameter,000048b02dd3c6d5.ws-nxcore,waggle-aqt530-5511,-9999.9,000048b02dd3c6d5,registry.sagecontinuum.org/kaludib/waggle-aqt530:1.00,vaisala-aqt530,waggle-aqt530,microgram per cubic meter,W095,core,W095
2026-07-20 06:25:19.195854342+00:00,aqt.particle.pm2.5,0.0,5min,Particulate Matter less than 2.5 microns in diameter,000048b02dd3c6d5.ws-nxcore,waggle-aqt530-5511,-9999.9,000048b02dd3c6d5,registry.sagecontinuum.org/kaludib/waggle-aqt530:1.00,vaisala-aqt530,waggle-aqt530,microgram per cubic meter,W095,core,W095
2026-07-20 06:30:18.411496665+00:00,aqt.particle.pm2.5,0.0,5min,Particulate Matter less than 2.5 microns in diameter,000048b02dd3c6d5.ws-nxcore,waggle-aqt530-5511,-9999.9,000048b02dd3c6d5,registry.sagecontinuum.org/kaludib/waggle-aqt530:1.00,vaisala-aqt530,waggle-aqt530,microgram per cubic meter,W095,core,W095
2026-07-20 06:35:18.577535578+00:00,aqt.particle.pm2.5,0.0,5min,Particulate Matter less than 2.5 microns in diameter,000048b02dd3c6d5.ws-nxcore,waggle-aqt530-5511,-9999.9,000048b02dd3c6d5,registry.sagecontinuum.org/kaludib/waggle-aqt530:1.00,vaisala-aqt530,waggle-aqt530,microgram per cubic meter,W095,core,W095
2026-07-20 06:40:18.759269457+00:00,aqt.particle.pm2.5,0.0,5min,Particulate Matter less than 2.5 microns in diameter,000048b02dd3c6d5.ws-nxcore,waggle-aqt530-5511,-9999.9,000048b02dd3c6d5,registry.sagecontinuum.org/kaludib/waggle-aqt530:1.00,vaisala-aqt530,waggle-aqt530,microgram per cubic meter,W095,core,W095
2026-07-20 06:45:18.955253301+00:00,aqt.particle.pm2.5,0.0,5min,Particulate Matter less than 2.5 microns in diameter,000048b02dd3c6d5.ws-nxcore,waggle-aqt530-5511,-9999.9,000048b02dd3c6d5,registry.sagecontinuum.org/kaludib/waggle-aqt530:1.00,vaisala-aqt530,waggle-aqt530,microgram per cubic meter,W095,core,W095
2026-07-20 06:50:19.144924921+00:00,aqt.particle.pm2.5,0.0,5min,Particulate Matter less than 2.5 microns in diameter,000048b02dd3c6d5.ws-nxcore,waggle-aqt530-5511,-9999.9,000048b02dd3c6d5,registry.sagecontinuum.org/kaludib/waggle-aqt530:1.00,vaisala-aqt530,waggle-aqt530,microgram per cubic meter,W095,core,W095
2026-07-20 06:55:18.348408006+00:00,aqt.particle.pm2.5,0.0,5min,Particulate Matter less than 2.5 microns in diameter,000048b02dd3c6d5.ws-nxcore,waggle-aqt530-5511,-9999.9,000048b02dd3c6d5,registry.sagecontinuum.org/kaludib/waggle-aqt530:1.00,vaisala-aqt530,waggle-aqt530,microgram per cubic meter,W095,core,W095
2026-07-20 07:00:18.557957392+00:00,aqt.particle.pm2.5,0.0,5min,Particulate Matter less than 2.5 microns in diameter,000048b02dd3c6d5.ws-nxcore,waggle-aqt530-5511,-9999.9,000048b02dd3c6d5,registry.sagecontinuum.org/kaludib/waggle-aqt530:1.00,vaisala-aqt530,waggle-aqt530,microgram per cubic meter,W095,core,W095
2026-07-20 07:05:18.771350533+00:00,aqt.particle.pm2.5,0.0,5min,Particulate Matter less than 2.5 microns in diameter,000048b02dd3c6d5.ws-nxcore,waggle-aqt530-5511,-9999.9,000048b02dd3c6d5,registry.sagecontinuum.org/kaludib/waggle-aqt530:1.00,vaisala-aqt530,waggle-aqt530,microgram per cubic meter,W095,core,W095
2026-07-20 07:10:19.022997306+00:00,aqt.particle.pm2.5,0.0,5min,Particulate Matter less than 2.5 microns in diameter,000048b02dd3c6d5.ws-nxcore,waggle-aqt530-5511,-9999.9,000048b02dd3c6d5,registry.sagecontinuum.org/kaludib/waggle-aqt530:1.00,vaisala-aqt530,waggle-aqt530,microgram per cubic meter,W095,core,W095
2026-07-20 07:15:19.252020777+00:00,aqt.particle.pm2.5,0.0,5min,Particulate Matter less than 2.5 microns in diameter,000048b02dd3c6d5.ws-nxcore,waggle-aqt530-5511,-9999.9,000048b02dd3c6d5,registry.sagecontinuum.org/kaludib/waggle-aqt530:1.00,vaisala-aqt530,waggle-aqt530,microgram per cubic meter,W095,core,W095
2026-07-20 07:20:18.478093473+00:00,aqt.particle.pm2.5,0.0,5min,Particulate Matter less than 2.5 microns in diameter,000048b02dd3c6d5.ws-nxcore,waggle-aqt530-5511,-9999.9,000048b02dd3c6d5,registry.sagecontinuum.org/kaludib/waggle-aqt530:1.00,vaisala-aqt530,waggle-aqt530,microgram per cubic meter,W095,core,W095
2026-07-20 07:25:18.706317170+00:00,aqt.particle.pm2.5,0.0,5min,Particulate Matter less than 2.5 microns in diameter,000048b02dd3c6d5.ws-nxcore,waggle-aqt530-5511,-9999.9,000048b02dd3c6d5,registry.sagecontinuum.org/kaludib/waggle-aqt530:1.00,vaisala-aqt530,waggle-aqt530,microgram per cubic meter,W095,core,W095
2026-07-20 07:30:18.929951+00:00,aqt.particle.pm2.5,0.0,5min,Particulate Matter less than 2.5 microns in diameter,000048b02dd3c6d5.ws-nxcore,waggle-aqt530-5511,-9999.9,000048b02dd3c6d5,registry.sagecontinuum.org/kaludib/waggle-aqt530:1.00,vaisala-aqt530,waggle-aqt530,microgram per cubic meter,W095,core,W095
2026-07-20 07:35:19.139392549+00:00,aqt.particle.pm2.5,0.0,5min,Particulate Matter less than 2.5 microns in diameter,000048b02dd3c6d5.ws-nxcore,waggle-aqt530-5511,-9999.9,000048b02dd3c6d5,registry.sagecontinuum.org/kaludib/waggle-aqt530:1.00,vaisala-aqt530,waggle-aqt530,microgram per cubic meter,W095,core,W095
2026-07-20 07:40:18.366728315+00:00,aqt.particle.pm2.5,0.0,5min,Particulate Matter less than 2.5 microns in diameter,000048b02dd3c6d5.ws-nxcore,waggle-aqt530-5511,-9999.9,000048b02dd3c6d5,registry.sagecontinuum.org/kaludib/waggle-aqt530:1.00,vaisala-aqt530,waggle-aqt530,microgram per cubic meter,W095,core,W095
2026-07-20 07:45:18.536283934+00:00,aqt.particle.pm2.5,0.0,5min,Particulate Matter less than 2.5 microns in diameter,000048b02dd3c6d5.ws-nxcore,waggle-aqt530-5511,-9999.9,000048b02dd3c6d5,registry.sagecontinuum.org/kaludib/waggle-aqt530:1.00,vaisala-aqt530,waggle-aqt530,microgram per cubic meter,W095,core,W095
2026-07-20 07:50:18.733439841+00:00,aqt.particle.pm2.5,0.0,5min,Particulate Matter less than 2.5 microns in diameter,000048b02dd3c6d5.ws-nxcore,waggle-aqt530-5511,-9999.9,000048b02dd3c6d5,registry.sagecontinuum.org/kaludib/waggle-aqt530:1.00,vaisala-aqt530,waggle-aqt530,microgram per cubic meter,W095,core,W095
2026-07-20 07:55:18.923609576+00:00,aqt.particle.pm2.5,1.3,5min,Particulate Matter less than 2.5 microns in diameter,000048b02dd3c6d5.ws-nxcore,waggle-aqt530-5511,-9999.9,000048b02dd3c6d5,registry.sagecontinuum.org/kaludib/waggle-aqt530:1.00,vaisala-aqt530,waggle-aqt530,microgram per cubic meter,W095,core,W095
2026-07-20 08:00:19.130891277+00:00,aqt.particle.pm2.5,0.0,5min,Particulate Matter less than 2.5 microns in diameter,000048b02dd3c6d5.ws-nxcore,waggle-aqt530-5511,-9999.9,000048b02dd3c6d5,registry.sagecontinuum.org/kaludib/waggle-aqt530:1.00,vaisala-aqt530,waggle-aqt530,microgram per cubic meter,W095,core,W095
2026-07-20 08:05:18.334403857+00:00,aqt.particle.pm2.5,1.1,5min,Particulate Matter less than 2.5 microns in diameter,000048b02dd3c6d5.ws-nxcore,waggle-aqt530-5511,-9999.9,000048b02dd3c6d5,registry.sagecontinuum.org/kaludib/waggle-aqt530:1.00,vaisala-aqt530,waggle-aqt530,microgram per cubic meter,W095,core,W095
2026-07-20 08:10:18.546088343+00:00,aqt.particle.pm2.5,0.7,5min,Particulate Matter less than 2.5 microns in diameter,000048b02dd3c6d5.ws-nxcore,waggle-aqt530-5511,-9999.9,000048b02dd3c6d5,registry.sagecontinuum.org/kaludib/waggle-aqt530:1.00,vaisala-aqt530,waggle-aqt530,microgram per cubic meter,W095,core,W095
2026-07-20 08:15:18.765255473+00:00,aqt.particle.pm2.5,0.0,5min,Particulate Matter less than 2.5 microns in diameter,000048b02dd3c6d5.ws-nxcore,waggle-aqt530-5511,-9999.9,000048b02dd3c6d5,registry.sagecontinuum.org/kaludib/waggle-aqt530:1.00,vaisala-aqt530,waggle-aqt530,microgram per cubic meter,W095,core,W095
2026-07-20 08:20:18.984858255+00:00,aqt.particle.pm2.5,0.7,5min,Particulate Matter less than 2.5 microns in diameter,000048b02dd3c6d5.ws-nxcore,waggle-aqt530-5511,-9999.9,000048b02dd3c6d5,registry.sagecontinuum.org/kaludib/waggle-aqt530:1.00,vaisala-aqt530,waggle-aqt530,microgram per cubic meter,W095,core,W095
2026-07-20 08:25:18.204265011+00:00,aqt.particle.pm2.5,0.6,5min,Particulate Matter less than 2.5 microns in diameter,000048b02dd3c6d5.ws-nxcore,waggle-aqt530-5511,-9999.9,000048b02dd3c6d5,registry.sagecontinuum.org/kaludib/waggle-aqt530:1.00,vaisala-aqt530,waggle-aqt530,microgram per cubic meter,W095,core,W095
2026-07-20 08:30:18.425918693+00:00,aqt.particle.pm2.5,0.6,5min,Particulate Matter less than 2.5 microns in diameter,000048b02dd3c6d5.ws-nxcore,waggle-aqt530-5511,-9999.9,000048b02dd3c6d5,registry.sagecontinuum.org/kaludib/waggle-aqt530:1.00,vaisala-aqt530,waggle-aqt530,microgram per cubic meter,W095,core,W095
2026-07-20 08:35:18.645114043+00:00,aqt.particle.pm2.5,0.7,5min,Particulate Matter less than 2.5 microns in diameter,000048b02dd3c6d5.ws-nxcore,waggle-aqt530-5511,-9999.9,000048b02dd3c6d5,registry.sagecontinuum.org/kaludib/waggle-aqt530:1.00,vaisala-aqt530,waggle-aqt530,microgram per cubic meter,W095,core,W095
2026-07-20 08:40:18.849464096+00:00,aqt.particle.pm2.5,0.9,5min,Particulate Matter less than 2.5 microns in diameter,000048b02dd3c6d5.ws-nxcore,waggle-aqt530-5511,-9999.9,000048b02dd3c6d5,registry.sagecontinuum.org/kaludib/waggle-aqt530:1.00,vaisala-aqt530,waggle-aqt530,microgram per cubic meter,W095,core,W095
2026-07-20 08:45:19.067842155+00:00,aqt.particle.pm2.5,0.6,5min,Particulate Matter less than 2.5 microns in diameter,000048b02dd3c6d5.ws-nxcore,waggle-aqt530-5511,-9999.9,000048b02dd3c6d5,registry.sagecontinuum.org/kaludib/waggle-aqt530:1.00,vaisala-aqt530,waggle-aqt530,microgram per cubic meter,W095,core,W095
2026-07-20 08:50:18.284877033+00:00,aqt.particle.pm2.5,0.4,5min,Particulate Matter less than 2.5 microns in diameter,000048b02dd3c6d5.ws-nxcore,waggle-aqt530-5511,-9999.9,000048b02dd3c6d5,registry.sagecontinuum.org/kaludib/waggle-aqt530:1.00,vaisala-aqt530,waggle-aqt530,microgram per cubic meter,W095,core,W095
2026-07-20 08:55:18.498653583+00:00,aqt.particle.pm2.5,0.5,5min,Particulate Matter less than 2.5 microns in diameter,000048b02dd3c6d5.ws-nxcore,waggle-aqt530-5511,-9999.9,000048b02dd3c6d5,registry.sagecontinuum.org/kaludib/waggle-aqt530:1.00,vaisala-aqt530,waggle-aqt530,microgram per cubic meter,W095,core,W095
2026-07-20 09:00:18.717901705+00:00,aqt.particle.pm2.5,0.6,5min,Particulate Matter less than 2.5 microns in diameter,000048b02dd3c6d5.ws-nxcore,waggle-aqt530-5511,-9999.9,000048b02dd3c6d5,registry.sagecontinuum.org/kaludib/waggle-aqt530:1.00,vaisala-aqt530,waggle-aqt530,microgram per cubic meter,W095,core,W095
2026-07-20 09:05:18.921456947+00:00,aqt.particle.pm2.5,1.0,5min,Particulate Matter less than 2.5 microns in diameter,000048b02dd3c6d5.ws-nxcore,waggle-aqt530-5511,-9999.9,000048b02dd3c6d5,registry.sagecontinuum.org/kaludib/waggle-aqt530:1.00,vaisala-aqt530,waggle-aqt530,microgram per cubic meter,W095,core,W095
2026-07-20 09:10:19.139146480+00:00,aqt.particle.pm2.5,1.2,5min,Particulate Matter less than 2.5 microns in diameter,000048b02dd3c6d5.ws-nxcore,waggle-aqt530-5511,-9999.9,000048b02dd3c6d5,registry.sagecontinuum.org/kaludib/waggle-aqt530:1.00,vaisala-aqt530,waggle-aqt530,microgram per cubic meter,W095,core,W095
2026-07-20 09:15:18.350080401+00:00,aqt.particle.pm2.5,0.5,5min,Particulate Matter less than 2.5 microns in diameter,000048b02dd3c6d5.ws-nxcore,waggle-aqt530-5511,-9999.9,000048b02dd3c6d5,registry.sagecontinuum.org/kaludib/waggle-aqt530:1.00,vaisala-aqt530,waggle-aqt530,microgram per cubic meter,W095,core,W095
2026-07-20 09:20:18.569115982+00:00,aqt.particle.pm2.5,0.2,5min,Particulate Matter less than 2.5 microns in diameter,000048b02dd3c6d5.ws-nxcore,waggle-aqt530-5511,-9999.9,000048b02dd3c6d5,registry.sagecontinuum.org/kaludib/waggle-aqt530:1.00,vaisala-aqt530,waggle-aqt530,microgram per cubic meter,W095,core,W095
2026-07-20 09:25:18.773759318+00:00,aqt.particle.pm2.5,0.4,5min,Particulate Matter less than 2.5 microns in diameter,000048b02dd3c6d5.ws-nxcore,waggle-aqt530-5511,-9999.9,000048b02dd3c6d5,registry.sagecontinuum.org/kaludib/waggle-aqt530:1.00,vaisala-aqt530,waggle-aqt530,microgram per cubic meter,W095,core,W095
2026-07-20 09:30:18.995318051+00:00,aqt.particle.pm2.5,0.3,5min,Particulate Matter less than 2.5 microns in diameter,000048b02dd3c6d5.ws-nxcore,waggle-aqt530-5511,-9999.9,000048b02dd3c6d5,registry.sagecontinuum.org/kaludib/waggle-aqt530:1.00,vaisala-aqt530,waggle-aqt530,microgram per cubic meter,W095,core,W095
2026-07-20 09:35:18.208318794+00:00,aqt.particle.pm2.5,0.4,5min,Particulate Matter less than 2.5 microns in diameter,000048b02dd3c6d5.ws-nxcore,waggle-aqt530-5511,-9999.9,000048b02dd3c6d5,registry.sagecontinuum.org/kaludib/waggle-aqt530:1.00,vaisala-aqt530,waggle-aqt530,microgram per cubic meter,W095,core,W095
2026-07-20 09:40:18.427677638+00:00,aqt.particle.pm2.5,0.4,5min,Particulate Matter less than 2.5 microns in diameter,000048b02dd3c6d5.ws-nxcore,waggle-aqt530-5511,-9999.9,000048b02dd3c6d5,registry.sagecontinuum.org/kaludib/waggle-aqt530:1.00,vaisala-aqt530,waggle-aqt530,microgram per cubic meter,W095,core,W095
2026-07-20 09:45:18.632453081+00:00,aqt.particle.pm2.5,0.3,5min,Particulate Matter less than 2.5 microns in diameter,000048b02dd3c6d5.ws-nxcore,waggle-aqt530-5511,-9999.9,000048b02dd3c6d5,registry.sagecontinuum.org/kaludib/waggle-aqt530:1.00,vaisala-aqt530,waggle-aqt530,microgram per cubic meter,W095,core,W095
2026-07-20 09:50:18.851496283+00:00,aqt.particle.pm2.5,0.5,5min,Particulate Matter less than 2.5 microns in diameter,000048b02dd3c6d5.ws-nxcore,waggle-aqt530-5511,-9999.9,000048b02dd3c6d5,registry.sagecontinuum.org/kaludib/waggle-aqt530:1.00,vaisala-aqt530,waggle-aqt530,microgram per cubic meter,W095,core,W095
2026-07-20 09:55:19.068624807+00:00,aqt.particle.pm2.5,0.1,5min,Particulate Matter less than 2.5 microns in diameter,000048b02dd3c6d5.ws-nxcore,waggle-aqt530-5511,-9999.9,000048b02dd3c6d5,registry.sagecontinuum.org/kaludib/waggle-aqt530:1.00,vaisala-aqt530,waggle-aqt530,microgram per cubic meter,W095,core,W095
2026-07-20 10:00:18.304438622+00:00,aqt.particle.pm2.5,0.9,5min,Particulate Matter less than 2.5 microns in diameter,000048b02dd3c6d5.ws-nxcore,waggle-aqt530-5511,-9999.9,000048b02dd3c6d5,registry.sagecontinuum.org/kaludib/waggle-aqt530:1.00,vaisala-aqt530,waggle-aqt530,microgram per cubic meter,W095,core,W095
2026-07-20 10:05:18.546601566+00:00,aqt.particle.pm2.5,0.9,5min,Particulate Matter less than 2.5 microns in diameter,000048b02dd3c6d5.ws-nxcore,waggle-aqt530-5511,-9999.9,000048b02dd3c6d5,registry.sagecontinuum.org/kaludib/waggle-aqt530:1.00,vaisala-aqt530,waggle-aqt530,microgram per cubic meter,W095,core,W095
2026-07-20 10:10:18.768663272+00:00,aqt.particle.pm2.5,0.6,5min,Particulate Matter less than 2.5 microns in diameter,000048b02dd3c6d5.ws-nxcore,waggle-aqt530-5511,-9999.9,000048b02dd3c6d5,registry.sagecontinuum.org/kaludib/waggle-aqt530:1.00,vaisala-aqt530,waggle-aqt530,microgram per cubic meter,W095,core,W095
2026-07-20 10:15:18.997121489+00:00,aqt.particle.pm2.5,0.9,5min,Particulate Matter less than 2.5 microns in diameter,000048b02dd3c6d5.ws-nxcore,waggle-aqt530-5511,-9999.9,000048b02dd3c6d5,registry.sagecontinuum.org/kaludib/waggle-aqt530:1.00,vaisala-aqt530,waggle-aqt530,microgram per cubic meter,W095,core,W095
2026-07-20 10:20:18.217695109+00:00,aqt.particle.pm2.5,1.3,5min,Particulate Matter less than 2.5 microns in diameter,000048b02dd3c6d5.ws-nxcore,waggle-aqt530-5511,-9999.9,000048b02dd3c6d5,registry.sagecontinuum.org/kaludib/waggle-aqt530:1.00,vaisala-aqt530,waggle-aqt530,microgram per cubic meter,W095,core,W095
2026-07-20 10:25:18.443997934+00:00,aqt.particle.pm2.5,0.2,5min,Particulate Matter less than 2.5 microns in diameter,000048b02dd3c6d5.ws-nxcore,waggle-aqt530-5511,-9999.9,000048b02dd3c6d5,registry.sagecontinuum.org/kaludib/waggle-aqt530:1.00,vaisala-aqt530,waggle-aqt530,microgram per cubic meter,W095,core,W095
2026-07-20 10:30:18.655735171+00:00,aqt.particle.pm2.5,0.3,5min,Particulate Matter less than 2.5 microns in diameter,000048b02dd3c6d5.ws-nxcore,waggle-aqt530-5511,-9999.9,000048b02dd3c6d5,registry.sagecontinuum.org/kaludib/waggle-aqt530:1.00,vaisala-aqt530,waggle-aqt530,microgram per cubic meter,W095,core,W095
2026-07-20 10:35:18.897247901+00:00,aqt.particle.pm2.5,0.5,5min,Particulate Matter less than 2.5 microns in diameter,000048b02dd3c6d5.ws-nxcore,waggle-aqt530-5511,-9999.9,000048b02dd3c6d5,registry.sagecontinuum.org/kaludib/waggle-aqt530:1.00,vaisala-aqt530,waggle-aqt530,microgram per cubic meter,W095,core,W095
2026-07-20 10:40:19.133143286+00:00,aqt.particle.pm2.5,0.4,5min,Particulate Matter less than 2.5 microns in diameter,000048b02dd3c6d5.ws-nxcore,waggle-aqt530-5511,-9999.9,000048b02dd3c6d5,registry.sagecontinuum.org/kaludib/waggle-aqt530:1.00,vaisala-aqt530,waggle-aqt530,microgram per cubic meter,W095,core,W095
2026-07-20 10:45:18.358265704+00:00,aqt.particle.pm2.5,1.0,5min,Particulate Matter less than 2.5 microns in diameter,000048b02dd3c6d5.ws-nxcore,waggle-aqt530-5511,-9999.9,000048b02dd3c6d5,registry.sagecontinuum.org/kaludib/waggle-aqt530:1.00,vaisala-aqt530,waggle-aqt530,microgram per cubic meter,W095,core,W095
2026-07-20 10:50:18.588049510+00:00,aqt.particle.pm2.5,0.8,5min,Particulate Matter less than 2.5 microns in diameter,000048b02dd3c6d5.ws-nxcore,waggle-aqt530-5511,-9999.9,000048b02dd3c6d5,registry.sagecontinuum.org/kaludib/waggle-aqt530:1.00,vaisala-aqt530,waggle-aqt530,microgram per cubic meter,W095,core,W095
2026-07-20 10:55:18.804082940+00:00,aqt.particle.pm2.5,1.2,5min,Particulate Matter less than 2.5 microns in diameter,000048b02dd3c6d5.ws-nxcore,waggle-aqt530-5511,-9999.9,000048b02dd3c6d5,registry.sagecontinuum.org/kaludib/waggle-aqt530:1.00,vaisala-aqt530,waggle-aqt530,microgram per cubic meter,W095,core,W095
2026-07-20 11:00:19.030322759+00:00,aqt.particle.pm2.5,1.0,5min,Particulate Matter less than 2.5 microns in diameter,000048b02dd3c6d5.ws-nxcore,waggle-aqt530-5511,-9999.9,000048b02dd3c6d5,registry.sagecontinuum.org/kaludib/waggle-aqt530:1.00,vaisala-aqt530,waggle-aqt530,microgram per cubic meter,W095,core,W095
2026-07-20 11:05:18.239454862+00:00,aqt.particle.pm2.5,1.1,5min,Particulate Matter less than 2.5 microns in diameter,000048b02dd3c6d5.ws-nxcore,waggle-aqt530-5511,-9999.9,000048b02dd3c6d5,registry.sagecontinuum.org/kaludib/waggle-aqt530:1.00,vaisala-aqt530,waggle-aqt530,microgram per cubic meter,W095,core,W095
2026-07-20 11:10:18.337648352+00:00,aqt.particle.pm2.5,1.2,5min,Particulate Matter less than 2.5 microns in diameter,000048b02dd3c6d5.ws-nxcore,waggle-aqt530-5511,-9999.9,000048b02dd3c6d5,registry.sagecontinuum.org/kaludib/waggle-aqt530:1.00,vaisala-aqt530,waggle-aqt530,microgram per cubic meter,W095,core,W095
2026-07-20 11:15:18.494209437+00:00,aqt.particle.pm2.5,1.0,5min,Particulate Matter less than 2.5 microns in diameter,000048b02dd3c6d5.ws-nxcore,waggle-aqt530-5511,-9999.9,000048b02dd3c6d5,registry.sagecontinuum.org/kaludib/waggle-aqt530:1.00,vaisala-aqt530,waggle-aqt530,microgram per cubic meter,W095,core,W095
2026-07-20 11:20:18.688097011+00:00,aqt.particle.pm2.5,1.3,5min,Particulate Matter less than 2.5 microns in diameter,000048b02dd3c6d5.ws-nxcore,waggle-aqt530-5511,-9999.9,000048b02dd3c6d5,registry.sagecontinuum.org/kaludib/waggle-aqt530:1.00,vaisala-aqt530,waggle-aqt530,microgram per cubic meter,W095,core,W095
2026-07-20 11:25:18.905822041+00:00,aqt.particle.pm2.5,1.1,5min,Particulate Matter less than 2.5 microns in diameter,000048b02dd3c6d5.ws-nxcore,waggle-aqt530-5511,-9999.9,000048b02dd3c6d5,registry.sagecontinuum.org/kaludib/waggle-aqt530:1.00,vaisala-aqt530,waggle-aqt530,microgram per cubic meter,W095,core,W095
2026-07-20 11:30:18.120086302+00:00,aqt.particle.pm2.5,1.3,5min,Particulate Matter less than 2.5 microns in diameter,000048b02dd3c6d5.ws-nxcore,waggle-aqt530-5511,-9999.9,000048b02dd3c6d5,registry.sagecontinuum.org/kaludib/waggle-aqt530:1.00,vaisala-aqt530,waggle-aqt530,microgram per cubic meter,W095,core,W095
2026-07-20 11:35:18.319254173+00:00,aqt.particle.pm2.5,1.3,5min,Particulate Matter less than 2.5 microns in diameter,000048b02dd3c6d5.ws-nxcore,waggle-aqt530-5511,-9999.9,000048b02dd3c6d5,registry.sagecontinuum.org/kaludib/waggle-aqt530:1.00,vaisala-aqt530,waggle-aqt530,microgram per cubic meter,W095,core,W095
2026-07-20 11:40:18.530280809+00:00,aqt.particle.pm2.5,1.4,5min,Particulate Matter less than 2.5 microns in diameter,000048b02dd3c6d5.ws-nxcore,waggle-aqt530-5511,-9999.9,000048b02dd3c6d5,registry.sagecontinuum.org/kaludib/waggle-aqt530:1.00,vaisala-aqt530,waggle-aqt530,microgram per cubic meter,W095,core,W095
2026-07-20 11:45:18.740055651+00:00,aqt.particle.pm2.5,0.4,5min,Particulate Matter less than 2.5 microns in diameter,000048b02dd3c6d5.ws-nxcore,waggle-aqt530-5511,-9999.9,000048b02dd3c6d5,registry.sagecontinuum.org/kaludib/waggle-aqt530:1.00,vaisala-aqt530,waggle-aqt530,microgram per cubic meter,W095,core,W095
2026-07-20 11:50:18.933608809+00:00,aqt.particle.pm2.5,0.7,5min,Particulate Matter less than 2.5 microns in diameter,000048b02dd3c6d5.ws-nxcore,waggle-aqt530-5511,-9999.9,000048b02dd3c6d5,registry.sagecontinuum.org/kaludib/waggle-aqt530:1.00,vaisala-aqt530,waggle-aqt530,microgram per cubic meter,W095,core,W095
2026-07-20 11:55:18.148690757+00:00,aqt.particle.pm2.5,1.5,5min,Particulate Matter less than 2.5 microns in diameter,000048b02dd3c6d5.ws-nxcore,waggle-aqt530-5511,-9999.9,000048b02dd3c6d5,registry.sagecontinuum.org/kaludib/waggle-aqt530:1.00,vaisala-aqt530,waggle-aqt530,microgram per cubic meter,W095,core,W095
2026-07-20 12:00:18.342115391+00:00,aqt.particle.pm2.5,2.4,5min,Particulate Matter less than 2.5 microns in diameter,000048b02dd3c6d5.ws-nxcore,waggle-aqt530-5511,-9999.9,000048b02dd3c6d5,registry.sagecontinuum.org/kaludib/waggle-aqt530:1.00,vaisala-aqt530,waggle-aqt530,microgram per cubic meter,W095,core,W095
2026-07-20 12:05:18.551278492+00:00,aqt.particle.pm2.5,2.6,5min,Particulate Matter less than 2.5 microns in diameter,000048b02dd3c6d5.ws-nxcore,waggle-aqt530-5511,-9999.9,000048b02dd3c6d5,registry.sagecontinuum.org/kaludib/waggle-aqt530:1.00,vaisala-aqt530,waggle-aqt530,microgram per cubic meter,W095,core,W095
2026-07-20 12:10:18.756061800+00:00,aqt.particle.pm2.5,3.0,5min,Particulate Matter less than 2.5 microns in diameter,000048b02dd3c6d5.ws-nxcore,waggle-aqt530-5511,-9999.9,000048b02dd3c6d5,registry.sagecontinuum.org/kaludib/waggle-aqt530:1.00,vaisala-aqt530,waggle-aqt530,microgram per cubic meter,W095,core,W095
2026-07-20 12:15:18.009449701+00:00,aqt.particle.pm2.5,3.0,5min,Particulate Matter less than 2.5 microns in diameter,000048b02dd3c6d5.ws-nxcore,waggle-aqt530-5511,-9999.9,000048b02dd3c6d5,registry.sagecontinuum.org/kaludib/waggle-aqt530:1.00,vaisala-aqt530,waggle-aqt530,microgram per cubic meter,W095,core,W095
2026-07-20 12:20:18.282664668+00:00,aqt.particle.pm2.5,2.0,5min,Particulate Matter less than 2.5 microns in diameter,000048b02dd3c6d5.ws-nxcore,waggle-aqt530-5511,-9999.9,000048b02dd3c6d5,registry.sagecontinuum.org/kaludib/waggle-aqt530:1.00,vaisala-aqt530,waggle-aqt530,microgram per cubic meter,W095,core,W095
2026-07-20 12:25:18.520004596+00:00,aqt.particle.pm2.5,1.6,5min,Particulate Matter less than 2.5 microns in diameter,000048b02dd3c6d5.ws-nxcore,waggle-aqt530-5511,-9999.9,000048b02dd3c6d5,registry.sagecontinuum.org/kaludib/waggle-aqt530:1.00,vaisala-aqt530,waggle-aqt530,microgram per cubic meter,W095,core,W095
2026-07-20 12:30:18.753021742+00:00,aqt.particle.pm2.5,0.6,5min,Particulate Matter less than 2.5 microns in diameter,000048b02dd3c6d5.ws-nxcore,waggle-aqt530-5511,-9999.9,000048b02dd3c6d5,registry.sagecontinuum.org/kaludib/waggle-aqt530:1.00,vaisala-aqt530,waggle-aqt530,microgram per cubic meter,W095,core,W095
2026-07-20 12:35:18.946149998+00:00,aqt.particle.pm2.5,0.6,5min,Particulate Matter less than 2.5 microns in diameter,000048b02dd3c6d5.ws-nxcore,waggle-aqt530-5511,-9999.9,000048b02dd3c6d5,registry.sagecontinuum.org/kaludib/waggle-aqt530:1.00,vaisala-aqt530,waggle-aqt530,microgram per cubic meter,W095,core,W095
2026-07-20 12:40:18.155730643+00:00,aqt.particle.pm2.5,0.6,5min,Particulate Matter less than 2.5 microns in diameter,000048b02dd3c6d5.ws-nxcore,waggle-aqt530-5511,-9999.9,000048b02dd3c6d5,registry.sagecontinuum.org/kaludib/waggle-aqt530:1.00,vaisala-aqt530,waggle-aqt530,microgram per cubic meter,W095,core,W095
2026-07-20 12:45:18.374894090+00:00,aqt.particle.pm2.5,0.6,5min,Particulate Matter less than 2.5 microns in diameter,000048b02dd3c6d5.ws-nxcore,waggle-aqt530-5511,-9999.9,000048b02dd3c6d5,registry.sagecontinuum.org/kaludib/waggle-aqt530:1.00,vaisala-aqt530,waggle-aqt530,microgram per cubic meter,W095,core,W095
2026-07-20 12:50:18.596872946+00:00,aqt.particle.pm2.5,0.6,5min,Particulate Matter less than 2.5 microns in diameter,000048b02dd3c6d5.ws-nxcore,waggle-aqt530-5511,-9999.9,000048b02dd3c6d5,registry.sagecontinuum.org/kaludib/waggle-aqt530:1.00,vaisala-aqt530,waggle-aqt530,microgram per cubic meter,W095,core,W095
2026-07-20 12:55:18.805911598+00:00,aqt.particle.pm2.5,4.7,5min,Particulate Matter less than 2.5 microns in diameter,000048b02dd3c6d5.ws-nxcore,waggle-aqt530-5511,-9999.9,000048b02dd3c6d5,registry.sagecontinuum.org/kaludib/waggle-aqt530:1.00,vaisala-aqt530,waggle-aqt530,microgram per cubic meter,W095,core,W095
2026-07-20 13:00:18.023563119+00:00,aqt.particle.pm2.5,2.0,5min,Particulate Matter less than 2.5 microns in diameter,000048b02dd3c6d5.ws-nxcore,waggle-aqt530-5511,-9999.9,000048b02dd3c6d5,registry.sagecontinuum.org/kaludib/waggle-aqt530:1.00,vaisala-aqt530,waggle-aqt530,microgram per cubic meter,W095,core,W095
2026-07-20 13:05:18.246273803+00:00,aqt.particle.pm2.5,0.1,5min,Particulate Matter less than 2.5 microns in diameter,000048b02dd3c6d5.ws-nxcore,waggle-aqt530-5511,-9999.9,000048b02dd3c6d5,registry.sagecontinuum.org/kaludib/waggle-aqt530:1.00,vaisala-aqt530,waggle-aqt530,microgram per cubic meter,W095,core,W095
2026-07-20 13:10:18.458187897+00:00,aqt.particle.pm2.5,0.1,5min,Particulate Matter less than 2.5 microns in diameter,000048b02dd3c6d5.ws-nxcore,waggle-aqt530-5511,-9999.9,000048b02dd3c6d5,registry.sagecontinuum.org/kaludib/waggle-aqt530:1.00,vaisala-aqt530,waggle-aqt530,microgram per cubic meter,W095,core,W095
2026-07-20 13:15:18.660985097+00:00,aqt.particle.pm2.5,0.2,5min,Particulate Matter less than 2.5 microns in diameter,000048b02dd3c6d5.ws-nxcore,waggle-aqt530-5511,-9999.9,000048b02dd3c6d5,registry.sagecontinuum.org/kaludib/waggle-aqt530:1.00,vaisala-aqt530,waggle-aqt530,microgram per cubic meter,W095,core,W095
2026-07-20 13:20:18.881257054+00:00,aqt.particle.pm2.5,3.1,5min,Particulate Matter less than 2.5 microns in diameter,000048b02dd3c6d5.ws-nxcore,waggle-aqt530-5511,-9999.9,000048b02dd3c6d5,registry.sagecontinuum.org/kaludib/waggle-aqt530:1.00,vaisala-aqt530,waggle-aqt530,microgram per cubic meter,W095,core,W095
2026-07-20 13:25:18.095706418+00:00,aqt.particle.pm2.5,2.0,5min,Particulate Matter less than 2.5 microns in diameter,000048b02dd3c6d5.ws-nxcore,waggle-aqt530-5511,-9999.9,000048b02dd3c6d5,registry.sagecontinuum.org/kaludib/waggle-aqt530:1.00,vaisala-aqt530,waggle-aqt530,microgram per cubic meter,W095,core,W095
2026-07-20 13:30:18.317144279+00:00,aqt.particle.pm2.5,3.3,5min,Particulate Matter less than 2.5 microns in diameter,000048b02dd3c6d5.ws-nxcore,waggle-aqt530-5511,-9999.9,000048b02dd3c6d5,registry.sagecontinuum.org/kaludib/waggle-aqt530:1.00,vaisala-aqt530,waggle-aqt530,microgram per cubic meter,W095,core,W095
2026-07-20 13:35:18.524422965+00:00,aqt.particle.pm2.5,1.7,5min,Particulate Matter less than 2.5 microns in diameter,000048b02dd3c6d5.ws-nxcore,waggle-aqt530-5511,-9999.9,000048b02dd3c6d5,registry.sagecontinuum.org/kaludib/waggle-aqt530:1.00,vaisala-aqt530,waggle-aqt530,microgram per cubic meter,W095,core,W095
2026-07-20 13:40:18.745608596+00:00,aqt.particle.pm2.5,1.9,5min,Particulate Matter less than 2.5 microns in diameter,000048b02dd3c6d5.ws-nxcore,waggle-aqt530-5511,-9999.9,000048b02dd3c6d5,registry.sagecontinuum.org/kaludib/waggle-aqt530:1.00,vaisala-aqt530,waggle-aqt530,microgram per cubic meter,W095,core,W095
2026-07-20 13:45:18.963739645+00:00,aqt.particle.pm2.5,1.4,5min,Particulate Matter less than 2.5 microns in diameter,000048b02dd3c6d5.ws-nxcore,waggle-aqt530-5511,-9999.9,000048b02dd3c6d5,registry.sagecontinuum.org/kaludib/waggle-aqt530:1.00,vaisala-aqt530,waggle-aqt530,microgram per cubic meter,W095,core,W095
2026-07-20 13:50:18.176980631+00:00,aqt.particle.pm2.5,5.0,5min,Particulate Matter less than 2.5 microns in diameter,000048b02dd3c6d5.ws-nxcore,waggle-aqt530-5511,-9999.9,000048b02dd3c6d5,registry.sagecontinuum.org/kaludib/waggle-aqt530:1.00,vaisala-aqt530,waggle-aqt530,microgram per cubic meter,W095,core,W095
2026-07-20 13:55:18.384768624+00:00,aqt.particle.pm2.5,2.8,5min,Particulate Matter less than 2.5 microns in diameter,000048b02dd3c6d5.ws-nxcore,waggle-aqt530-5511,-9999.9,000048b02dd3c6d5,registry.sagecontinuum.org/kaludib/waggle-aqt530:1.00,vaisala-aqt530,waggle-aqt530,microgram per cubic meter,W095,core,W095
2026-07-20 14:00:18.607595165+00:00,aqt.particle.pm2.5,3.3,5min,Particulate Matter less than 2.5 microns in diameter,000048b02dd3c6d5.ws-nxcore,waggle-aqt530-5511,-9999.9,000048b02dd3c6d5,registry.sagecontinuum.org/kaludib/waggle-aqt530:1.00,vaisala-aqt530,waggle-aqt530,microgram per cubic meter,W095,core,W095
2026-07-20 14:05:18.827366670+00:00,aqt.particle.pm2.5,0.4,5min,Particulate Matter less than 2.5 microns in diameter,000048b02dd3c6d5.ws-nxcore,waggle-aqt530-5511,-9999.9,000048b02dd3c6d5,registry.sagecontinuum.org/kaludib/waggle-aqt530:1.00,vaisala-aqt530,waggle-aqt530,microgram per cubic meter,W095,core,W095
2026-07-20 14:10:18.043258642+00:00,aqt.particle.pm2.5,4.5,5min,Particulate Matter less than 2.5 microns in diameter,000048b02dd3c6d5.ws-nxcore,waggle-aqt530-5511,-9999.9,000048b02dd3c6d5,registry.sagecontinuum.org/kaludib/waggle-aqt530:1.00,vaisala-aqt530,waggle-aqt530,microgram per cubic meter,W095,core,W095
2026-07-20 14:15:18.253563564+00:00,aqt.particle.pm2.5,3.4,5min,Particulate Matter less than 2.5 microns in diameter,000048b02dd3c6d5.ws-nxcore,waggle-aqt530-5511,-9999.9,000048b02dd3c6d5,registry.sagecontinuum.org/kaludib/waggle-aqt530:1.00,vaisala-aqt530,waggle-aqt530,microgram per cubic meter,W095,core,W095
2026-07-20 14:20:18.443293668+00:00,aqt.particle.pm2.5,5.7,5min,Particulate Matter less than 2.5 microns in diameter,000048b02dd3c6d5.ws-nxcore,waggle-aqt530-5511,-9999.9,000048b02dd3c6d5,registry.sagecontinuum.org/kaludib/waggle-aqt530:1.00,vaisala-aqt530,waggle-aqt530,microgram per cubic meter,W095,core,W095
2026-07-20 14:25:18.654809788+00:00,aqt.particle.pm2.5,9.4,5min,Particulate Matter less than 2.5 microns in diameter,000048b02dd3c6d5.ws-nxcore,waggle-aqt530-5511,-9999.9,000048b02dd3c6d5,registry.sagecontinuum.org/kaludib/waggle-aqt530:1.00,vaisala-aqt530,waggle-aqt530,microgram per cubic meter,W095,core,W095
2026-07-20 14:30:18.855990619+00:00,aqt.particle.pm2.5,12.2,5min,Particulate Matter less than 2.5 microns in diameter,000048b02dd3c6d5.ws-nxcore,waggle-aqt530-5511,-9999.9,000048b02dd3c6d5,registry.sagecontinuum.org/kaludib/waggle-aqt530:1.00,vaisala-aqt530,waggle-aqt530,microgram per cubic meter,W095,core,W095
2026-07-20 14:35:18.065460279+00:00,aqt.particle.pm2.5,6.7,5min,Particulate Matter less than 2.5 microns in diameter,000048b02dd3c6d5.ws-nxcore,waggle-aqt530-5511,-9999.9,000048b02dd3c6d5,registry.sagecontinuum.org/kaludib/waggle-aqt530:1.00,vaisala-aqt530,waggle-aqt530,microgram per cubic meter,W095,core,W095
2026-07-20 14:40:18.283684860+00:00,aqt.particle.pm2.5,10.7,5min,Particulate Matter less than 2.5 microns in diameter,000048b02dd3c6d5.ws-nxcore,waggle-aqt530-5511,-9999.9,000048b02dd3c6d5,registry.sagecontinuum.org/kaludib/waggle-aqt530:1.00,vaisala-aqt530,waggle-aqt530,microgram per cubic meter,W095,core,W095
2026-07-20 14:45:18.502608442+00:00,aqt.particle.pm2.5,13.8,5min,Particulate Matter less than 2.5 microns in diameter,000048b02dd3c6d5.ws-nxcore,waggle-aqt530-5511,-9999.9,000048b02dd3c6d5,registry.sagecontinuum.org/kaludib/waggle-aqt530:1.00,vaisala-aqt530,waggle-aqt530,microgram per cubic meter,W095,core,W095
2026-07-20 14:50:18.707161406+00:00,aqt.particle.pm2.5,2.1,5min,Particulate Matter less than 2.5 microns in diameter,000048b02dd3c6d5.ws-nxcore,waggle-aqt530-5511,-9999.9,000048b02dd3c6d5,registry.sagecontinuum.org/kaludib/waggle-aqt530:1.00,vaisala-aqt530,waggle-aqt530,microgram per cubic meter,W095,core,W095
2026-07-20 14:55:17.919939038+00:00,aqt.particle.pm2.5,13.6,5min,Particulate Matter less than 2.5 microns in diameter,000048b02dd3c6d5.ws-nxcore,waggle-aqt530-5511,-9999.9,000048b02dd3c6d5,registry.sagecontinuum.org/kaludib/waggle-aqt530:1.00,vaisala-aqt530,waggle-aqt530,microgram per cubic meter,W095,core,W095
2026-07-20 15:00:18.138559733+00:00,aqt.particle.pm2.5,2.7,5min,Particulate Matter less than 2.5 microns in diameter,000048b02dd3c6d5.ws-nxcore,waggle-aqt530-5511,-9999.9,000048b02dd3c6d5,registry.sagecontinuum.org/kaludib/waggle-aqt530:1.00,vaisala-aqt530,waggle-aqt530,microgram per cubic meter,W095,core,W095
2026-07-20 15:05:18.373516299+00:00,aqt.particle.pm2.5,0.3,5min,Particulate Matter less than 2.5 microns in diameter,000048b02dd3c6d5.ws-nxcore,waggle-aqt530-5511,-9999.9,000048b02dd3c6d5,registry.sagecontinuum.org/kaludib/waggle-aqt530:1.00,vaisala-aqt530,waggle-aqt530,microgram per cubic meter,W095,core,W095
2026-07-20 15:10:18.613772707+00:00,aqt.particle.pm2.5,0.5,5min,Particulate Matter less than 2.5 microns in diameter,000048b02dd3c6d5.ws-nxcore,waggle-aqt530-5511,-9999.9,000048b02dd3c6d5,registry.sagecontinuum.org/kaludib/waggle-aqt530:1.00,vaisala-aqt530,waggle-aqt530,microgram per cubic meter,W095,core,W095
2026-07-20 15:15:18.850022918+00:00,aqt.particle.pm2.5,0.5,5min,Particulate Matter less than 2.5 microns in diameter,000048b02dd3c6d5.ws-nxcore,waggle-aqt530-5511,-9999.9,000048b02dd3c6d5,registry.sagecontinuum.org/kaludib/waggle-aqt530:1.00,vaisala-aqt530,waggle-aqt530,microgram per cubic meter,W095,core,W095
2026-07-20 15:20:18.073785508+00:00,aqt.particle.pm2.5,0.3,5min,Particulate Matter less than 2.5 microns in diameter,000048b02dd3c6d5.ws-nxcore,waggle-aqt530-5511,-9999.9,000048b02dd3c6d5,registry.sagecontinuum.org/kaludib/waggle-aqt530:1.00,vaisala-aqt530,waggle-aqt530,microgram per cubic meter,W095,core,W095
2026-07-20 15:25:18.292697258+00:00,aqt.particle.pm2.5,0.4,5min,Particulate Matter less than 2.5 microns in diameter,000048b02dd3c6d5.ws-nxcore,waggle-aqt530-5511,-9999.9,000048b02dd3c6d5,registry.sagecontinuum.org/kaludib/waggle-aqt530:1.00,vaisala-aqt530,waggle-aqt530,microgram per cubic meter,W095,core,W095
2026-07-20 15:30:18.509203173+00:00,aqt.particle.pm2.5,0.4,5min,Particulate Matter less than 2.5 microns in diameter,000048b02dd3c6d5.ws-nxcore,waggle-aqt530-5511,-9999.9,000048b02dd3c6d5,registry.sagecontinuum.org/kaludib/waggle-aqt530:1.00,vaisala-aqt530,waggle-aqt530,microgram per cubic meter,W095,core,W095
2026-07-20 15:35:18.722461473+00:00,aqt.particle.pm2.5,0.3,5min,Particulate Matter less than 2.5 microns in diameter,000048b02dd3c6d5.ws-nxcore,waggle-aqt530-5511,-9999.9,000048b02dd3c6d5,registry.sagecontinuum.org/kaludib/waggle-aqt530:1.00,vaisala-aqt530,waggle-aqt530,microgram per cubic meter,W095,core,W095
2026-07-20 15:40:17.941876253+00:00,aqt.particle.pm2.5,0.3,5min,Particulate Matter less than 2.5 microns in diameter,000048b02dd3c6d5.ws-nxcore,waggle-aqt530-5511,-9999.9,000048b02dd3c6d5,registry.sagecontinuum.org/kaludib/waggle-aqt530:1.00,vaisala-aqt530,waggle-aqt530,microgram per cubic meter,W095,core,W095
2026-07-20 15:45:18.152233312+00:00,aqt.particle.pm2.5,0.8,5min,Particulate Matter less than 2.5 microns in diameter,000048b02dd3c6d5.ws-nxcore,waggle-aqt530-5511,-9999.9,000048b02dd3c6d5,registry.sagecontinuum.org/kaludib/waggle-aqt530:1.00,vaisala-aqt530,waggle-aqt530,microgram per cubic meter,W095,core,W095
2026-07-20 15:50:18.377722654+00:00,aqt.particle.pm2.5,18.6,5min,Particulate Matter less than 2.5 microns in diameter,000048b02dd3c6d5.ws-nxcore,waggle-aqt530-5511,-9999.9,000048b02dd3c6d5,registry.sagecontinuum.org/kaludib/waggle-aqt530:1.00,vaisala-aqt530,waggle-aqt530,microgram per cubic meter,W095,core,W095
2026-07-20 15:55:18.603636106+00:00,aqt.particle.pm2.5,13.3,5min,Particulate Matter less than 2.5 microns in diameter,000048b02dd3c6d5.ws-nxcore,waggle-aqt530-5511,-9999.9,000048b02dd3c6d5,registry.sagecontinuum.org/kaludib/waggle-aqt530:1.00,vaisala-aqt530,waggle-aqt530,microgram per cubic meter,W095,core,W095
2026-07-20 16:00:18.766400043+00:00,aqt.particle.pm2.5,12.0,5min,Particulate Matter less than 2.5 microns in diameter,000048b02dd3c6d5.ws-nxcore,waggle-aqt530-5511,-9999.9,000048b02dd3c6d5,registry.sagecontinuum.org/kaludib/waggle-aqt530:1.00,vaisala-aqt530,waggle-aqt530,microgram per cubic meter,W095,core,W095
2026-07-20 16:05:17.970315739+00:00,aqt.particle.pm2.5,6.2,5min,Particulate Matter less than 2.5 microns in diameter,000048b02dd3c6d5.ws-nxcore,waggle-aqt530-5511,-9999.9,000048b02dd3c6d5,registry.sagecontinuum.org/kaludib/waggle-aqt530:1.00,vaisala-aqt530,waggle-aqt530,microgram per cubic meter,W095,core,W095
2026-07-20 16:10:18.162298011+00:00,aqt.particle.pm2.5,2.4,5min,Particulate Matter less than 2.5 microns in diameter,000048b02dd3c6d5.ws-nxcore,waggle-aqt530-5511,-9999.9,000048b02dd3c6d5,registry.sagecontinuum.org/kaludib/waggle-aqt530:1.00,vaisala-aqt530,waggle-aqt530,microgram per cubic meter,W095,core,W095
2026-07-20 16:15:18.374715898+00:00,aqt.particle.pm2.5,0.6,5min,Particulate Matter less than 2.5 microns in diameter,000048b02dd3c6d5.ws-nxcore,waggle-aqt530-5511,-9999.9,000048b02dd3c6d5,registry.sagecontinuum.org/kaludib/waggle-aqt530:1.00,vaisala-aqt530,waggle-aqt530,microgram per cubic meter,W095,core,W095
2026-07-20 16:20:18.578520165+00:00,aqt.particle.pm2.5,0.4,5min,Particulate Matter less than 2.5 microns in diameter,000048b02dd3c6d5.ws-nxcore,waggle-aqt530-5511,-9999.9,000048b02dd3c6d5,registry.sagecontinuum.org/kaludib/waggle-aqt530:1.00,vaisala-aqt530,waggle-aqt530,microgram per cubic meter,W095,core,W095
2026-07-20 16:25:18.793821250+00:00,aqt.particle.pm2.5,0.2,5min,Particulate Matter less than 2.5 microns in diameter,000048b02dd3c6d5.ws-nxcore,waggle-aqt530-5511,-9999.9,000048b02dd3c6d5,registry.sagecontinuum.org/kaludib/waggle-aqt530:1.00,vaisala-aqt530,waggle-aqt530,microgram per cubic meter,W095,core,W095
2026-07-20 16:30:18.006635346+00:00,aqt.particle.pm2.5,0.3,5min,Particulate Matter less than 2.5 microns in diameter,000048b02dd3c6d5.ws-nxcore,waggle-aqt530-5511,-9999.9,000048b02dd3c6d5,registry.sagecontinuum.org/kaludib/waggle-aqt530:1.00,vaisala-aqt530,waggle-aqt530,microgram per cubic meter,W095,core,W095
2026-07-20 16:35:18.232705892+00:00,aqt.particle.pm2.5,0.3,5min,Particulate Matter less than 2.5 microns in diameter,000048b02dd3c6d5.ws-nxcore,waggle-aqt530-5511,-9999.9,000048b02dd3c6d5,registry.sagecontinuum.org/kaludib/waggle-aqt530:1.00,vaisala-aqt530,waggle-aqt530,microgram per cubic meter,W095,core,W095
2026-07-20 16:40:18.442029294+00:00,aqt.particle.pm2.5,0.6,5min,Particulate Matter less than 2.5 microns in diameter,000048b02dd3c6d5.ws-nxcore,waggle-aqt530-5511,-9999.9,000048b02dd3c6d5,registry.sagecontinuum.org/kaludib/waggle-aqt530:1.00,vaisala-aqt530,waggle-aqt530,microgram per cubic meter,W095,core,W095
2026-07-20 16:45:18.665319130+00:00,aqt.particle.pm2.5,0.4,5min,Particulate Matter less than 2.5 microns in diameter,000048b02dd3c6d5.ws-nxcore,waggle-aqt530-5511,-9999.9,000048b02dd3c6d5,registry.sagecontinuum.org/kaludib/waggle-aqt530:1.00,vaisala-aqt530,waggle-aqt530,microgram per cubic meter,W095,core,W095
2026-07-20 16:50:17.879256047+00:00,aqt.particle.pm2.5,0.3,5min,Particulate Matter less than 2.5 microns in diameter,000048b02dd3c6d5.ws-nxcore,waggle-aqt530-5511,-9999.9,000048b02dd3c6d5,registry.sagecontinuum.org/kaludib/waggle-aqt530:1.00,vaisala-aqt530,waggle-aqt530,microgram per cubic meter,W095,core,W095
2026-07-20 16:55:18.100422178+00:00,aqt.particle.pm2.5,0.4,5min,Particulate Matter less than 2.5 microns in diameter,000048b02dd3c6d5.ws-nxcore,waggle-aqt530-5511,-9999.9,000048b02dd3c6d5,registry.sagecontinuum.org/kaludib/waggle-aqt530:1.00,vaisala-aqt530,waggle-aqt530,microgram per cubic meter,W095,core,W095
2026-07-20 17:00:18.308035073+00:00,aqt.particle.pm2.5,0.4,5min,Particulate Matter less than 2.5 microns in diameter,000048b02dd3c6d5.ws-nxcore,waggle-aqt530-5511,-9999.9,000048b02dd3c6d5,registry.sagecontinuum.org/kaludib/waggle-aqt530:1.00,vaisala-aqt530,waggle-aqt530,microgram per cubic meter,W095,core,W095
2026-07-20 17:05:18.525108360+00:00,aqt.particle.pm2.5,0.3,5min,Particulate Matter less than 2.5 microns in diameter,000048b02dd3c6d5.ws-nxcore,waggle-aqt530-5511,-9999.9,000048b02dd3c6d5,registry.sagecontinuum.org/kaludib/waggle-aqt530:1.00,vaisala-aqt530,waggle-aqt530,microgram per cubic meter,W095,core,W095
2026-07-20 17:10:18.725069332+00:00,aqt.particle.pm2.5,0.3,5min,Particulate Matter less than 2.5 microns in diameter,000048b02dd3c6d5.ws-nxcore,waggle-aqt530-5511,-9999.9,000048b02dd3c6d5,registry.sagecontinuum.org/kaludib/waggle-aqt530:1.00,vaisala-aqt530,waggle-aqt530,microgram per cubic meter,W095,core,W095
2026-07-20 17:15:17.948741569+00:00,aqt.particle.pm2.5,0.2,5min,Particulate Matter less than 2.5 microns in diameter,000048b02dd3c6d5.ws-nxcore,waggle-aqt530-5511,-9999.9,000048b02dd3c6d5,registry.sagecontinuum.org/kaludib/waggle-aqt530:1.00,vaisala-aqt530,waggle-aqt530,microgram per cubic meter,W095,core,W095
2026-07-20 17:20:18.152735029+00:00,aqt.particle.pm2.5,0.4,5min,Particulate Matter less than 2.5 microns in diameter,000048b02dd3c6d5.ws-nxcore,waggle-aqt530-5511,-9999.9,000048b02dd3c6d5,registry.sagecontinuum.org/kaludib/waggle-aqt530:1.00,vaisala-aqt530,waggle-aqt530,microgram per cubic meter,W095,core,W095
2026-07-20 17:25:18.371248968+00:00,aqt.particle.pm2.5,6.3,5min,Particulate Matter less than 2.5 microns in diameter,000048b02dd3c6d5.ws-nxcore,waggle-aqt530-5511,-9999.9,000048b02dd3c6d5,registry.sagecontinuum.org/kaludib/waggle-aqt530:1.00,vaisala-aqt530,waggle-aqt530,microgram per cubic meter,W095,core,W095
2026-07-20 17:30:18.575977196+00:00,aqt.particle.pm2.5,2.9,5min,Particulate Matter less than 2.5 microns in diameter,000048b02dd3c6d5.ws-nxcore,waggle-aqt530-5511,-9999.9,000048b02dd3c6d5,registry.sagecontinuum.org/kaludib/waggle-aqt530:1.00,vaisala-aqt530,waggle-aqt530,microgram per cubic meter,W095,core,W095
2026-07-20 17:35:17.803091546+00:00,aqt.particle.pm2.5,2.6,5min,Particulate Matter less than 2.5 microns in diameter,000048b02dd3c6d5.ws-nxcore,waggle-aqt530-5511,-9999.9,000048b02dd3c6d5,registry.sagecontinuum.org/kaludib/waggle-aqt530:1.00,vaisala-aqt530,waggle-aqt530,microgram per cubic meter,W095,core,W095
2026-07-20 17:40:18.012786810+00:00,aqt.particle.pm2.5,4.2,5min,Particulate Matter less than 2.5 microns in diameter,000048b02dd3c6d5.ws-nxcore,waggle-aqt530-5511,-9999.9,000048b02dd3c6d5,registry.sagecontinuum.org/kaludib/waggle-aqt530:1.00,vaisala-aqt530,waggle-aqt530,microgram per cubic meter,W095,core,W095
2026-07-20 17:45:18.236638883+00:00,aqt.particle.pm2.5,5.6,5min,Particulate Matter less than 2.5 microns in diameter,000048b02dd3c6d5.ws-nxcore,waggle-aqt530-5511,-9999.9,000048b02dd3c6d5,registry.sagecontinuum.org/kaludib/waggle-aqt530:1.00,vaisala-aqt530,waggle-aqt530,microgram per cubic meter,W095,core,W095
2026-07-20 17:50:18.459552918+00:00,aqt.particle.pm2.5,4.7,5min,Particulate Matter less than 2.5 microns in diameter,000048b02dd3c6d5.ws-nxcore,waggle-aqt530-5511,-9999.9,000048b02dd3c6d5,registry.sagecontinuum.org/kaludib/waggle-aqt530:1.00,vaisala-aqt530,waggle-aqt530,microgram per cubic meter,W095,core,W095
2026-07-20 17:55:18.667396107+00:00,aqt.particle.pm2.5,12.1,5min,Particulate Matter less than 2.5 microns in diameter,000048b02dd3c6d5.ws-nxcore,waggle-aqt530-5511,-9999.9,000048b02dd3c6d5,registry.sagecontinuum.org/kaludib/waggle-aqt530:1.00,vaisala-aqt530,waggle-aqt530,microgram per cubic meter,W095,core,W095
2026-07-20 18:00:17.883530424+00:00,aqt.particle.pm2.5,13.3,5min,Particulate Matter less than 2.5 microns in diameter,000048b02dd3c6d5.ws-nxcore,waggle-aqt530-5511,-9999.9,000048b02dd3c6d5,registry.sagecontinuum.org/kaludib/waggle-aqt530:1.00,vaisala-aqt530,waggle-aqt530,microgram per cubic meter,W095,core,W095
2026-07-20 18:05:18.102612163+00:00,aqt.particle.pm2.5,10.8,5min,Particulate Matter less than 2.5 microns in diameter,000048b02dd3c6d5.ws-nxcore,waggle-aqt530-5511,-9999.9,000048b02dd3c6d5,registry.sagecontinuum.org/kaludib/waggle-aqt530:1.00,vaisala-aqt530,waggle-aqt530,microgram per cubic meter,W095,core,W095
2026-07-20 18:10:18.308681136+00:00,aqt.particle.pm2.5,6.6,5min,Particulate Matter less than 2.5 microns in diameter,000048b02dd3c6d5.ws-nxcore,waggle-aqt530-5511,-9999.9,000048b02dd3c6d5,registry.sagecontinuum.org/kaludib/waggle-aqt530:1.00,vaisala-aqt530,waggle-aqt530,microgram per cubic meter,W095,core,W095
2026-07-20 18:15:18.525436157+00:00,aqt.particle.pm2.5,6.1,5min,Particulate Matter less than 2.5 microns in diameter,000048b02dd3c6d5.ws-nxcore,waggle-aqt530-5511,-9999.9,000048b02dd3c6d5,registry.sagecontinuum.org/kaludib/waggle-aqt530:1.00,vaisala-aqt530,waggle-aqt530,microgram per cubic meter,W095,core,W095
2026-07-20 18:20:18.742763803+00:00,aqt.particle.pm2.5,1.4,5min,Particulate Matter less than 2.5 microns in diameter,000048b02dd3c6d5.ws-nxcore,waggle-aqt530-5511,-9999.9,000048b02dd3c6d5,registry.sagecontinuum.org/kaludib/waggle-aqt530:1.00,vaisala-aqt530,waggle-aqt530,microgram per cubic meter,W095,core,W095
2026-07-20 18:25:17.954370942+00:00,aqt.particle.pm2.5,0.5,5min,Particulate Matter less than 2.5 microns in diameter,000048b02dd3c6d5.ws-nxcore,waggle-aqt530-5511,-9999.9,000048b02dd3c6d5,registry.sagecontinuum.org/kaludib/waggle-aqt530:1.00,vaisala-aqt530,waggle-aqt530,microgram per cubic meter,W095,core,W095
2026-07-20 18:30:18.180856040+00:00,aqt.particle.pm2.5,0.4,5min,Particulate Matter less than 2.5 microns in diameter,000048b02dd3c6d5.ws-nxcore,waggle-aqt530-5511,-9999.9,000048b02dd3c6d5,registry.sagecontinuum.org/kaludib/waggle-aqt530:1.00,vaisala-aqt530,waggle-aqt530,microgram per cubic meter,W095,core,W095
2026-07-20 18:35:18.377170710+00:00,aqt.particle.pm2.5,2.5,5min,Particulate Matter less than 2.5 microns in diameter,000048b02dd3c6d5.ws-nxcore,waggle-aqt530-5511,-9999.9,000048b02dd3c6d5,registry.sagecontinuum.org/kaludib/waggle-aqt530:1.00,vaisala-aqt530,waggle-aqt530,microgram per cubic meter,W095,core,W095
2026-07-20 18:40:18.596788256+00:00,aqt.particle.pm2.5,4.5,5min,Particulate Matter less than 2.5 microns in diameter,000048b02dd3c6d5.ws-nxcore,waggle-aqt530-5511,-9999.9,000048b02dd3c6d5,registry.sagecontinuum.org/kaludib/waggle-aqt530:1.00,vaisala-aqt530,waggle-aqt530,microgram per cubic meter,W095,core,W095
2026-07-20 18:45:17.808989912+00:00,aqt.particle.pm2.5,0.6,5min,Particulate Matter less than 2.5 microns in diameter,000048b02dd3c6d5.ws-nxcore,waggle-aqt530-5511,-9999.9,000048b02dd3c6d5,registry.sagecontinuum.org/kaludib/waggle-aqt530:1.00,vaisala-aqt530,waggle-aqt530,microgram per cubic meter,W095,core,W095
2026-07-20 18:50:18.039240526+00:00,aqt.particle.pm2.5,0.6,5min,Particulate Matter less than 2.5 microns in diameter,000048b02dd3c6d5.ws-nxcore,waggle-aqt530-5511,-9999.9,000048b02dd3c6d5,registry.sagecontinuum.org/kaludib/waggle-aqt530:1.00,vaisala-aqt530,waggle-aqt530,microgram per cubic meter,W095,core,W095
2026-07-20 18:55:18.277999977+00:00,aqt.particle.pm2.5,1.0,5min,Particulate Matter less than 2.5 microns in diameter,000048b02dd3c6d5.ws-nxcore,waggle-aqt530-5511,-9999.9,000048b02dd3c6d5,registry.sagecontinuum.org/kaludib/waggle-aqt530:1.00,vaisala-aqt530,waggle-aqt530,microgram per cubic meter,W095,core,W095
2026-07-20 19:00:18.510571401+00:00,aqt.particle.pm2.5,1.5,5min,Particulate Matter less than 2.5 microns in diameter,000048b02dd3c6d5.ws-nxcore,waggle-aqt530-5511,-9999.9,000048b02dd3c6d5,registry.sagecontinuum.org/kaludib/waggle-aqt530:1.00,vaisala-aqt530,waggle-aqt530,microgram per cubic meter,W095,core,W095
2026-07-20 19:05:18.725482302+00:00,aqt.particle.pm2.5,1.9,5min,Particulate Matter less than 2.5 microns in diameter,000048b02dd3c6d5.ws-nxcore,waggle-aqt530-5511,-9999.9,000048b02dd3c6d5,registry.sagecontinuum.org/kaludib/waggle-aqt530:1.00,vaisala-aqt530,waggle-aqt530,microgram per cubic meter,W095,core,W095
2026-07-20 19:10:17.948087102+00:00,aqt.particle.pm2.5,0.6,5min,Particulate Matter less than 2.5 microns in diameter,000048b02dd3c6d5.ws-nxcore,waggle-aqt530-5511,-9999.9,000048b02dd3c6d5,registry.sagecontinuum.org/kaludib/waggle-aqt530:1.00,vaisala-aqt530,waggle-aqt530,microgram per cubic meter,W095,core,W095
2026-07-20 19:15:18.173320365+00:00,aqt.particle.pm2.5,0.2,5min,Particulate Matter less than 2.5 microns in diameter,000048b02dd3c6d5.ws-nxcore,waggle-aqt530-5511,-9999.9,000048b02dd3c6d5,registry.sagecontinuum.org/kaludib/waggle-aqt530:1.00,vaisala-aqt530,waggle-aqt530,microgram per cubic meter,W095,core,W095
2026-07-20 19:20:18.395685443+00:00,aqt.particle.pm2.5,2.4,5min,Particulate Matter less than 2.5 microns in diameter,000048b02dd3c6d5.ws-nxcore,waggle-aqt530-5511,-9999.9,000048b02dd3c6d5,registry.sagecontinuum.org/kaludib/waggle-aqt530:1.00,vaisala-aqt530,waggle-aqt530,microgram per cubic meter,W095,core,W095
2026-07-20 19:25:18.567854116+00:00,aqt.particle.pm2.5,3.0,5min,Particulate Matter less than 2.5 microns in diameter,000048b02dd3c6d5.ws-nxcore,waggle-aqt530-5511,-9999.9,000048b02dd3c6d5,registry.sagecontinuum.org/kaludib/waggle-aqt530:1.00,vaisala-aqt530,waggle-aqt530,microgram per cubic meter,W095,core,W095
2026-07-20 19:30:17.775728869+00:00,aqt.particle.pm2.5,4.2,5min,Particulate Matter less than 2.5 microns in diameter,000048b02dd3c6d5.ws-nxcore,waggle-aqt530-5511,-9999.9,000048b02dd3c6d5,registry.sagecontinuum.org/kaludib/waggle-aqt530:1.00,vaisala-aqt530,waggle-aqt530,microgram per cubic meter,W095,core,W095
2026-07-20 19:35:17.970806855+00:00,aqt.particle.pm2.5,2.0,5min,Particulate Matter less than 2.5 microns in diameter,000048b02dd3c6d5.ws-nxcore,waggle-aqt530-5511,-9999.9,000048b02dd3c6d5,registry.sagecontinuum.org/kaludib/waggle-aqt530:1.00,vaisala-aqt530,waggle-aqt530,microgram per cubic meter,W095,core,W095
2026-07-20 19:40:18.185117481+00:00,aqt.particle.pm2.5,3.5,5min,Particulate Matter less than 2.5 microns in diameter,000048b02dd3c6d5.ws-nxcore,waggle-aqt530-5511,-9999.9,000048b02dd3c6d5,registry.sagecontinuum.org/kaludib/waggle-aqt530:1.00,vaisala-aqt530,waggle-aqt530,microgram per cubic meter,W095,core,W095
2026-07-20 19:45:18.387751264+00:00,aqt.particle.pm2.5,1.5,5min,Particulate Matter less than 2.5 microns in diameter,000048b02dd3c6d5.ws-nxcore,waggle-aqt530-5511,-9999.9,000048b02dd3c6d5,registry.sagecontinuum.org/kaludib/waggle-aqt530:1.00,vaisala-aqt530,waggle-aqt530,microgram per cubic meter,W095,core,W095
2026-07-20 19:50:18.605815339+00:00,aqt.particle.pm2.5,4.0,5min,Particulate Matter less than 2.5 microns in diameter,000048b02dd3c6d5.ws-nxcore,waggle-aqt530-5511,-9999.9,000048b02dd3c6d5,registry.sagecontinuum.org/kaludib/waggle-aqt530:1.00,vaisala-aqt530,waggle-aqt530,microgram per cubic meter,W095,core,W095
2026-07-20 19:55:17.818891114+00:00,aqt.particle.pm2.5,0.6,5min,Particulate Matter less than 2.5 microns in diameter,000048b02dd3c6d5.ws-nxcore,waggle-aqt530-5511,-9999.9,000048b02dd3c6d5,registry.sagecontinuum.org/kaludib/waggle-aqt530:1.00,vaisala-aqt530,waggle-aqt530,microgram per cubic meter,W095,core,W095
2026-07-20 20:00:18.043875777+00:00,aqt.particle.pm2.5,0.3,5min,Particulate Matter less than 2.5 microns in diameter,000048b02dd3c6d5.ws-nxcore,waggle-aqt530-5511,-9999.9,000048b02dd3c6d5,registry.sagecontinuum.org/kaludib/waggle-aqt530:1.00,vaisala-aqt530,waggle-aqt530,microgram per cubic meter,W095,core,W095
2026-07-20 20:05:18.253433877+00:00,aqt.particle.pm2.5,9.4,5min,Particulate Matter less than 2.5 microns in diameter,000048b02dd3c6d5.ws-nxcore,waggle-aqt530-5511,-9999.9,000048b02dd3c6d5,registry.sagecontinuum.org/kaludib/waggle-aqt530:1.00,vaisala-aqt530,waggle-aqt530,microgram per cubic meter,W095,core,W095
2026-07-20 20:10:18.474558129+00:00,aqt.particle.pm2.5,8.3,5min,Particulate Matter less than 2.5 microns in diameter,000048b02dd3c6d5.ws-nxcore,waggle-aqt530-5511,-9999.9,000048b02dd3c6d5,registry.sagecontinuum.org/kaludib/waggle-aqt530:1.00,vaisala-aqt530,waggle-aqt530,microgram per cubic meter,W095,core,W095
2026-07-20 20:15:17.690152942+00:00,aqt.particle.pm2.5,5.1,5min,Particulate Matter less than 2.5 microns in diameter,000048b02dd3c6d5.ws-nxcore,waggle-aqt530-5511,-9999.9,000048b02dd3c6d5,registry.sagecontinuum.org/kaludib/waggle-aqt530:1.00,vaisala-aqt530,waggle-aqt530,microgram per cubic meter,W095,core,W095
2026-07-20 20:20:17.910234600+00:00,aqt.particle.pm2.5,5.0,5min,Particulate Matter less than 2.5 microns in diameter,000048b02dd3c6d5.ws-nxcore,waggle-aqt530-5511,-9999.9,000048b02dd3c6d5,registry.sagecontinuum.org/kaludib/waggle-aqt530:1.00,vaisala-aqt530,waggle-aqt530,microgram per cubic meter,W095,core,W095
2026-07-20 20:25:18.117898216+00:00,aqt.particle.pm2.5,5.6,5min,Particulate Matter less than 2.5 microns in diameter,000048b02dd3c6d5.ws-nxcore,waggle-aqt530-5511,-9999.9,000048b02dd3c6d5,registry.sagecontinuum.org/kaludib/waggle-aqt530:1.00,vaisala-aqt530,waggle-aqt530,microgram per cubic meter,W095,core,W095
2026-07-20 20:30:18.333344619+00:00,aqt.particle.pm2.5,6.4,5min,Particulate Matter less than 2.5 microns in diameter,000048b02dd3c6d5.ws-nxcore,waggle-aqt530-5511,-9999.9,000048b02dd3c6d5,registry.sagecontinuum.org/kaludib/waggle-aqt530:1.00,vaisala-aqt530,waggle-aqt530,microgram per cubic meter,W095,core,W095
2026-07-20 20:35:18.545488365+00:00,aqt.particle.pm2.5,8.9,5min,Particulate Matter less than 2.5 microns in diameter,000048b02dd3c6d5.ws-nxcore,waggle-aqt530-5511,-9999.9,000048b02dd3c6d5,registry.sagecontinuum.org/kaludib/waggle-aqt530:1.00,vaisala-aqt530,waggle-aqt530,microgram per cubic meter,W095,core,W095
2026-07-20 20:40:17.753829069+00:00,aqt.particle.pm2.5,17.6,5min,Particulate Matter less than 2.5 microns in diameter,000048b02dd3c6d5.ws-nxcore,waggle-aqt530-5511,-9999.9,000048b02dd3c6d5,registry.sagecontinuum.org/kaludib/waggle-aqt530:1.00,vaisala-aqt530,waggle-aqt530,microgram per cubic meter,W095,core,W095
2026-07-20 20:45:17.957173056+00:00,aqt.particle.pm2.5,7.0,5min,Particulate Matter less than 2.5 microns in diameter,000048b02dd3c6d5.ws-nxcore,waggle-aqt530-5511,-9999.9,000048b02dd3c6d5,registry.sagecontinuum.org/kaludib/waggle-aqt530:1.00,vaisala-aqt530,waggle-aqt530,microgram per cubic meter,W095,core,W095
2026-07-20 20:50:18.174743162+00:00,aqt.particle.pm2.5,7.9,5min,Particulate Matter less than 2.5 microns in diameter,000048b02dd3c6d5.ws-nxcore,waggle-aqt530-5511,-9999.9,000048b02dd3c6d5,registry.sagecontinuum.org/kaludib/waggle-aqt530:1.00,vaisala-aqt530,waggle-aqt530,microgram per cubic meter,W095,core,W095
2026-07-20 20:55:18.394154614+00:00,aqt.particle.pm2.5,10.5,5min,Particulate Matter less than 2.5 microns in diameter,000048b02dd3c6d5.ws-nxcore,waggle-aqt530-5511,-9999.9,000048b02dd3c6d5,registry.sagecontinuum.org/kaludib/waggle-aqt530:1.00,vaisala-aqt530,waggle-aqt530,microgram per cubic meter,W095,core,W095
2026-07-20 21:00:18.598089031+00:00,aqt.particle.pm2.5,6.0,5min,Particulate Matter less than 2.5 microns in diameter,000048b02dd3c6d5.ws-nxcore,waggle-aqt530-5511,-9999.9,000048b02dd3c6d5,registry.sagecontinuum.org/kaludib/waggle-aqt530:1.00,vaisala-aqt530,waggle-aqt530,microgram per cubic meter,W095,core,W095
2026-07-20 21:05:17.836745422+00:00,aqt.particle.pm2.5,10.5,5min,Particulate Matter less than 2.5 microns in diameter,000048b02dd3c6d5.ws-nxcore,waggle-aqt530-5511,-9999.9,000048b02dd3c6d5,registry.sagecontinuum.org/kaludib/waggle-aqt530:1.00,vaisala-aqt530,waggle-aqt530,microgram per cubic meter,W095,core,W095
2026-07-20 21:10:18.088785872+00:00,aqt.particle.pm2.5,8.6,5min,Particulate Matter less than 2.5 microns in diameter,000048b02dd3c6d5.ws-nxcore,waggle-aqt530-5511,-9999.9,000048b02dd3c6d5,registry.sagecontinuum.org/kaludib/waggle-aqt530:1.00,vaisala-aqt530,waggle-aqt530,microgram per cubic meter,W095,core,W095
2026-07-20 21:15:18.315654731+00:00,aqt.particle.pm2.5,7.8,5min,Particulate Matter less than 2.5 microns in diameter,000048b02dd3c6d5.ws-nxcore,waggle-aqt530-5511,-9999.9,000048b02dd3c6d5,registry.sagecontinuum.org/kaludib/waggle-aqt530:1.00,vaisala-aqt530,waggle-aqt530,microgram per cubic meter,W095,core,W095
2026-07-20 21:20:18.551083002+00:00,aqt.particle.pm2.5,9.2,5min,Particulate Matter less than 2.5 microns in diameter,000048b02dd3c6d5.ws-nxcore,waggle-aqt530-5511,-9999.9,000048b02dd3c6d5,registry.sagecontinuum.org/kaludib/waggle-aqt530:1.00,vaisala-aqt530,waggle-aqt530,microgram per cubic meter,W095,core,W095
2026-07-20 21:25:17.808402650+00:00,aqt.particle.pm2.5,6.6,5min,Particulate Matter less than 2.5 microns in diameter,000048b02dd3c6d5.ws-nxcore,waggle-aqt530-5511,-9999.9,000048b02dd3c6d5,registry.sagecontinuum.org/kaludib/waggle-aqt530:1.00,vaisala-aqt530,waggle-aqt530,microgram per cubic meter,W095,core,W095
2026-07-20 21:30:18.008876502+00:00,aqt.particle.pm2.5,7.8,5min,Particulate Matter less than 2.5 microns in diameter,000048b02dd3c6d5.ws-nxcore,waggle-aqt530-5511,-9999.9,000048b02dd3c6d5,registry.sagecontinuum.org/kaludib/waggle-aqt530:1.00,vaisala-aqt530,waggle-aqt530,microgram per cubic meter,W095,core,W095
2026-07-20 21:35:18.235425863+00:00,aqt.particle.pm2.5,1.8,5min,Particulate Matter less than 2.5 microns in diameter,000048b02dd3c6d5.ws-nxcore,waggle-aqt530-5511,-9999.9,000048b02dd3c6d5,registry.sagecontinuum.org/kaludib/waggle-aqt530:1.00,vaisala-aqt530,waggle-aqt530,microgram per cubic meter,W095,core,W095
2026-07-20 21:40:18.427623856+00:00,aqt.particle.pm2.5,1.3,5min,Particulate Matter less than 2.5 microns in diameter,000048b02dd3c6d5.ws-nxcore,waggle-aqt530-5511,-9999.9,000048b02dd3c6d5,registry.sagecontinuum.org/kaludib/waggle-aqt530:1.00,vaisala-aqt530,waggle-aqt530,microgram per cubic meter,W095,core,W095
2026-07-20 21:45:18.637255671+00:00,aqt.particle.pm2.5,3.1,5min,Particulate Matter less than 2.5 microns in diameter,000048b02dd3c6d5.ws-nxcore,waggle-aqt530-5511,-9999.9,000048b02dd3c6d5,registry.sagecontinuum.org/kaludib/waggle-aqt530:1.00,vaisala-aqt530,waggle-aqt530,microgram per cubic meter,W095,core,W095
2026-07-20 21:50:17.845547951+00:00,aqt.particle.pm2.5,1.6,5min,Particulate Matter less than 2.5 microns in diameter,000048b02dd3c6d5.ws-nxcore,waggle-aqt530-5511,-9999.9,000048b02dd3c6d5,registry.sagecontinuum.org/kaludib/waggle-aqt530:1.00,vaisala-aqt530,waggle-aqt530,microgram per cubic meter,W095,core,W095
2026-07-20 21:55:18.050730095+00:00,aqt.particle.pm2.5,5.0,5min,Particulate Matter less than 2.5 microns in diameter,000048b02dd3c6d5.ws-nxcore,waggle-aqt530-5511,-9999.9,000048b02dd3c6d5,registry.sagecontinuum.org/kaludib/waggle-aqt530:1.00,vaisala-aqt530,waggle-aqt530,microgram per cubic meter,W095,core,W095
